video_id,channel_id,channel_title,title,description,published_at,duration,view_count,like_count,fave_count,comment_count
i5FtvujzxTs,UCER4rvDnRBPr_ncYW4UCZjg,tvOneNews ,PERCAKAPAN TERAKHIR SAMBO DAN ISTRI SEBELUM BUNUH YOSHUA #Shorts #tvOne #Sambo #BrigadirJ,"Jakarta, https://www.tvOnenews.com - PERCAKAPAN TERAKHIR SAMBO DAN ISTRI SEBELUM BUNUH YOSHUA #Shorts #tvOne #Sambo #BrigadirJ



Saksikan live streaming tvOne hanya di https://www.tvonenews.com/live",2022-08-14T16:06:20Z,PT1M,13703148,177989,0,4586
vW_W8HBKi2Q,UC5BMIWZe9isJXLZZWPWvBlg,KOMPASTV,"Sempat Acungkan Jempol, Ini Ekspresi Ferdy Sambo Usai Dipecat dari Polri di Sidang Etik","JAKARTA, KOMPAS.TV  Inilah ekspresi dari Irjen Ferdy Sambo usai menjalani sidang etik Polri selama hampir 17 jam pada 26 Agustus 2022 dini hari.

Sidang etik Ferdy Sambo ini dilangsungkan atas dugaan pelanggaran kasus pembunuhan berencana Brigadir J.

Irjen Ferdy Sambo memilih bungkam saat keluar dari ruangan sidang di gedung TNCC Polri pada Jumat, 26 Agustus 2022 dini hari.

Saat keluar, Ferdy Sambo dikawal ketat oleh sejumlah personel Brimob bersenjata lengkap serta dikawal oleh personel Propam Polri.

Baca Juga Ini Reaksi Irjen Ferdy Sambo Setelah Resmi Dipecat dari Polri karena Kasus Pembunuhan Brigadir J di https://www.kompas.tv/article/322543/ini-reaksi-irjen-ferdy-sambo-setelah-resmi-dipecat-dari-polri-karena-kasus-pembunuhan-brigadir-j

Sambo langsung dibawa masuk ke dalam kendaraan taktis Korps Brimob dan dibawa ke tempat khusus Mako Brimob Kelapa Dua Polri.

Dalam sidang etik ini, Polri memutuskan untuk memecat Sambo secara tidak hormat sebagai anggota Polri.

Video Editor: Vila Randita

Artikel ini bisa dilihat di :  https://www.kompas.tv/article/322547/sempat-acungkan-jempol-ini-ekspresi-ferdy-sambo-usai-dipecat-dari-polri-di-sidang-etik",2022-08-26T00:37:13Z,PT1M47S,8582676,30192,0,12883
gjb9CcK-EKU,UCnOf30K0d0e8M7mc4FUzR0A,Narasi Newsroom,Pengakuan Ferdy Sambo Habisi Brigadir Yosua | Buka Mata,"Kabar terbaru perkembangan dugaan pembunuhan Brigadir Nofriansyah Yosua Hutabarat menemui titik terang. Meski lambat, tapi sebulan setelah peristiwa itu, Polri akhirnya menetapkan eks Kepala Divisi Propam Mabes Polri, Irjen Ferdy Sambo sebagai tersangka. Ia diduga terlibat dalam pembunuhan Yosua. 

Tapi yang jadi pertanyaan, apakah benar Ferdy Sambo hanya mengotaki pembunuhan itu? Apakah dia tak ikut menghabisi Brigadir Yosua?. 

Narasi menemui Ketua Komnas HAM, Ahmad Taufan Damanik. Kepada kami, ia berbicara terbuka terkait perkembangan kasus pembunuhan yang membetot perhatian publik ini. Taufan bilang, Ferdy Sambo tidak hanya menjadi aktor intelektual pembunuhan Brigadir Yosua. Ia juga ikut menembak sang ajudan hingga tewas dengan lima tembakan. 

Semua keterangan itu ia dapat dari hasil pemeriksaan kedua Bharada Richard Eliezer Pudihang Lumiu atau disebut Bharada E. Kepada Taufan, ia memberi keterangan baru yakni peristiwa sebenarnya terjadi di rumah dinas Ferdy Sambo yang menewaskan Brigadir Yosua. 

#FerdySambo #Polisi #BUkaMata #JadiPaham #Narasi 

(Narasi)

Jangan lupa subscribe,  tinggalkan komentar dan share video ini.

Tonton konten video-video lainnya di https://www.narasi.tv

Follow:
https://www.instagram.com/narasi.tv
https://www.facebook.com/narasi.tv
https://twitter.com/narasitv

Konten video dan YouTube Channel ini adalah bagian dari Narasi.",2022-08-18T12:00:33Z,PT14M29S,8004872,59843,0,11352
btyBE-nvnhE,UCdygRiDGTM9kjc-7hrrB-7Q,Harian Surya,"Percakapan Ferdy Sambo dan Istri sebelum Habisi Brigadir J,  Diduga Turut Pengaruhi Pembunuhan","VP: Rendra Kurniawan

Jakarta, Surya.co.id

Komnas HAM menemukan adanya komunikasi antara Irjen Ferdy Sambo dengan istrinya yang diduga turut mempengaruhi kejadian penembakan.

Hal tersebut disampaikan Komisioner Komnas HAM Choirul Anam usai memeriksa Irjen Ferdy Sambo di Mako Brimob.

Percakapan itu disebut sangat mempengaruhi pembunuhan Brigadir J .

Namun, Anam tidak menjelaskan isi percakapan itu.

Temuan ini akan direkomendasikan kepada penyidik.

Anam juga melakukan konfirmasi terkait ancaman yang diterima Brigadir J sebelum dibunuh.

Seluruh keterangan Sambo ini akan menjadi catatan penting apakah ada proses pelanggaran HAM.

Dalam pemeriksaan tersebut, Sambo mengakui jadi aktor utama kasus pembunuhan Brigadir J dan baku tembak hanya sebuah rekayasa.

Usai mengaku, Ferdy Sambo meminta  maaf kepada Komnas HAM dan masyarakat Indonesia.

WEBSITE: 
http://surabaya.tribunnews.com/ 

Instagram:
http://instagram.com/suryaonline

Facebook:
https://www.facebook.com/SURYAonline/

#hariansurya
#suryaonline",2022-08-13T08:16:37Z,PT55S,6521661,57636,0,2871
yNLBtVldCQQ,UC5BMIWZe9isJXLZZWPWvBlg,KOMPASTV,"Hakim Tertawa, Dengar Kesaksian Kuat Sama dengan Ricky Soal Sambo Tidak Tembak Yosua","JAKARTA, KOMPAS.TV  Kuat Maruf secara lancar menceritakan kronologi penembakan pada tanggal 8 Juli 2022.

Pada persidangan PN Jaksel, Senin (5/12/2022), Kuat mengatakan setelah tembak tembok Ferdy Sambo keluar.

""Saya pikir saya juga mau ditembak. Bapak maju ke depan tembak-tembak tembok. Setelah itu bapak keluar. Romer masuk,""cerita Kuat pada hakim.

""Bentar. Sebelum tembak tembok kapan dia tembak Yosua?""tanya hakim pada Kuat.

Baca Juga Begini Respons Ricky Rizal Saat Skenario Tembak-Menembak di Duren Tiga Dibongkar Eliezer di https://www.kompas.tv/article/355307/begini-respons-ricky-rizal-saat-skenario-tembak-menembak-di-duren-tiga-dibongkar-eliezer

""Saya tidak lihat bapak tembak Yosua. Begini yang mulia. Posisi Yosua jatuh saya Cuma lihat kakinya,""kata Kuat.

""Tadi sudah dipraktikkan sama saudara Richard. Beridirnya RE (Richard Eliezer) sama RR (Ricky Rizal) enggak jauh, tapi karena kalian buta, dan tuli, jadi saudara enggak denger dan enggak lihat, kan gitu yang saudara sampaikan,"" singgung Hakim.

Video Editor: Firmansyah

Artikel ini bisa dilihat di :  https://www.kompas.tv/article/355433/hakim-tertawa-dengar-kesaksian-kuat-sama-dengan-ricky-soal-sambo-tidak-tembak-yosua",2022-12-06T02:19:08Z,PT11M1S,6517402,38163,0,10325
jCcVZ8cBnLw,UCdOovgmIPfj9a-o3VP5i2_g,MerdekaDotCom,POTRET KEBERSAMAAN BRIGADIR J DENGAN IRJEN FERDY SAMBO,"Pernah foto bareng keluarga, ternyata Brigadir J dan Irjen Ferdy Sambo sudah sedekat itu!
Wah menurut kalian gimana niih?

#merdekadotcom #short #polisitembakpolisi #kasuspenembakan #irjenferdysambo",2022-07-22T11:41:19Z,PT43S,6424512,40538,0,1692
hLJjg3OdjQg,UCB1fvlA5xmLJ0tZblpoTuaQ,VIVA.CO.ID,Ferdy Sambo Sebut Pemimpin Harus Kuat! #vivacoid #ferdysambo #sambo,"VIVA - Irjen Ferdy Sambo menceritakan saat ia memimpin Satgasus Polri. Simak video selengkapnya di sini https://youtu.be/3PDZS9OgrHE

Baca berita terbaru, terkini dan terpopuler disini https://www.viva.co.id/",2022-08-12T12:00:35Z,PT58S,6459909,61829,0,14231
7E9Ty5MoOME,UCu9g2ID__kol_6aqQJTn9kg,Tribun Pontianak,⚪ Sosok Bripka Matius Marey Ajudan Irjen Ferdy Sambo yang Brewokan dan Tangannya Bertato,"Salah seorang ajudan menjadi sorotan saat Irjen Ferdy Sambo diperiksa di Bareskrim Polri.

Saat Ferdy Sambo tiba di gedung Bareskrim Polri, Jalan Trunojoyo, Kebayoran Baru, Jakarta Selatan, Ferdy mendapat pengawalan ketat dari belasan orang.

Di antara pengawal itu, ada satu orang yang tampaknya akrab dengan Ferdy Sambo. 

Dia berpakaian warna gelap dan memberi gestur meminta jalan buat Ferdy.

Saat itulah angan kirinya terbuka, terlihat tato.

Dua buah tato sangar tampak di tangan kiri ajudan brewok Irjen Ferdy Sambo saat mendampingi di Bareskrim Polri, Kamis 4 Agustus 2022.

Dari foto hasil jepretan fotografer Tribunnews.com, tampak ajudan brewok Irjen Ferdy Sambo sedang menghalau sejumlah orang yang ada di depannya menggunakan tangan kiri.

Ajudan brewok itu potongan rabut plontis di sebelah kiri dan kanan dan mengenakan stelan kemeja hitam.

Dua tato sangar itu terlihat bergambar besar dari punggung telapak tangan hingga lengannya.

Gambar tato di punggung telapak tangan itu seperti wajah singa hingga ke atas pergelangan tangan.

Sedangkan gambar tato satunya berada di lengan, namun tidak begitu jelas. Tatonya mirip wajah burung.

Sebelumnya, ajudan brewok Irjen Ferdy Sambo sempat viral setelah fotonya bersama Ferdy Sambo dan sejumlah ajudan lainnya tersebar di media sosial.

Pemampilan  tato dan berewokan sehingga berbeda dibanding dengan ajudan Sambo yang lainnya.

Sosok itu adalah Bripka Matius Marey  merupakan satu dari sekian banyak ajudan Sambo, selain Brigadir J dan Bharada E.

Dia diketahui merupakan putra asli Papua.

Sejumlah foto Bripka Matius bersama Sambo dan ajudan lainnya, termasuk Brigadir J dan Bharada E, telah beredar.

Ada juga foto yang memperlihatkan Bripka Matius berfoto di depan mobil dinas yang diperkirakan milik Irjen Sambo.

Bripka Matius juga diperkirakan telah berkeluarga.

Bripka Matius rajin membagikan foto keluarganya.

Dia sudah memiliki seorang istri yang berasal dari Ambon, Maluku.

Dari pernikahannya, ia memiliki  4 anak, yang masih kecil-kecil. 

Matius senang mengunggah kegiatan sehari-harinya sebagai ajudan sekaligus pengawal Irjen Ferdy Sambo.

Bagaimana aturan personil polisi bertatoo?

Sebenarnya ada aturan polisi mengenai tato.

Dilansir dari laman penerimaan polri.go.id. ada persyaratan khusus bahwa polisi tidak boleh bertato dan ditindik,Sabtu(5/8/2022).

Jaman orde baru, Diketahui kalau pada orden baru Presiden Soeharto melarang penggunaan tato.

Saat itu diadakan operasi petrus pada preman apalagi bertato.

Korban penembakan adalah bertato sehingga stigma masyrakat tentang tato jelak.

Setelah Presiden Soeharto lengser baru memperbolehkan tato untuk masyarakat.

Dalam penerimaan TNI juga melarang pengunaan tato.

tercantum dalam Peraturan Panglima Nomor 161 Tahun 2011 tentang Petunjuk Administrasi Pembinaan Personel PNS TNI.

Kumpulan video menarik, unik, viral, hiburan, dunia selebriti, gaya hidup, sport dan peristiwa terkini untuk Anda.

Simak berita selengkapnya di http://pontianak.tribunnews.com/
Simak Video Viral lainnya https://pontianak.tribunnews.com/topic/berita-video

#ferdysambo #irjenferdysambo #bripkamatius 


Follow us:

Instagram: https://www.instagram.com/tribunpontianak/
Facebook: https://www.facebook.com/TribunPontianakInteraktif/
Twitter: https://twitter.com/tribunpontianak
TikTok: tiktok.com/@tribunpontianak
Video Editor :  @gabrielalvando175 

Terima Kasih Telah Subscribe, Like, dan comment konten-konten menarik dari Kami.",2022-08-07T05:38:47Z,PT52S,5560790,41777,0,3256
uy7Od8NtR1A,UCdygRiDGTM9kjc-7hrrB-7Q,Harian Surya,"Nasib Istri Ferdy Sambo usai Bohong soal Pelecehan oleh Brigadir J, Terancam Dipidana","VP: Rendra Kurniawan

Jakarta, Surya.co.id

Istri Ferdy Sambo, Putri Candrawathi terbukti membuat laporan palsu soal pelecehan seksual yang dilakukan Brigadir J.

Laporan itu kini telah dihentikan oleh Bareskrim Polri.

Kabareskrim Polri, Komjen Pol Agus Andrianto mengatakan, Putri bisa dijerat pidana. ia menyerahkan status hukum Putri Candrawathi kepada timsus.

Laporan itu terbukti palsu setelah semua saksi melihat Brigadir J tak masuk ke rumah saat mengantar Putri ke rumah dinas.

Begitupun dengan tudingan todongan pistol yang dibuat oleh Putri.

Brigadir J baru masuk ke dalam rumah setelah Irjen Ferdy Sambo tiba di rumah dinas lalu memberikan perintah Brigadir J masuk ke dalam rumah yang kemudian dieksekusi.

Sumber: Tribunnews.com

WEBSITE: 
http://surabaya.tribunnews.com/ 

Instagram:
http://instagram.com/suryaonline

Facebook:
https://www.facebook.com/SURYAonline/

#hariansurya
#suryaonline",2022-08-13T06:27:02Z,PT43S,6624666,56575,0,4820
MH_hzuxxeW8,UCnOf30K0d0e8M7mc4FUzR0A,Narasi Newsroom,Membongkar Manipulasi CCTV Sambo | Buka Mata,"Munculnya rekaman CCTV yang merunut kronologis sebelum pembunuhan Brigadir Nofriansyah Yosua Hutabarat menyiratkan adanya kejanggalan. Rekaman itu sejak awal mengindikasikan bahwa narasi yang ingin dibangun ialah soal adanya pelecehan dan mengaburkan keterlibatan Ferdy Sambo dalam pembunuhan berencana terhadap Brigadir Yosua.

Kami menganalisis rekaman CCTV yang beredar dengan mengujinya menggunakan sumber data terbuka, yakni menganalisis dengan waktu jam matahari dan arah bayangan. Hasilnya, rekaman CCTV yang beredar itu diduga hasil manipulasi untuk melancarkan skenario pelecehan dan menghapus jejak keterlibatan Sambo dalam pembunuhan Yosua.

Banyak temuan yang menyiratkan bahwa sejak awal rekaman itu memang sengaja diarahkan dan menghilangkan keterlibatan Sambo dalam kasus pembunuhan. Temuan lainnya, banyak potongan yang hilang dan sengaja disusun ulang dan dimanipulasi untuk memuluskan skenario meloloskan Sambo sebagai pelaku pembunuhan Yosua.

Lalu pertanyaannya, apakah CCTV itu menjadi bukti yang serahkan ke Polisi ke Kejaksaan? Apakah CCTV ini bakal jadi bukti di persidangan?

#BukaMata #FerdySambo #CCTV #NarasiNewsroom #JadiPaham #Narasi 

(Narasi)

Jangan lupa subscribe,  tinggalkan komentar dan share video ini.

Tonton konten video-video lainnya di https://www.narasi.tv

Follow:
https://www.instagram.com/narasi.tv
https://www.facebook.com/narasi.tv
https://twitter.com/narasitv

Konten video dan YouTube Channel ini adalah bagian dari Narasi.",2022-08-25T13:00:12Z,PT9M,4970873,58743,0,6011
laeLF5r9XxU,UCER4rvDnRBPr_ncYW4UCZjg,tvOneNews ,Begini Momen Ferdy Sambo Tertangkap Kamera saat Bentak Pengemudi Ojol | tvOne Minute,"Jakarta, https://www.tvOnenews.com - Ferdy Sambo terekam kamera bentak pengemudi ojek online (ojol) yang sedang demo kala masih berpangkat Komisaris Besar Polisi (Kombes). Saat itu, Ferdy Sambo bersama dengan mantan Direktur Reserse Kriminal Umum Polda Metro Jaya, Krishna Murti. Diketahui, momen ini terjadi saat pengamanan aksi unjuk rasa di Ibu Kota. (VDVC-LH)



Saksikan live streaming tvOne hanya di https://www.tvonenews.com/live",2022-09-06T11:35:05Z,PT2M12S,4777858,12405,0,6707
ti78Qhk973o,UC5BMIWZe9isJXLZZWPWvBlg,KOMPASTV,"Ikut Geledah Rumah Ajudan Ferdy Sambo, Ketua RT Temukan Foto Berdua Sambo dan Ajudan","JAKARTA, KOMPAS TV  Penyidik dari kepolisian geledah sejumlah rumah di kawasan Duren Tiga, Jakarta Selatan, pada Selasa (9/8).

Salah satu rumah yang digeledah adalah rumah di Jalan Duren Tiga Utara II No. 54, yang belakangan diketahui jadi tempat tinggal ajudan Ferdy Sambo.

Ketua RT setempat Ahmad Nurzaman menyebut Brigadir J atau Yoshua jadi salah satu ajudan yang tinggal di rumah tersebut.

Baca Juga Pengacara: Ferdy Sambo Jaga dan Lindungi Marwah Kehormatan Keluarga di https://www.kompas.tv/article/317427/pengacara-ferdy-sambo-jaga-dan-lindungi-marwah-kehormatan-keluarga

Namun Nurzaman menyebut bahwa penghuni rumah eksklusif, dan dirinya tak pernah berkomunikasi langsung.

""Mereka ini eksklusif, karena yang punya rumah ini enggak pernah laporan kepada RT,"" ungkap Nurzaman, Selasa (9/8).

Saat mendampingi penggeledahan rumah, Nurzaman baru mengetahui bahwa rumah tersebut adalah rumah ajudan eks Kadiv Propam Irjen Ferdy Sambo.

""Baru ini (tahu rumah ajudan Ferdy Sambo) saya lihat, begitu saya lihat fotonya, kok ada foto dia ini. Karena enggak pernah ada laporan,"" ungkap Nurzaman.

Ia pun menyebut melihat terpampang foto berdua Ferdy Sambo dan ajudannya di dalam rumah yang berisikan tiga kamar tersebut.

""Yang foro sendiri ada, yang foto sama ajudan ada. Berdua doang,"" katanya.

Meski tak pernah berkomunikasi, Nurzaman selaku Ketua RT menyebut beberapa kali melihat Brigadir J atau Yoshua tempati rumah milik Ferdy Sambo tersebut.

Video Editor: Febi Ramdani

Artikel ini bisa dilihat di :  https://www.kompas.tv/article/317436/ikut-geledah-rumah-ajudan-ferdy-sambo-ketua-rt-temukan-foto-berdua-sambo-dan-ajudan",2022-08-10T02:01:56Z,PT4M16S,4710477,24131,0,3606
3PDZS9OgrHE,UCB1fvlA5xmLJ0tZblpoTuaQ,VIVA.CO.ID,Kerasnya Irjen Sambo Ancam Polisi Bengal: Kita Hajar!! || THE INTERVIEW,"VIVA - Kepolisian Republik Indonesia (Polri) sempat menjadi sorotan publik karena ulah oknum anggota melakukan perbuatan melawan hukum hingga viral di media sosial. Kepala Divisi Propam Polri, Irjen Ferdy Sambo, pun menyatakan siap menindaklanjuti semua oknum polisi yang menyimpang dengan cepat. #TheInterview

Baca berita terbaru, terkini dan terpopuler disini https://www.viva.co.id/

Timecode:
00:00 Opening
01:42 Profil Ferdy Sambo
04:30 Analisa Sambo Soal Propam
10:10 Langkah Wujudkan Komitmen Polri
16:49 Perubahan Baik Polri
21:58 Tindakan Emosional Polisi 
31:22 Soal Anggota Melanggar
40:58 Penurunan Jumlah Pelanggaran
47:56 Prediksi Peningkatan Pelanggaran
51:19 Faktor Pelanggar Menyimpang
53:02 Kasus Pidana Polri
54:19 Closing",2021-11-17T10:00:15Z,PT55M47S,4177455,16627,0,8463
UCXZ7WSZxpk,UCSV7FgMcSdOWxeSCYCD3UOA,Warta Kota Production,Susno Duadji Bongkar Seberapa Berkuasanya Seorang Ferdy Sambo di Polri,"https://wartakota.tribunnews.com/2022/08/31/susno-duadji-tak-paham-motif-ferdy-sambo-marah-tindakan-apa-yang-membuat-bu-putri-terbaring

Susno Duadji Bongkar Seberapa Berkuasanya Seorang Ferdy Sambo di Polri
#susnoduadji #ferdysambo #brigadirj #polri",2022-08-23T13:58:02Z,PT53M49S,4073186,37726,0,3668
YFUpJtctq00,UCmxAIW7RDDC88EPk4ry16Kg,Tribunnews,"Debat Sengit, Richard Skakmat Pengacara Ferdy Sambo: Saya Terus Didoktrin Klien Bapak soal Skenario","TRIBUN-VIDEO.COM - Sempat ada perdebatan dengan nada keras dalam persidangan kasus pembunuhan Brigadir J yang digelar di Pengadilan Negeri Jakarta Selatan pada Selasa (13/12).

Perdebatan itu bermula dari pertanyaan yang semula disampaikan Pengacara Ferdy Sambo yakni Arman Hanis.

Arman Hanis awalnya menanyakan soal BAP Bharada E yang berubah-ubah keterangan sejak pertama kali diperiksa.

Bharada E lantas menegaskan ia akan kembali menjelaskan soal BAP itu agar tidak ada kesalahpahaman soal BAP yang dituliskannya.

Bharada E pun tegas mengatakan, adanya perbedaan BAP satu di antaranya adalah karena doktrin atau tekanan yang diberikan oleh Ferdy Sambo pada Richard selama kasus pembunuhan Brigadir J bergulir.

(Tribun-Video.com/Nila)


#beritaterbaru #beritaterkini #beritaviral #live #breakingnews #putricandrawathi #bharadae #kuatmaruf #brigadiryosua #rickyrizal #sidang #cctv #pnjaksel #pengadilan",2022-12-13T06:48:47Z,PT5M45S,3859564,18911,0,5798
RR_fpUrS9MU,UC5BMIWZe9isJXLZZWPWvBlg,KOMPASTV,[FULL] Hakim Cecar Ferdy Sambo di Sidang Pemeriksaan Terdakwa Terkait Hal Ini..,"JAKARTA, KOMPAS.TV  Terdakwa Ferdy Sambo beri kesaksian dalam sidang pemeriksaan terdakwa pembunuhan berencana Yosua di Pengadilan Negeri Jakarta Selatan pada Selasa (10/1)

Dalam kesempatan itu, Sambo menceritakan kembali kronologi penembakan dan saat beri perintah tembak kepada Richard Eliezer.

Baca Juga Momen Ferdy Sambo dan Putri Candrawathi Menangis Saat di Persidangan Pemeriksaan Terdakwa di https://www.kompas.tv/article/368042/momen-ferdy-sambo-dan-putri-candrawathi-menangis-saat-di-persidangan-pemeriksaan-terdakwa

Hakim sempat mencecar Ferdy Sambo terkait perintah saat di rumah Saguling dan saat perintah hajar chard saat kejadian

Video Editor: Bara Bima

Artikel ini bisa dilihat di :  https://www.kompas.tv/article/368073/full-hakim-cecar-ferdy-sambo-di-sidang-pemeriksaan-terdakwa-terkait-hal-ini",2023-01-14T10:21:47Z,PT1H42M1S,3815578,19164,0,4944
h7PUhPoGCqs,UCmxAIW7RDDC88EPk4ry16Kg,Tribunnews,"Megawati Ngaku Tak Percaya Motif Ferdy Sambo: Saya Enggak Percaya, Tapi Saya Enggak Mau Cerita","BACA SELENGKAPNYA https://video.tribunnews.com/view/606820/megawati-ngaku-tak-percaya-motif-ferdy-sambo-saya-enggak-percaya-tapi-saya-enggak-mau-cerita

TRIBUN-VIDEO.COM - Presiden Kelima RI Megawati Soekarnoputri hadir dalam acara Seminar Haluan Pembangunan Bali Masa Depan 100 Tahun Bali Era Baru, Jumat (5/5/2023).

Megawati menjelaskan bahwa ia sudah meminta Kapolri Jenderal Listyo Sigit menambah personel menjadi 1 juta personel.

HOST: NILA IRDA
VP: LUTFI TURSILOWATI N.A

#beritaterbaru #beritaterkini #beritaviral #live #breakingnews #megawati #pdiperjuangan #ferdysambo #viraldimediasosial",2023-05-05T10:26:02Z,PT54S,3344646,24166,0,3144
NBh05n2f0aw,UCC-YG6gBZNmdxYfQZnwCX4A,Serambinews,Hakim Temukan Fakta Baru di Rumah Ferdy Sambo,"SERAMBINEWS.COM - Peninjauan Ketua Majelis Hakim Pengadilan Negeri Jakarta Selatan Wahyu Iman Santoso di rumah Ferdy Sambo menemukan adanya fakta baru.

Hakim Wahyu disebut menemukan adanya CCTV yang terletak di rumah Jalan Saguling, Jakarta Selatan tersebut.

tonton selengkapnya di https://www.youtube.com/watch?v=ZeIt0pNF9e8&ab_channel=Serambinews

#shorts #reelsfb  #reels #ferdysambo #viral #brigadirj 
==============================================
Syedara Lon, jangan lupa SUBSCRIBE, SHARE, and COMMENT.

Update video viral lainnya: http://bit.ly/serambivideo
Update berita terpopuler lainnya: http://bit.ly/SerambinewsPopuler
Update info terkini via Serambinews.com: https://aceh.tribunnews.com/

Follow akun Instagram https://bit.ly/IGserambinews
Follow akun Twitter http://bit.ly/TwitterSerambinews
Follow dan like fanpage Facebook http://bit.ly/FBserambinews
Follow akun TikTok http://bit.ly/tiktokserambinews",2023-01-04T14:52:27Z,PT31S,3176108,17346,0,179
lra1nbwzmv0,UCJmNywTIJojwjCKzfs0lgNw,Bisniscom,Pemecatan Ferdy Sambo Akan Dipimpin Presiden? Ini alasannya!,"#jokowi  #ferdysambo #PTDH #polri 



Ikuti terus perkembangan berita - berita terkini hanya di: 
Portal berita https://www.bisnis.com/ 
Instagram https://www.instagram.com/bisniscom/ 
facebook https://www.facebook.com/wwwbisniscom",2022-08-29T07:47:52Z,PT52S,3192276,40203,0,1739
YFUpJtctq00,UCmxAIW7RDDC88EPk4ry16Kg,Tribunnews,"Debat Sengit, Richard Skakmat Pengacara Ferdy Sambo: Saya Terus Didoktrin Klien Bapak soal Skenario","TRIBUN-VIDEO.COM - Sempat ada perdebatan dengan nada keras dalam persidangan kasus pembunuhan Brigadir J yang digelar di Pengadilan Negeri Jakarta Selatan pada Selasa (13/12).

Perdebatan itu bermula dari pertanyaan yang semula disampaikan Pengacara Ferdy Sambo yakni Arman Hanis.

Arman Hanis awalnya menanyakan soal BAP Bharada E yang berubah-ubah keterangan sejak pertama kali diperiksa.

Bharada E lantas menegaskan ia akan kembali menjelaskan soal BAP itu agar tidak ada kesalahpahaman soal BAP yang dituliskannya.

Bharada E pun tegas mengatakan, adanya perbedaan BAP satu di antaranya adalah karena doktrin atau tekanan yang diberikan oleh Ferdy Sambo pada Richard selama kasus pembunuhan Brigadir J bergulir.

(Tribun-Video.com/Nila)


#beritaterbaru #beritaterkini #beritaviral #live #breakingnews #putricandrawathi #bharadae #kuatmaruf #brigadiryosua #rickyrizal #sidang #cctv #pnjaksel #pengadilan",2022-12-13T06:48:47Z,PT5M45S,3859551,18911,0,5798
RR_fpUrS9MU,UC5BMIWZe9isJXLZZWPWvBlg,KOMPASTV,[FULL] Hakim Cecar Ferdy Sambo di Sidang Pemeriksaan Terdakwa Terkait Hal Ini..,"JAKARTA, KOMPAS.TV  Terdakwa Ferdy Sambo beri kesaksian dalam sidang pemeriksaan terdakwa pembunuhan berencana Yosua di Pengadilan Negeri Jakarta Selatan pada Selasa (10/1)

Dalam kesempatan itu, Sambo menceritakan kembali kronologi penembakan dan saat beri perintah tembak kepada Richard Eliezer.

Baca Juga Momen Ferdy Sambo dan Putri Candrawathi Menangis Saat di Persidangan Pemeriksaan Terdakwa di https://www.kompas.tv/article/368042/momen-ferdy-sambo-dan-putri-candrawathi-menangis-saat-di-persidangan-pemeriksaan-terdakwa

Hakim sempat mencecar Ferdy Sambo terkait perintah saat di rumah Saguling dan saat perintah hajar chard saat kejadian

Video Editor: Bara Bima

Artikel ini bisa dilihat di :  https://www.kompas.tv/article/368073/full-hakim-cecar-ferdy-sambo-di-sidang-pemeriksaan-terdakwa-terkait-hal-ini",2023-01-14T10:21:47Z,PT1H42M1S,3815578,19164,0,4944
h7PUhPoGCqs,UCmxAIW7RDDC88EPk4ry16Kg,Tribunnews,"Megawati Ngaku Tak Percaya Motif Ferdy Sambo: Saya Enggak Percaya, Tapi Saya Enggak Mau Cerita","BACA SELENGKAPNYA https://video.tribunnews.com/view/606820/megawati-ngaku-tak-percaya-motif-ferdy-sambo-saya-enggak-percaya-tapi-saya-enggak-mau-cerita

TRIBUN-VIDEO.COM - Presiden Kelima RI Megawati Soekarnoputri hadir dalam acara Seminar Haluan Pembangunan Bali Masa Depan 100 Tahun Bali Era Baru, Jumat (5/5/2023).

Megawati menjelaskan bahwa ia sudah meminta Kapolri Jenderal Listyo Sigit menambah personel menjadi 1 juta personel.

HOST: NILA IRDA
VP: LUTFI TURSILOWATI N.A

#beritaterbaru #beritaterkini #beritaviral #live #breakingnews #megawati #pdiperjuangan #ferdysambo #viraldimediasosial",2023-05-05T10:26:02Z,PT54S,3344646,24166,0,3144
NBh05n2f0aw,UCC-YG6gBZNmdxYfQZnwCX4A,Serambinews,Hakim Temukan Fakta Baru di Rumah Ferdy Sambo,"SERAMBINEWS.COM - Peninjauan Ketua Majelis Hakim Pengadilan Negeri Jakarta Selatan Wahyu Iman Santoso di rumah Ferdy Sambo menemukan adanya fakta baru.

Hakim Wahyu disebut menemukan adanya CCTV yang terletak di rumah Jalan Saguling, Jakarta Selatan tersebut.

tonton selengkapnya di https://www.youtube.com/watch?v=ZeIt0pNF9e8&ab_channel=Serambinews

#shorts #reelsfb  #reels #ferdysambo #viral #brigadirj 
==============================================
Syedara Lon, jangan lupa SUBSCRIBE, SHARE, and COMMENT.

Update video viral lainnya: http://bit.ly/serambivideo
Update berita terpopuler lainnya: http://bit.ly/SerambinewsPopuler
Update info terkini via Serambinews.com: https://aceh.tribunnews.com/

Follow akun Instagram https://bit.ly/IGserambinews
Follow akun Twitter http://bit.ly/TwitterSerambinews
Follow dan like fanpage Facebook http://bit.ly/FBserambinews
Follow akun TikTok http://bit.ly/tiktokserambinews",2023-01-04T14:52:27Z,PT31S,3176108,17346,0,179
lra1nbwzmv0,UCJmNywTIJojwjCKzfs0lgNw,Bisniscom,Pemecatan Ferdy Sambo Akan Dipimpin Presiden? Ini alasannya!,"#jokowi  #ferdysambo #PTDH #polri 



Ikuti terus perkembangan berita - berita terkini hanya di: 
Portal berita https://www.bisnis.com/ 
Instagram https://www.instagram.com/bisniscom/ 
facebook https://www.facebook.com/wwwbisniscom",2022-08-29T07:47:52Z,PT52S,3192276,40203,0,1739
CTemgHr6QTw,UCmxAIW7RDDC88EPk4ry16Kg,Tribunnews,"Bharada E Ungkap Detik-detik Ferdy Sambo Menembak Brigadir J: Itu Bapak Berdiri, di Depan Saya","TRIBUN-VIDEO.COM - Bharada Richard Eliezer (Bharada E) hadir dalam sidang kasus pembunuhan Brigadir J pada Kamis (5/1/2023).

Dalam sidang tersebut, sekali lagi Bharada E bersaksi soal detik-detik penembakan terhadap Brigadir Yosua.

Ia mengaku diperintah Ferdy Sambo langsung menembak Bharada E.

Saat itu, Bharada E mendengar suara Brigadir J masih bersuara.

Setelahnya Sambo langsung maju dan menembak ke arah Brigadir J.

Ferdy Sambo diakui Bharada E dalam keadaan berdiri ke arah Brigadir J.

Seusai menembak, Ferdy Sambo langsung jongkok di depan tangga dan menembak ke arah tangga.

Ia kemudian berhenti beberapa saat dan langsung kembali menembak ke arah atas ruang TV.

(Tribun-Video.com)


#beritaterbaru #beritaterkini #beritaviral #live #breakingnews #putricandrawathi #bharadae #kuatmaruf #brigadiryosua #rickyrizal #sidang #cctv #pnjaksel #pengadilan #sidangsambo #brigadirj #sambo #ferdysambo #brigadirjoshua",2023-01-05T05:07:46Z,PT9M29S,3097768,15117,0,1341
f17u19nMAmw,UCB1fvlA5xmLJ0tZblpoTuaQ,VIVA.CO.ID,Ferdy Sambo Siap Pecat Polisi Nakal #vivacoid #ferdysambo #sambo,"VIVA - Irjen Ferdy Sambo menyatakan siap menindaklanjuti semua oknum polisi yang menyimpang dengan cepat. Simak video selengkapnya di sini https://youtu.be/3PDZS9OgrHE

Baca berita terbaru, terkini dan terpopuler disini https://www.viva.co.id/",2022-08-13T09:00:16Z,PT31S,3235262,35540,0,6270
hNmLaiVj__4,UCwFc1bMj5KFxX8BJ1wBRuzw,Tribun MedanTV,TERUNGKAP Ferdy Sambo Sempat Teken Surat Pemecatan Raden Brotoseno di Hari Pembunuhan Brigadir J!,"TRIBUN-MEDAN.com –Sosok Raden Brotoseno mendadak menjadi sorotan publik, lantaran namanya disebut dalam sidang kasus obstruction of justice pembunuhan Brigadir J.

Dilansir dari Kompas.com, Ferdy Sambo sempat menandatangani berkas kasus di sidang Kode Etik Profesi Kepolisian Raden Brotoseno.

Ternyata hari itu bertepatan dengan pembunuhan Brigadir J.

Hal ini diketahui dari kesaksian Aryanto sebagai petugas harian lepas (PHL) Propam Polri menyebutkan jika surat itu harus ditandatangani oleh Ferdy Sambo.

Baca selengkapnya di www.tribun-medan.com
https://medan.tribunnews.com/2022/11/10/terungkap-ferdy-sambo-sempat-teken-surat-pemecatan-raden-brotoseno-di-hari-pembunuhan-brigadir-j",2022-11-10T14:02:53Z,PT58S,2680969,22695,0,884
ww2XHUnI7tY,UCmxAIW7RDDC88EPk4ry16Kg,Tribunnews,"Beri Kejutan, Chat Istri Ferdy Sambo saat Brigadir J Ultah Jadi Sorotan: 'Aku Bersyukur Memiliku'","TRIBUN-VIDEO.COM - Keluarga Brigadir Yosua Hutabarat mengungkapkan isi pesan dari istri Ferdy Sambo saat Brigadir J ulang tajun.

Putri Candrawathi memberikan kejutan ulang tahun pada Brigadir J dan menuturkan bahwa Yosua adalah sosok ajudan yang luar biasa.

Percakapan atau pesan tersebut diungkapkan oleh Roslin Emika, yang merupakan bibi dari Brigadir Yosua Hutabarat.

Roslin menunjukkan bukti berupa capture (tangkapan layar) pesan dari Putri Candrawathi dan dikirimkan ke Brigadir J di hari ulang tahun Ajudan Ferdy Sambo itu.

Postingan tersebut diunggah Roslin Emika pada Kamis (4/8/2022).

Tak diketahui pasti kapan ucapan ulang tahun itu disampaikan oleh istri Ferdy Sambo.

Namun dalam unggahannya, Roslin mengungkapkan pesan Putri Candrawathi yang disampaikan dalam bahasa Inggris.

Putri menyebut Brigadir J adalah pengawal terbaik yang dikenal selama ini.

Dalam pesannya, Putri berharap agar Yosua diliputi kebahagiaan.

Ia pun mengatakan bahwa Yosua adalah sosok staf atau ajudan yang terbaik.

Dalam ungkapan terakhirnya, Putri Sambo menuliskan 'Happy Birthday My Great Bodyguard SUA'.

Roslin mengaku terpukul, pesan menyentuh dari Putri Sambo itu tak bisa menjadi penyelamat bagi Yosua Hutabarat.

Meski dianggap sebagai ajudan yang terbaik, Roslin mengaku sedih karena justru semua ungkapan itu hanya manis di bibir saja.

Ada pula foto Brigadir J di depan sebuah kue mewah bertuliskan Happy Birthday Bodyguard Sua.

(Tribun-Video.com)",2022-08-04T12:48:00Z,PT1M50S,2378928,6668,0,2453
AUamnrAkWJQ,UC5BMIWZe9isJXLZZWPWvBlg,KOMPASTV,"[FULL] Susi, Sang Pengungkap Motif Sambo? - NI LUH","KOMPASTV - Susi, nama yang belakangan ramai jadi perbincangan. Asisten rumah tangga keluarga Ferdy Sambo ini, menyita perhatian publik, lantaran polahnya di pengadilan, saat menjadi saksi terdakwa Richard Eliezer, Senin 31 Oktober 2022.

Ia dicecar hakim dan dicurigai memberi keterangan tak benar dalam persidangan. Pasalnya, Susi kerap mengatakan lupa atau tidak tahu untuk hal-hal sederhana yang ditanyakan hakim. Semisal soal keseharian Ferdy Sambo, maupun soal anak keempat Ferdy Sambo dan Putri Candrawathi. 

Hakim juga menemukan banyak keterangan Susi yang berubah-ubah. Peristiwa di Magelang misalnya. Keterangannya dalam persidangan ditemukan banyak berbeda dengan isi berita acara pemeriksaan (BAP). Hakim harus berulang kali menanyakan pada Susi, bahkan mengancam Susi dengan pidana jika diketahui berbohong. Hakim juga meminta kepada JPU agar Susi terus dihadirkan, lantaran diyakini akan menjadi pengungkap motif.

Ada apa dengan Susi, apa yang ia ketahui namun tak bisa ia sampaikan? Mungkinkah benar ia telah dibuatkan skenario untuk menghadapi persidangan? Jurnalis Kompas TV, Ni Luh Puspa, mencari jawabannya.

Pertama Ni Luh berbincang dengan Kujaeni Tamsil, suami Susi. Ia mengaku sempat berkomunikasi dengan Susi, sebelum persidangan. Apa yang dibahas? Apakah Susi pernah bercerita terkait peristiwa pembunuhan Yosua? Mungkinkah ada tekanan pada Susi yang diceritakannya? 

Selanjutnya Ni Luh juga menanyakan analisis psikologi Susi saat persidangan, lewat ekspresi Susi, pada pakar mikro ekspresi, Monica Kumalasari. Dari yang tergambar, benarkah Susi berbohong?

Soal keyakinan hakim bahwa Susi mampu mengungkap motif Sambo. Ni Luh bertemu pakar hukum pidana, Prof. Romli Atmasasmita. Apa yang membuat hakim ingin menggali motif? Keterangan ART Sambo yang berbelit akankah menguntungkan bagi ferdy Sambo dan isterinya?

Saksikan NI LUH, episode SUSI, SANG PENGUNGKAP MOTIF SAMBO? Tayang Senin, 7 November 2022, pukul 20.30 WIB, hanya di Kompas TV, Independen Terpercaya. (Ni Luh Puspa/ Kompas TV).

Artikel ini bisa dilihat di :  https://www.kompas.tv/article/346081/full-susi-sang-pengungkap-motif-sambo-ni-luh",2022-11-08T02:58:38Z,PT43M42S,2264340,15005,0,1945
zG7kQZ4FcP8,UCmxAIW7RDDC88EPk4ry16Kg,Tribunnews,FERDY SAMBO DIKIBULI ISTRINYA? Hakim Singgung Sambo Jadi 'Korban' Putri yang Bohong soal Pelecehan,"TRIBUN-VIDEO.COM - Majelis hakim menjelaskan bahwa tak pernah ada pelecehan seksual yang dialami Putri Candrawathi yang dilakukan korban Brigadir Yosua.

Hakim menyebut, ada sakit hati pribadi antara Putri Candrawathi ke Brigadir J.

Hal ini membuat Putri mengadu pada Ferdy Sambo soal pelecehan.

Sambo disebut hakim terlalu percaya 'kicauan' Putri Candrawathi hingga begitu percaya ucapan sang istri.

Sambo juga mengakui bahwa tak melakukan visum karena terlalu percaya bahwa sang istri memang dilecehkan.

(Tribun-Video.com/ Nila)

#beritaterbaru #beritaterkini #beritaviral #live #breakingnews #putricandrawathi #bharadae #kuatmaruf #brigadiryosua #rickyrizal #sidang #cctv #pnjaksel #pengadilan #sidangsambo #brigadirj #sambo #ferdysambo #brigadirjoshua",2023-02-13T05:19:05Z,PT8M3S,2184477,9931,0,2584
qHVX9kEyV5k,UC5BMIWZe9isJXLZZWPWvBlg,KOMPASTV,Susunan CCTV Ferdy Sambo Tiba Hingga Yosua Dibunuh di Duren Tiga,"JAKARTA, KOMPAS TV - Persidangan membuka sejumlah rekaman CCTV di dekat rumah dinas Ferdy Sambo Duren Tiga yang merupakan lokasi pembunuhan Yosua.

Dalam rekaman tampak rombongan Yosua cs bersama Putri datang terlebih daulu, dan langsung memasuki rumah.

Tak lama setelahnya mobil Ferdy Sambo tiba. Dalam rekaman terlihat ajudan Adzan Romer menyambut kedatangan Sambo.

Baca Juga CCTV Detik-Detik Kematian Brigadir J Terbongkar di Sidang di https://www.kompas.tv/article/353547/cctv-detik-detik-kematian-brigadir-j-terbongkar-di-sidang

Romer sempat panik berlari, diduga itu adalah momen ketika pistol Ferdy Sambo terjatuh.

Setelah itu, Ferdy Sambo turun dari mobil dan langsung masuk ke rumah Duren Tiga.

Dalam sebuah rekaman saat mobil Ferdy Sambo tiba, tampak di halaman luar rumah Yosua masih hidup.

Setelah beberapa lama, terlihat adanya kepanikan yang menunjukkan ajudan Adzan Romer dan ART Kodir berlarian.

Adegan tersebut diduga saat terjadi penembakan yang melibatkan Ferdy Sambo dan Bharada Eliezer.

Video Editor: Lintang Amiluhur

Artikel ini bisa dilihat di :  https://www.kompas.tv/article/353589/susunan-cctv-ferdy-sambo-tiba-hingga-yosua-dibunuh-di-duren-tiga",2022-11-30T00:28:16Z,PT3M16S,2163619,7141,0,1207
QPEEBxOo05I,UCiBWcuJRPF639MP12qXzmPQ,NEGARA CERDAS,Ferdy Sambo selalu titip Do'a !!,,2022-09-23T12:22:54Z,PT58S,2138658,31654,0,1150
4V4LtEDhhfE,UCorB3FEapU0N5Bg_Yb7L-YQ,BUKAN BUKAN TV,Ferdy Sambo Dimana Sekarang? 😁 #shorts #lucu,,2022-08-11T15:10:57Z,PT36S,2113360,32321,0,2929
Sb75If13sRU,UCER4rvDnRBPr_ncYW4UCZjg,tvOneNews ,[BREAKING NEWS] Ferdy Sambo Tersangka Pembunuhan Brigadir J | tvOne,"Jakarta, https://www.tvOnenews.com - [BREAKING NEWS] Ferdy Sambo Tersangka Pembunuhan Yoshua | tvOne
Mantan Kepala Divisi Profesi dan Pengamanan Polri Irjen Ferdy Sambo menjadi tersangka baru dalam kasus pembunuhan ajudannya, Brigadir J alias Nopryansah Yosua Hutabarat. Hal itu diumumkan oleh Kapolri Jenderal Listyo Sigit Prabowo hari ini, Selasa, 9 Agustus 2022.
#FerdySamboTersangka #BrigadirJ #tvOnenews

Saksikan live streaming tvOne hanya di https://www.tvonenews.com/live",2022-08-09T11:59:58Z,PT15M47S,2062859,27542,0,11968
ANd_gxkwdKg,UC5BMIWZe9isJXLZZWPWvBlg,KOMPASTV,"Eliezer ungkap Ferdy Sambo mengatakan ""Tidak Ada Gunanya Pangkat Saya""","Dalam sidang hari ini (13/12/2022), Richard Eliezer menjadi saksi untuk menceritakan kronologi Ferdy Sambo dalam kondisi menangis dan menyebut tidak terima keluarganya dihina.

Selain itu, Ferdy Sambo turut mengatakan, “tidak ada gunanya pangkat saya.”

Tulis tanggapanmu di kolom komentar dan dapatkan berita selengkapnya di www.kompas.tv dan youtube.com/KompasTV.",2022-12-13T08:09:17Z,PT1M1S,1968927,24528,0,385
LRKCY47VWms,UC5BMIWZe9isJXLZZWPWvBlg,KOMPASTV,BREAKING NEWS - Sidang Perdana Ferdy Sambo di PN Jakarta Selatan,"KOMPAS.TV - Ferdy Sambo menjalani sidang terkait kasus pembunuhan Brigadir Nopriansyah Yosua Hutabarat (Brigadir J) hari ini, Senin 17 Oktober 2022.

Ferdy Sambo akan mendengarkan dakwaan yang dibacakan jaksa penuntut umum (JPU) di Pengadilan Negeri Jakarta Selatan. Selain Ferdy Sambo, para tersangka pembunuhan Brigadir J,  yaitu Putri Candrawathi, Ricky Rizal, dan Kuat Ma'ruf juga akan diadili bersama.

Jangan lewatkan live streaming KompasTV 24 jam non stop di https://www.kompas.tv/live. Agar tidak ketinggalan berita-berita terkini, terlengkap, serta laporan langsung dari berbagai daerah di Indonesia, yuk subscribe channel youtube KompasTV. Aktifkan juga lonceng supaya kamu dapat notifikasi video terbaru dari KompasTV. 

Sahabat KompasTV juga bisa memperoleh informasi terkini melalui website: www.kompas.tv

Media sosial KompasTV: 
Facebook: https://www.facebook.com/KompasTV 
Instagram: https://www.instagram.com/kompastv 
Twitter: https://twitter.com/KompasTV 
LINE: https://line.me/ti/p/%40KompasTV

#sidangferdysambo #ferdysambo #putricandrawathi",2022-10-17T14:20:58Z,PT11H37M39S,1866377,15269,0,624
xLSwzyh8jC4,UCCst0w8gNaWEqRzuYEC_w9A,Darwin Sibarani S. Sos,Ferdy Sambo Melaporkan ke Ferdy Rambo,,2022-08-12T04:17:33Z,PT18S,1824322,8458,0,613
1aaVggSbrpg,UCB1fvlA5xmLJ0tZblpoTuaQ,VIVA.CO.ID,"Ferdy Sambo: Komandannya Gak Kuat, Kita Sikat! #vivacoid #ferdysambo #sambo","VIVA - Irjen Ferdy Sambo mengatakan bahwa pengawasan harus kuat dan bisa memberikan pemahaman tentang etika dalam melakukan tindakan. Simak video selengkapnya di sini https://youtu.be/3PDZS9OgrHE

Baca berita terbaru, terkini dan terpopuler disini https://www.viva.co.id/",2022-08-11T12:30:00Z,PT59S,1818090,15362,0,6284
vATMGq9LdS8,UC5BMIWZe9isJXLZZWPWvBlg,KOMPASTV,"Tolak Pemecatan Dirinya, Ferdy Sambo Gugat Presiden dan Kapolri #shorts",,2022-12-30T06:45:23Z,PT59S,1773785,20426,0,2082
cQ2aob8NEZI,UClncl2j_oVWNIIU24IMfgBw,Sumber Berita,SIDANG SAMBO JPU CECAR FERDY SAMBO #sambo #shorts #beritahariini,,2023-01-11T11:48:53Z,PT1M1S,1738478,12960,0,428
pv44UMyNM88,UC5BMIWZe9isJXLZZWPWvBlg,KOMPASTV,Diungkap Langsung oleh Kamaruddin: Ferdy Sambo Tawarkan Uang Besar pada Saya,"KOMPAS.TV  Menanggapi vonis hukuman mati Ferdy Sambo, pengacara Brigadir J, Kamaruddin Simanjuntak mengaku sedih dan menangis.

Baca Juga Vonis Sambo & Putri, Kamaruddin: Masyarakat Harus Lawan Kezaliman dan Mafia! di https://www.kompas.tv/article/378165/vonis-sambo-putri-kamaruddin-masyarakat-harus-lawan-kezaliman-dan-mafia

Lantaran Kamaruddin mengaku pernah menawarkan Sambo dan Putri agar mereka menyesali perbuatan dan minta maaf. Namun hal itu tidak direspons oleh Sambo.

Dan Kamaruddin juga mengungkap, bahwa Sambo pernah mengutus orang untuk menawarkan uang yang besar pada dirinya.

""Saya tahun lalu menawarkan kepada Sambo dan Putri supaya mereka cepat menyesali perbuatannya dan minta maaf kepada keluarga dari pada dia mengutus orang menawarkan uang yang besar kepada saya."" Ungkap Kamaruddin usai Vonis Putri Candrawathi di PN Jaksel (13/02/23).

Kamaruddin menambahkan, bahwa Eliezer merespons apa yang ia minta untuk menyesali perbuatannya karena telah menembak Yosua.

Artikel ini bisa dilihat di :  https://www.kompas.tv/article/378180/diungkap-langsung-oleh-kamaruddin-ferdy-sambo-tawarkan-uang-besar-pada-saya",2023-02-13T14:21:00Z,PT3M13S,1704164,11783,0,1935
VeHNHaGyuMA,UCB1fvlA5xmLJ0tZblpoTuaQ,VIVA.CO.ID,Ferdy Sambo: Pikiran & Perbuatan Kita Harus Melebihi Polisi yang Lain #vivacoid #ferdysambo #propam,"VIVA - Irjen Ferdy Sambo saat memberikan pesan kepada anggotanya. #vivacoid #ferdysambo #sambo #propam

Baca berita terbaru, terkini dan terpopuler disini https://www.viva.co.id/",2022-08-08T06:00:07Z,PT56S,1701024,15140,0,7674
FOftdkBm88w,UC5BMIWZe9isJXLZZWPWvBlg,KOMPASTV,BREAKING NEWS - Sidang Vonis Ferdy Sambo & Putri Candrawathi di Kasus Pembunuhan Yosua,"Sahabat KompasTV, jangan lupa like, comment, dan subscribe channel YouTube KompasTV, juga aktifkan lonceng notifikasi agar tidak ketinggalan update mengenai isu-isu terkini di Indonesia.

Jangan lewatkan live streaming KompasTV 24 jam non stop di https://www.kompas.tv/live. Agar tidak ketinggalan berita-berita terkini, terlengkap, serta laporan langsung dari berbagai daerah di Indonesia, yuk subscribe channel youtube KompasTV. Aktifkan juga lonceng supaya kamu dapat notifikasi video terbaru dari KompasTV. 

Sahabat KompasTV juga bisa memperoleh informasi terkini melalui website: www.kompas.tv

Media sosial KompasTV: 
Facebook: https://www.facebook.com/KompasTV 
Instagram: https://www.instagram.com/kompastv 
Twitter: https://twitter.com/KompasTV 
LINE: https://line.me/ti/p/%40KompasTV",2023-02-13T12:31:18Z,PT10H36M40S,1694932,11741,0,262
_Ks5n6K1sJ8,UCntgJ6BZe79nQuN7ZqsnTiQ,KABARIN ID,INGAT FERDY SAMBO? PUTRANYA KINI SEORANG TARUNA AKPOL CALON JENDERAL MASA DEPAN #shortsvideo #sambo,INGAT FERDY SAMBO? PUTRANYA KINI SEORANG TARUNA AKPOL CALON JENDERAL MASA DEPAN #shortsvideo #sambo,2024-07-21T10:15:01Z,PT49S,2102067,17365,0,2223
f17u19nMAmw,UCB1fvlA5xmLJ0tZblpoTuaQ,VIVA.CO.ID,Ferdy Sambo Siap Pecat Polisi Nakal #vivacoid #ferdysambo #sambo,"VIVA - Irjen Ferdy Sambo menyatakan siap menindaklanjuti semua oknum polisi yang menyimpang dengan cepat. Simak video selengkapnya di sini https://youtu.be/3PDZS9OgrHE

Baca berita terbaru, terkini dan terpopuler disini https://www.viva.co.id/",2022-08-13T09:00:16Z,PT31S,3235262,35540,0,6270
hNmLaiVj__4,UCwFc1bMj5KFxX8BJ1wBRuzw,Tribun MedanTV,TERUNGKAP Ferdy Sambo Sempat Teken Surat Pemecatan Raden Brotoseno di Hari Pembunuhan Brigadir J!,"TRIBUN-MEDAN.com –Sosok Raden Brotoseno mendadak menjadi sorotan publik, lantaran namanya disebut dalam sidang kasus obstruction of justice pembunuhan Brigadir J.

Dilansir dari Kompas.com, Ferdy Sambo sempat menandatangani berkas kasus di sidang Kode Etik Profesi Kepolisian Raden Brotoseno.

Ternyata hari itu bertepatan dengan pembunuhan Brigadir J.

Hal ini diketahui dari kesaksian Aryanto sebagai petugas harian lepas (PHL) Propam Polri menyebutkan jika surat itu harus ditandatangani oleh Ferdy Sambo.

Baca selengkapnya di www.tribun-medan.com
https://medan.tribunnews.com/2022/11/10/terungkap-ferdy-sambo-sempat-teken-surat-pemecatan-raden-brotoseno-di-hari-pembunuhan-brigadir-j",2022-11-10T14:02:53Z,PT58S,2680969,22695,0,884
ww2XHUnI7tY,UCmxAIW7RDDC88EPk4ry16Kg,Tribunnews,"Beri Kejutan, Chat Istri Ferdy Sambo saat Brigadir J Ultah Jadi Sorotan: 'Aku Bersyukur Memiliku'","TRIBUN-VIDEO.COM - Keluarga Brigadir Yosua Hutabarat mengungkapkan isi pesan dari istri Ferdy Sambo saat Brigadir J ulang tajun.

Putri Candrawathi memberikan kejutan ulang tahun pada Brigadir J dan menuturkan bahwa Yosua adalah sosok ajudan yang luar biasa.

Percakapan atau pesan tersebut diungkapkan oleh Roslin Emika, yang merupakan bibi dari Brigadir Yosua Hutabarat.

Roslin menunjukkan bukti berupa capture (tangkapan layar) pesan dari Putri Candrawathi dan dikirimkan ke Brigadir J di hari ulang tahun Ajudan Ferdy Sambo itu.

Postingan tersebut diunggah Roslin Emika pada Kamis (4/8/2022).

Tak diketahui pasti kapan ucapan ulang tahun itu disampaikan oleh istri Ferdy Sambo.

Namun dalam unggahannya, Roslin mengungkapkan pesan Putri Candrawathi yang disampaikan dalam bahasa Inggris.

Putri menyebut Brigadir J adalah pengawal terbaik yang dikenal selama ini.

Dalam pesannya, Putri berharap agar Yosua diliputi kebahagiaan.

Ia pun mengatakan bahwa Yosua adalah sosok staf atau ajudan yang terbaik.

Dalam ungkapan terakhirnya, Putri Sambo menuliskan 'Happy Birthday My Great Bodyguard SUA'.

Roslin mengaku terpukul, pesan menyentuh dari Putri Sambo itu tak bisa menjadi penyelamat bagi Yosua Hutabarat.

Meski dianggap sebagai ajudan yang terbaik, Roslin mengaku sedih karena justru semua ungkapan itu hanya manis di bibir saja.

Ada pula foto Brigadir J di depan sebuah kue mewah bertuliskan Happy Birthday Bodyguard Sua.

(Tribun-Video.com)",2022-08-04T12:48:00Z,PT1M50S,2378928,6668,0,2453
AUamnrAkWJQ,UC5BMIWZe9isJXLZZWPWvBlg,KOMPASTV,"[FULL] Susi, Sang Pengungkap Motif Sambo? - NI LUH","KOMPASTV - Susi, nama yang belakangan ramai jadi perbincangan. Asisten rumah tangga keluarga Ferdy Sambo ini, menyita perhatian publik, lantaran polahnya di pengadilan, saat menjadi saksi terdakwa Richard Eliezer, Senin 31 Oktober 2022.

Ia dicecar hakim dan dicurigai memberi keterangan tak benar dalam persidangan. Pasalnya, Susi kerap mengatakan lupa atau tidak tahu untuk hal-hal sederhana yang ditanyakan hakim. Semisal soal keseharian Ferdy Sambo, maupun soal anak keempat Ferdy Sambo dan Putri Candrawathi. 

Hakim juga menemukan banyak keterangan Susi yang berubah-ubah. Peristiwa di Magelang misalnya. Keterangannya dalam persidangan ditemukan banyak berbeda dengan isi berita acara pemeriksaan (BAP). Hakim harus berulang kali menanyakan pada Susi, bahkan mengancam Susi dengan pidana jika diketahui berbohong. Hakim juga meminta kepada JPU agar Susi terus dihadirkan, lantaran diyakini akan menjadi pengungkap motif.

Ada apa dengan Susi, apa yang ia ketahui namun tak bisa ia sampaikan? Mungkinkah benar ia telah dibuatkan skenario untuk menghadapi persidangan? Jurnalis Kompas TV, Ni Luh Puspa, mencari jawabannya.

Pertama Ni Luh berbincang dengan Kujaeni Tamsil, suami Susi. Ia mengaku sempat berkomunikasi dengan Susi, sebelum persidangan. Apa yang dibahas? Apakah Susi pernah bercerita terkait peristiwa pembunuhan Yosua? Mungkinkah ada tekanan pada Susi yang diceritakannya? 

Selanjutnya Ni Luh juga menanyakan analisis psikologi Susi saat persidangan, lewat ekspresi Susi, pada pakar mikro ekspresi, Monica Kumalasari. Dari yang tergambar, benarkah Susi berbohong?

Soal keyakinan hakim bahwa Susi mampu mengungkap motif Sambo. Ni Luh bertemu pakar hukum pidana, Prof. Romli Atmasasmita. Apa yang membuat hakim ingin menggali motif? Keterangan ART Sambo yang berbelit akankah menguntungkan bagi ferdy Sambo dan isterinya?

Saksikan NI LUH, episode SUSI, SANG PENGUNGKAP MOTIF SAMBO? Tayang Senin, 7 November 2022, pukul 20.30 WIB, hanya di Kompas TV, Independen Terpercaya. (Ni Luh Puspa/ Kompas TV).

Artikel ini bisa dilihat di :  https://www.kompas.tv/article/346081/full-susi-sang-pengungkap-motif-sambo-ni-luh",2022-11-08T02:58:38Z,PT43M42S,2264340,15005,0,1945
zG7kQZ4FcP8,UCmxAIW7RDDC88EPk4ry16Kg,Tribunnews,FERDY SAMBO DIKIBULI ISTRINYA? Hakim Singgung Sambo Jadi 'Korban' Putri yang Bohong soal Pelecehan,"TRIBUN-VIDEO.COM - Majelis hakim menjelaskan bahwa tak pernah ada pelecehan seksual yang dialami Putri Candrawathi yang dilakukan korban Brigadir Yosua.

Hakim menyebut, ada sakit hati pribadi antara Putri Candrawathi ke Brigadir J.

Hal ini membuat Putri mengadu pada Ferdy Sambo soal pelecehan.

Sambo disebut hakim terlalu percaya 'kicauan' Putri Candrawathi hingga begitu percaya ucapan sang istri.

Sambo juga mengakui bahwa tak melakukan visum karena terlalu percaya bahwa sang istri memang dilecehkan.

(Tribun-Video.com/ Nila)

#beritaterbaru #beritaterkini #beritaviral #live #breakingnews #putricandrawathi #bharadae #kuatmaruf #brigadiryosua #rickyrizal #sidang #cctv #pnjaksel #pengadilan #sidangsambo #brigadirj #sambo #ferdysambo #brigadirjoshua",2023-02-13T05:19:05Z,PT8M3S,2184477,9931,0,2584
qHVX9kEyV5k,UC5BMIWZe9isJXLZZWPWvBlg,KOMPASTV,Susunan CCTV Ferdy Sambo Tiba Hingga Yosua Dibunuh di Duren Tiga,"JAKARTA, KOMPAS TV - Persidangan membuka sejumlah rekaman CCTV di dekat rumah dinas Ferdy Sambo Duren Tiga yang merupakan lokasi pembunuhan Yosua.

Dalam rekaman tampak rombongan Yosua cs bersama Putri datang terlebih daulu, dan langsung memasuki rumah.

Tak lama setelahnya mobil Ferdy Sambo tiba. Dalam rekaman terlihat ajudan Adzan Romer menyambut kedatangan Sambo.

Baca Juga CCTV Detik-Detik Kematian Brigadir J Terbongkar di Sidang di https://www.kompas.tv/article/353547/cctv-detik-detik-kematian-brigadir-j-terbongkar-di-sidang

Romer sempat panik berlari, diduga itu adalah momen ketika pistol Ferdy Sambo terjatuh.

Setelah itu, Ferdy Sambo turun dari mobil dan langsung masuk ke rumah Duren Tiga.

Dalam sebuah rekaman saat mobil Ferdy Sambo tiba, tampak di halaman luar rumah Yosua masih hidup.

Setelah beberapa lama, terlihat adanya kepanikan yang menunjukkan ajudan Adzan Romer dan ART Kodir berlarian.

Adegan tersebut diduga saat terjadi penembakan yang melibatkan Ferdy Sambo dan Bharada Eliezer.

Video Editor: Lintang Amiluhur

Artikel ini bisa dilihat di :  https://www.kompas.tv/article/353589/susunan-cctv-ferdy-sambo-tiba-hingga-yosua-dibunuh-di-duren-tiga",2022-11-30T00:28:16Z,PT3M16S,2163632,7141,0,1207
QPEEBxOo05I,UCiBWcuJRPF639MP12qXzmPQ,NEGARA CERDAS,Ferdy Sambo selalu titip Do'a !!,,2022-09-23T12:22:54Z,PT58S,2138658,31654,0,1150
4V4LtEDhhfE,UCorB3FEapU0N5Bg_Yb7L-YQ,BUKAN BUKAN TV,Ferdy Sambo Dimana Sekarang? 😁 #shorts #lucu,,2022-08-11T15:10:57Z,PT36S,2113360,32321,0,2929
Sb75If13sRU,UCER4rvDnRBPr_ncYW4UCZjg,tvOneNews ,[BREAKING NEWS] Ferdy Sambo Tersangka Pembunuhan Brigadir J | tvOne,"Jakarta, https://www.tvOnenews.com - [BREAKING NEWS] Ferdy Sambo Tersangka Pembunuhan Yoshua | tvOne
Mantan Kepala Divisi Profesi dan Pengamanan Polri Irjen Ferdy Sambo menjadi tersangka baru dalam kasus pembunuhan ajudannya, Brigadir J alias Nopryansah Yosua Hutabarat. Hal itu diumumkan oleh Kapolri Jenderal Listyo Sigit Prabowo hari ini, Selasa, 9 Agustus 2022.
#FerdySamboTersangka #BrigadirJ #tvOnenews

Saksikan live streaming tvOne hanya di https://www.tvonenews.com/live",2022-08-09T11:59:58Z,PT15M47S,2062859,27542,0,11968
ANd_gxkwdKg,UC5BMIWZe9isJXLZZWPWvBlg,KOMPASTV,"Eliezer ungkap Ferdy Sambo mengatakan ""Tidak Ada Gunanya Pangkat Saya""","Dalam sidang hari ini (13/12/2022), Richard Eliezer menjadi saksi untuk menceritakan kronologi Ferdy Sambo dalam kondisi menangis dan menyebut tidak terima keluarganya dihina.

Selain itu, Ferdy Sambo turut mengatakan, “tidak ada gunanya pangkat saya.”

Tulis tanggapanmu di kolom komentar dan dapatkan berita selengkapnya di www.kompas.tv dan youtube.com/KompasTV.",2022-12-13T08:09:17Z,PT1M1S,1968930,24528,0,385
LRKCY47VWms,UC5BMIWZe9isJXLZZWPWvBlg,KOMPASTV,BREAKING NEWS - Sidang Perdana Ferdy Sambo di PN Jakarta Selatan,"KOMPAS.TV - Ferdy Sambo menjalani sidang terkait kasus pembunuhan Brigadir Nopriansyah Yosua Hutabarat (Brigadir J) hari ini, Senin 17 Oktober 2022.

Ferdy Sambo akan mendengarkan dakwaan yang dibacakan jaksa penuntut umum (JPU) di Pengadilan Negeri Jakarta Selatan. Selain Ferdy Sambo, para tersangka pembunuhan Brigadir J,  yaitu Putri Candrawathi, Ricky Rizal, dan Kuat Ma'ruf juga akan diadili bersama.

Jangan lewatkan live streaming KompasTV 24 jam non stop di https://www.kompas.tv/live. Agar tidak ketinggalan berita-berita terkini, terlengkap, serta laporan langsung dari berbagai daerah di Indonesia, yuk subscribe channel youtube KompasTV. Aktifkan juga lonceng supaya kamu dapat notifikasi video terbaru dari KompasTV. 

Sahabat KompasTV juga bisa memperoleh informasi terkini melalui website: www.kompas.tv

Media sosial KompasTV: 
Facebook: https://www.facebook.com/KompasTV 
Instagram: https://www.instagram.com/kompastv 
Twitter: https://twitter.com/KompasTV 
LINE: https://line.me/ti/p/%40KompasTV

#sidangferdysambo #ferdysambo #putricandrawathi",2022-10-17T14:20:58Z,PT11H37M39S,1866377,15269,0,624
xLSwzyh8jC4,UCCst0w8gNaWEqRzuYEC_w9A,Darwin Sibarani S. Sos,Ferdy Sambo Melaporkan ke Ferdy Rambo,,2022-08-12T04:17:33Z,PT18S,1824322,8458,0,613
1aaVggSbrpg,UCB1fvlA5xmLJ0tZblpoTuaQ,VIVA.CO.ID,"Ferdy Sambo: Komandannya Gak Kuat, Kita Sikat! #vivacoid #ferdysambo #sambo","VIVA - Irjen Ferdy Sambo mengatakan bahwa pengawasan harus kuat dan bisa memberikan pemahaman tentang etika dalam melakukan tindakan. Simak video selengkapnya di sini https://youtu.be/3PDZS9OgrHE

Baca berita terbaru, terkini dan terpopuler disini https://www.viva.co.id/",2022-08-11T12:30:00Z,PT59S,1818091,15362,0,6284
vATMGq9LdS8,UC5BMIWZe9isJXLZZWPWvBlg,KOMPASTV,"Tolak Pemecatan Dirinya, Ferdy Sambo Gugat Presiden dan Kapolri #shorts",,2022-12-30T06:45:23Z,PT59S,1773785,20426,0,2082
cQ2aob8NEZI,UClncl2j_oVWNIIU24IMfgBw,Sumber Berita,SIDANG SAMBO JPU CECAR FERDY SAMBO #sambo #shorts #beritahariini,,2023-01-11T11:48:53Z,PT1M1S,1738478,12960,0,428
pv44UMyNM88,UC5BMIWZe9isJXLZZWPWvBlg,KOMPASTV,Diungkap Langsung oleh Kamaruddin: Ferdy Sambo Tawarkan Uang Besar pada Saya,"KOMPAS.TV  Menanggapi vonis hukuman mati Ferdy Sambo, pengacara Brigadir J, Kamaruddin Simanjuntak mengaku sedih dan menangis.

Baca Juga Vonis Sambo & Putri, Kamaruddin: Masyarakat Harus Lawan Kezaliman dan Mafia! di https://www.kompas.tv/article/378165/vonis-sambo-putri-kamaruddin-masyarakat-harus-lawan-kezaliman-dan-mafia

Lantaran Kamaruddin mengaku pernah menawarkan Sambo dan Putri agar mereka menyesali perbuatan dan minta maaf. Namun hal itu tidak direspons oleh Sambo.

Dan Kamaruddin juga mengungkap, bahwa Sambo pernah mengutus orang untuk menawarkan uang yang besar pada dirinya.

""Saya tahun lalu menawarkan kepada Sambo dan Putri supaya mereka cepat menyesali perbuatannya dan minta maaf kepada keluarga dari pada dia mengutus orang menawarkan uang yang besar kepada saya."" Ungkap Kamaruddin usai Vonis Putri Candrawathi di PN Jaksel (13/02/23).

Kamaruddin menambahkan, bahwa Eliezer merespons apa yang ia minta untuk menyesali perbuatannya karena telah menembak Yosua.

Artikel ini bisa dilihat di :  https://www.kompas.tv/article/378180/diungkap-langsung-oleh-kamaruddin-ferdy-sambo-tawarkan-uang-besar-pada-saya",2023-02-13T14:21:00Z,PT3M13S,1704164,11783,0,1935
VeHNHaGyuMA,UCB1fvlA5xmLJ0tZblpoTuaQ,VIVA.CO.ID,Ferdy Sambo: Pikiran & Perbuatan Kita Harus Melebihi Polisi yang Lain #vivacoid #ferdysambo #propam,"VIVA - Irjen Ferdy Sambo saat memberikan pesan kepada anggotanya. #vivacoid #ferdysambo #sambo #propam

Baca berita terbaru, terkini dan terpopuler disini https://www.viva.co.id/",2022-08-08T06:00:07Z,PT56S,1701024,15140,0,7674
FOftdkBm88w,UC5BMIWZe9isJXLZZWPWvBlg,KOMPASTV,BREAKING NEWS - Sidang Vonis Ferdy Sambo & Putri Candrawathi di Kasus Pembunuhan Yosua,"Sahabat KompasTV, jangan lupa like, comment, dan subscribe channel YouTube KompasTV, juga aktifkan lonceng notifikasi agar tidak ketinggalan update mengenai isu-isu terkini di Indonesia.

Jangan lewatkan live streaming KompasTV 24 jam non stop di https://www.kompas.tv/live. Agar tidak ketinggalan berita-berita terkini, terlengkap, serta laporan langsung dari berbagai daerah di Indonesia, yuk subscribe channel youtube KompasTV. Aktifkan juga lonceng supaya kamu dapat notifikasi video terbaru dari KompasTV. 

Sahabat KompasTV juga bisa memperoleh informasi terkini melalui website: www.kompas.tv

Media sosial KompasTV: 
Facebook: https://www.facebook.com/KompasTV 
Instagram: https://www.instagram.com/kompastv 
Twitter: https://twitter.com/KompasTV 
LINE: https://line.me/ti/p/%40KompasTV",2023-02-13T12:31:18Z,PT10H36M40S,1694932,11741,0,262
_Ks5n6K1sJ8,UCntgJ6BZe79nQuN7ZqsnTiQ,KABARIN ID,INGAT FERDY SAMBO? PUTRANYA KINI SEORANG TARUNA AKPOL CALON JENDERAL MASA DEPAN #shortsvideo #sambo,INGAT FERDY SAMBO? PUTRANYA KINI SEORANG TARUNA AKPOL CALON JENDERAL MASA DEPAN #shortsvideo #sambo,2024-07-21T10:15:01Z,PT49S,2102052,17365,0,2223
cfrBaE5GnNE,UCzl0OrB3-ehunyotIQvK77A,METRO TV ,Mahfud MD Pertanyakan DPR yang Hanya Diam atas Kasus Ferdy Sambo #KICKANDY,"MetroTV, 

Di episode kali ini, Andy F Noya akan mengundang tokoh yang sikapnya kerap turut serta “mengontrol” isu-isu sensitif.

Bagaimana Mahfud MD menjawabnya? Andy F Noya akan mengonfirmasinya di #KickAndyDoubleCheck ""Mahfud Cari Panggung?"" 

FULL LINK : https://youtu.be/9JASUMqrty0

#MahfudCariPanggung? #mahfudmd #kickandyshow #kickandy #KickAndyDoubleCheck #Metrotv #topreviewmetrotv",2023-02-20T04:28:57Z,PT13M56S,1608893,14086,0,6769
YaDuODKhTp8,UCdOovgmIPfj9a-o3VP5i2_g,MerdekaDotCom,Animasi Detik-detik Ferdy Sambo eksekusi BrigadirJ #merdekadotcom #ferdysambo,,2022-08-31T10:30:07Z,PT1M,1607574,13281,0,760
dp7zqojpEwY,UCmxAIW7RDDC88EPk4ry16Kg,Tribunnews,KUHP Baru Jadi Celah Ferdy Sambo Lolos Eksekusi Mati Jika Berkelakuan Baik selama 10 Tahun Percobaan,"Baca Selengkapnya di https://video.tribunnews.com/view/555110/kuhp-baru-jadi-celah-ferdy-sambo-lolos-eksekusi-mati-jika-berkelakuan-baik-selama-10-tahun-percobaan

TRIBUN-VIDEO.COM - Vonis hukuman mati terhadap Ferdy Sambo menjadi sorotan.

Diketahui Ferdy Sambo divonis hukuman mati oleh hakim pada Senin (13/2).

Namun Ferdy Sambo dikatakan dapat lolos dari hukuman mati dengan adanya KUHP baru.

Host: Umi
VP: Yudi Irwansyah

#ferdysambo #brigadirj 
#beritaterbaru #beritaterkini #beritaviral #live #breakingnews",2023-02-14T06:25:56Z,PT49S,1708753,8925,0,609
tCfiZCYR-nY,UC5BMIWZe9isJXLZZWPWvBlg,KOMPASTV,[FULL] Animasi Rekonstruksi Pembunuhan Yosua di Rumah Ferdy Sambo Dirilis oleh Polri,"JAKARTA, KOMPAS TV - Polri melalui Polri TV merilis video animasi rekonstruksi pembunuhan Yosua di rumah dinas Ferdy Sambo.

Video bermula ketika rombongan Putri Candrawathi bersama para ajudan tiba di rumah dinas Ferdy Sambo Jalan Duren Tiga.

Putri kemudian langsung menuju kamar. Bharada Eliezer dan Bripka Ricky masuk ke dalam rumah dinas.

Sementara, Yosua berada di halaman rumah menunggu.

Baca Juga [FULL] Keterangan Polisi Usai Rekonstruksi Penembakan Yosua di Rumah Ferdy Sambo di https://www.kompas.tv/article/323937/full-keterangan-polisi-usai-rekonstruksi-penembakan-yosua-di-rumah-ferdy-sambo

Tak lama, Ferdy Sambo tiba menggunakan mobil lainnya. Di depan rumah, Ferdy sempat menjatuhkan pistol.

Video animasi pembunuhan Yosua sempat memperlihatkan Ferdy Sambo meminta Eliezer cepat menembak Yosua.

Setelahnya, Ferdy Sambo turun menembak bagian belakang kepala Yosua yang telah tersungkur berdarah.

Video Editor: Febi Ramdani

Artikel ini bisa dilihat di :  https://www.kompas.tv/article/323948/full-animasi-rekonstruksi-pembunuhan-yosua-di-rumah-ferdy-sambo-dirilis-oleh-polri",2022-08-31T02:33:56Z,PT2M14S,1491322,5400,0,972
yh8odp2As8w,UC5BMIWZe9isJXLZZWPWvBlg,KOMPASTV,"Ferdy Sambo Ajak Eliezer ""Kita Berdua Yang Bertanggung Jawab"" #shorts","Ferdy Sambo membantah adanya kalimat penembakan untuk Yosua, serta mengatakan dan meminta Eliezer untuk  bertanggung jawab bersama atas kasus ini. 

Tulis tanggapanmu di kolom komentar dan baca selengkapnya di www.kompas.tv dan youtube.com/kompastv",2022-12-13T10:58:00Z,PT58S,1487023,19175,0,2947
hGb5u2aYSVA,UCdygRiDGTM9kjc-7hrrB-7Q,Harian Surya,Ada Jenderal Bintang 3 Takut Tangani Kasus Irjen Ferdy Sambo,"VP: Rendra Kurniawan

Jakarta, Surya.co.id

Pengacara Brigadir J, Kamaruddin Simanjuntak menyebut ada jenderal bintang tiga yang merasa ketakutan saat menangani kasus Ferdy Sambo.

Mulanya Kamaruddin membahas soal uang senilai Rp 200 juta milik Brigadir J yang ditransfer seseorang ke rekening Bripka RR.

Kamaruddin lalu menduga yang melakukan hal tersebut adalah Ferdy Sambo.

Ia lantas meminta PPATK untuk turut serta menyelidiki kasus pembunuhan Brigadir J .

Kamaruddin mengaku ada jenderal bintang tiga yang bercerita, merasa ketakutan saat menangani kasus Ferdy Sambo.

Kamaruddin mengaku tak tahu apakah jenderal bintang tiga tersebut serius atau hanya bercanda.

Akan tetapi menurutnya, Ferdy Sambo memang memiliki sosok 'pelindung'.

Kamaruddin kemudian menceritakan momen saat ia mengirim bukti soal pembunuhan Brigadir J ke penyidik.

Kamaruddin menjelaskan saat itu penyidik malah ketakutan.

Ia menyebut penyidik takut jika handphonenya dipantau, bahkan ada juga penyidik yang menolak bukti.

WEBSITE: 
http://surabaya.tribunnews.com/ 

Instagram:
http://instagram.com/suryaonline

Facebook:
https://www.facebook.com/SURYAonline/

#ferdysambo
#jenderalbintang3
#brigadirj
#irjrnferdysambo
#kapolri
#polisi
#penembakanpolisi 
#hariansurya
#suryaonline",2022-08-26T01:06:06Z,PT1M,1440180,18042,0,728
kEOfj65Pdcg,UCdOovgmIPfj9a-o3VP5i2_g,MerdekaDotCom,🔴 LIVE NOW - Bharada Eliezer Bersaksi di Sidang Hadapi Ferdy Sambo dan Putri Candrawathi,"MERDEKA.COM - Richard Eliezer alias Bharada E, bersama Bripka Ricky Rizal dan Kuat Ma'ruf akan bersaksi dalam persidangan dengan terdakwa mantan Kepala Divisi Profesi dan Pengamanan (Kadiv Propam) Polri Ferdy Sambo dan Putri Candrawathi, Selasa (13/12) hari ini. 

Dalam persidangan, Eliezer menyatakan siap menghadapi langsung dengan mantan atasannya dalam persidangan lanjutan kasus pembunuhan Brigadir J atau Yosua Hutabarat. Diketahui juga status Eliezer dalam kasus ini sebagai justice collaborator.

----
#merdekadotcom

MORE VIDEOS: https://video.merdeka.com/

Produced by https://www.merdeka.com
KLN Apps ► http://www.kln.id/apps/

----
Youtube ► https://www.youtube.com/merdekacomvideonews
Vidio ► https://www.vidio.com/@merdeka
Twitter ► https://twitter.com/merdekadotcom
Facebook ► https://www.facebook.com/MDKcom
Telegram ► https://t.me/merdekacomnewsupdate",2022-12-13T07:21:11Z,PT3H56M20S,1426992,9981,0,1364
LRlCnjhcq1c,UCRS97c0Niq_kCTsidmMp8pQ,RDA Channel,Cantiknya Anak Ferdy Sambo #shorts,cantiknya anak Ferdy Sambo repost from hello denim,2022-08-22T08:43:05Z,PT15S,1403940,7537,0,1574
smZmP6aDao4,UCmxAIW7RDDC88EPk4ry16Kg,Tribunnews,"Video Lama Irjen Ferdy Sambo Viral seusai Dinonaktifkan, Sebut akan Tindak Oknum Pencoreng Institusi","Baca Selengkapnya di https://video.tribunnews.com/view/418785/video-lama-irjen-ferdy-sambo-viral-seusai-dinonaktifkan-sebut-akan-tindak-oknum-pencoreng-institusi

TRIBUN-VIDEO.COM - Kadiv Propam Polri nonaktif, Irjen Ferdy Sambo menjadi perhatian publik setelah Brigadir J tewas mengenaskan di rumah dinasnya.

Kini, video lawas Irjen Ferdy Sambo ketika masih menjabat sebagai Kadiv Propam Polri, viral di media sosial.

Ia mengungkapkan pesan Kapolri Kapolri Jenderal Listyo Sigit Prabowo agar memberlakukan penegakan hukum tegas bagi para oknum polisi yang mencoreng institusi.

Host: Tini Afshin
VP: Yogi Putra",2022-07-23T06:04:23Z,PT3M26S,1397349,6285,0,3191
Qi8ltzDC7C8,UCfZsRZxlCaaSHb4OS48hj7g,Hiburan Populer,KASUSNYA VIRAL KEMBALI!? Begini Kabar Terbaru Ferdy Sambo Usai 2 Tahun Berlalu,"Apakah kalian masih ingat dengan sosok satu ini? Ya tentu saja ya, siapa yang tidak ingat dengan kasus ini. Kasus yang membuat geger satu Indonesia. Nah, kabarnya nih, atau berita terbarunya nih, Ferdy Sambo, mantan Kadiv Propam Polri, telah dinyatakan bersalah atas kasus pembunuhan Brigadir Yosua Hutabarat atau Brigadir J. Belum selesai disitu, Ferdy Sambo sekarang kabarnya tengah menghadapi masalah baru setelah keluarga almarhum Brigadir J mengajukan gugatan perdata di Pengadilan Negeri Jakarta Selatan yang nilai tuntutannya senilai miliaran rupiah. Kalian penasaran dengan kabar terbarunya? Seperti apa babak baru kasus ini? Mari kita simak ulasan lengkapnya berikut ini.

For Business: hiburanpopuler@gmail.com
===============================
Selamat datang di #hiburanpopuler, channel youtube #indonesia yang membahas berita terbaru seputar #dunia #hiburan. Di sini Anda akan menemukan video-video yang informatif, menghibur, dan menarik tentang #artis #beritaartis #gosipartis #vídeoviral #viral #kabarartis #beritaviral #film #musik #drama, dan banyak lagi. Kami akan mengupdate Anda dengan #berita berita terhangat dan terpercaya dari sumber-sumber terkemuka. Jangan lupa untuk subscribe, like, dan share channel kami agar tidak ketinggalan video-video terbaru dari Hiburan Populer. Terima kasih telah menonton dan selamat bersenang-senang! 😊

Disclaimer: 
gambar artis, ataupun #video artis terbaru dan #berita artis terupdate yang ada di Channel ini terkadang berasal dari berbagai sumber media lain. Hak Cipta sepenuhnya dipegang oleh sumber tersebut. Jika ada masalah terkait hal ini, Anda dapat menghubungi kami.",2024-07-23T05:15:00Z,PT8M2S,1400527,5772,0,1451
z7pEL_GDCqY,UCmxAIW7RDDC88EPk4ry16Kg,Tribunnews,"[FULL] Ferdy Sambo Dicecar Hakim di Sidang Obstruction of Justice: Saya Berdosa, Semua Salah Saya","TRIBUN-VIDEO.COM - Ferdy Sambo merasa berdosa terhadap 6 terdakwa kasus perintangan penyidikan atau obstruction of justice.

Lantaran akibat skenario bohong yang dibuatnya soal tewasnya Brigadir Pol Nofriansyah Yosua Hutabarat, rekannya tersebut dipecat tidak dengan hormat dan harus menjalani proses pidana.

Keenam orang adalah, Hendra Kurniawan, Agus Nurpatria, Arif Rachman Arifin, Baiquni Wibowo, Chuck Putranto, dan Irfan Widyanto.

“Saya sesali ini, saya berdosa sama mereka dan keluarga berat sekali beban yang harus saya tanggung,” ucap Ferdy Sambo saat menjadi saksi mahkota dalam sidang untuk terdakwa Hendra Kurniawan, Agus Nurpatria, dan Arif Rachman Arifin dalam kasus Perintangan Penyidikan atau Obstruction of Justice di Pengadilan Negeri Jakarta Selatan, Kamis Malam (5/1/2023).

Dalam sidang, Ferdy Sambo mengaku sudah membuat pernyataan di setiap tingkat pemeriksaan baik di etik maupun penyidikan.

Bahwasanya, 6 orang yang saat ini menjalani proses pidana maupun disanksi etik tidak bersalah dan tidak tahu menahu soal skenario bohong tewasnya Yosua.(*)


#beritaterbaru #beritaterkini #beritaviral #live #breakingnews #putricandrawathi #bharadae #kuatmaruf #brigadiryosua #rickyrizal #sidang #cctv #pnjaksel #pengadilan #sidangsambo #brigadirj #sambo #ferdysambo #brigadirjoshua",2023-01-06T06:03:10Z,PT1H29M55S,1325277,9312,0,2133
nJR8MxYZL8k,UCwFc1bMj5KFxX8BJ1wBRuzw,Tribun MedanTV,TERKUAK Alasan Ferdy Sambo Selamat dari Vonis Mati Berjasa kepada Negara!,"TRIBUN-MEDAN.COM - Hukuman Ferdy Sambo mendapat keringanan dari Mahkamah Agung (MA) bikin warganet murka.

Tak sedikit warganet yang menyayangkan keputusan MA dalam menyunat masal hukuman para tersangka kasus pembunuhan Brigadir J.

Dilansir dari Kompas.com, Ferdy Sambo dinilai telah berjasa terhadap negara selama menjadi anggota Korps Bhayangkara.

Hal itu menjadi pertimbangan Majelis Kasasi mengubah vonis mati terhadap Ferdy Sambo menjadi seumur hidup.

Hal ini yang dinilai oleh Majelis Hakim Kasasi tidak dipertimbangkan oleh Pengadilan Negeri Jakarta Selatan atau Pengadilan tingkat pertama dan Pengadilan Tinggi Jakarta di tingkat banding.

Bergabung dengan channel ini untuk mendapatkan akses ke berbagai keuntungan:
https://www.youtube.com/channel/UCwFc1bMj5KFxX8BJ1wBRuzw/join",2023-08-28T09:26:05Z,PT1M,1333244,14508,0,4125
LMG91DEOHdg,UCPeJD9TMy-MVczAomWVHNlw,Informasi Update,5 dugaan Kebohongan Ferdy Sambo #ferdysambo #brigadirj #bharadae #beritaviral  #shorts,,2022-08-14T10:51:22Z,PT19S,1320437,8491,0,191
OjSZ-6kHw7c,UCPAxpUn1mrn14xU0JpsLhDg,Kompas.com,Begini Reaksi Ferdy Sambo Saat Hakim Vonis Hukuman Mati,"Inilah momen saat Majelis Hakim memvonis hukuman mati kepada Ferdy Sambo dalam kasus pembunuhan berencan terhadap Nofriansyah Yosua Hutabarat.
Sidang vonis hukuman Ferdy Sambo digelar di Pengadilan Negeri Jakarta Selatan pada Senin (13/2/2023).

Hakim menyebut, Ferdy Sambo terbukti secara sah dan meyakinkan bersalah melakukan tindak pidana turut serta melakukan  pembunuhan dan tanpa hak melakukan perbuatan yang barakibat sistem elektronik tidak bekerja sebagaimana mestinya yang dilakukan bersama-sama.

Suara riuh dari peserta sidang terdengar di persidangan saat vonis tersebut dibacakan.
Namun, tidak bagi Ferdy Sambo, ia hanya terdiam dan berusaha bersikap tenang saat hakim Wahyu Iman Santoso membacakan vonis mati kepada dirinya.

Sebelumnya, JPU telah menuntut Ferdy Sambo hukuman pidana penjara seumur hidup dalam kasus dugaan pembunuhan berencana dan obstruction of justice atau perintangan penyidikan kasus Brigadir J.

Namun, Ferdy Sambo sempat meminta hakim membeskannya dari segala hukuman dan meminta nama baiknya untuk dipulihkan.

Simak selengkapnya dalam video berikut.

Penulis Naskah: Putri Aulia
Video Editor: Putri Aulia
Produser: Ira Gita Natalia Sembiring
Musik: Kurt - Cheel

#JernihkanHarapan #VonisFerdySambo #VonismatiFerdySambo











Artikel ini bisa dilihat di : https://video.kompas.com/watch/255435/begini-reaksi-ferdy-sambo-saat-hakim-vonis-hukuman-mati",2023-02-13T09:25:49Z,PT3M48S,1287423,7443,0,2417
mxOhReqb3NY,UCwFc1bMj5KFxX8BJ1wBRuzw,Tribun MedanTV,ANAK FERDY SAMBO Keciduk Jenguk Putri Candrawathi di Kejagung Jadi Sorotan Warganet,"TRIBUN-MEDAN.com – Mendadak anak Ferdy Sambo jadi sorotan publik di media sosial, lantaran ia terpantau menjenguk orang tuanya di Kejaksaan Agung.

Hal ini diketahui melalui video yang beredar di media sosial Instagram.

Dalam video tersebut, terlihat anak Ferdy Sambo yang bernama Trisha mengenakan pakaian berwarna hitam dan didampingi oleh seorang wanita dan pria yang disebut ajudan.

Tampak juga seorang pria yang berpakaian dinas Kejagung yang sedang terlibat dalam obrolan tersebut.

Baca selengkapnya di www.tribun-medan.com
https://medan.tribunnews.com/2022/11/09/anak-ferdy-sambo-keciduk-jenguk-putri-candrawathi-di-kejagung-jadi-sorotan-warganet",2022-11-09T05:48:47Z,PT57S,1237339,9150,0,1610
9pFueEMeB4k,UCzl0OrB3-ehunyotIQvK77A,METRO TV ,"Terindikasi Beri Kesaksian Palsu, Susi ART Ferdy Sambo","MetroTV, Susi selaku Asisten Rumah Tangga Ferdy Sambo diancam akan diproses pidana oleh Majelis Hakim lantaran memberikan keterangan yang berubah-ubah dalam persidangan dengan terdakwa Richard Eliezer Pudihang Lumiu alias Bharada E, Senin (31/10/2022).

Hakim menanyakan kronologi kejadian di Magelang kepada Susi, tetapi Susi kerap memberikan jawaban yang berubah-ubah. Hal tersebut membuat Majelis Hakim geram mencecar Susi agar dapat memberikan jawaban secara cepat.

#Metrotv #richardeliezer #sidangsambo #ferdysambo #art #kesaksianpalsu #ferdysambo",2022-10-31T06:40:13Z,PT16M21S,1197335,8260,0,3016
FgUBQTEY_3M,UCmxAIW7RDDC88EPk4ry16Kg,Tribunnews,"Reaksi Ferdy Sambo Lihat Rekaman CCTV Putri Naik Lift dengan Kuat, Tertunduk sampai Lepas Kacamata","BACA SELENGKAPNYA https://video.tribunnews.com/view/517945/reaksi-ferdy-sambo-lihat-rekaman-cctv-putri-naik-lift-dengan-kuat-tertunduk-sampai-lepas-kacamata

TRIBUN-VIDEO.COM - Dalam sidang kasus pembunuhan Brigadir J, majelis hakim terlihat tahu betul ada yang tak beres dari rekaman CCTV yang diterima ahli digital forensik.

Hal ini lantaran dari setidaknya 53 rekaman CCTV namun sudah tersimpan dalam Flashdisk.

Ahli digital forensik yang dihadirkan menjadi saksi pun mengaku tak menerima DVR CCTV tersebut.

Host : Siska Mawaski
Vp : Dedhi Ajib Ramadhani

#beritaterbaru #beritaterkini #beritaviral #live #breakingnews",2022-12-21T07:13:42Z,PT3M19S,1186742,3128,0,1610
JSWEhyphYuQ,UC5BMIWZe9isJXLZZWPWvBlg,KOMPASTV,BREAKING NEWS! Ferdy Sambo Tersangka Pembunuhan Brigadir J,"Sahabat Kompas TV, jangan lupa like, comment, dan subscribe channel YouTube Kompas TV, juga aktifkan lonceng notifikasi agar tidak ketinggalan update mengenai isu-isu terkini di Indonesia.

Jangan lewatkan live streaming Kompas TV 24 jam non stop di https://www.kompas.tv/live. 

Sahabat Kompas TV juga bisa memperoleh informasi terkini melalui website: www.kompas.tv

Media sosial Kompas TV: 
Facebook: https://www.facebook.com/KompasTV 
Instagram: https://www.instagram.com/kompastv 
Twitter: https://twitter.com/KompasTV 
LINE: https://line.me/ti/p/%40KompasTV

#beritahariini #kompastv #ferdysambotersangka

(CC:EM)",2022-08-09T11:56:19Z,PT11M31S,1144015,15009,0,6438
JfwMWCFPZPY,UCMzeVf1cGe6RSK0Olh8AVtw,GenPI co,Hubungan Di Antara Ferdy Sambo dan Fadil Imran,,2022-08-23T23:43:36Z,PT15S,1136196,4167,0,301
dGTecG5M9qo,UCdygRiDGTM9kjc-7hrrB-7Q,Harian Surya,"Terkuak Alasan Ferdy Sambo Tembak Brigadir J? Disebut Bocor ke Publik, Pakar Sudah Sadari Kebohongan","VP: Rendra Kurniawan

Jakarta, Surya.co.id

Alasan Irjen Ferdy Sambo tembak Brigadir J kini dipertanyakan publik.

Namun, Menko Polhukam Mahfud MD mengatakan bahwa alasan Irjen Ferdy Sambo tembak Brigadir J sudah didengar publik.

Di sisi lain, pakar mikro ekspresi sudah sadari kebohongan Irjen Ferdy Sambo.

Irjen Ferdy Sambo juga merekayasa adanya peristiwa baku tembak dan juga diduga berupaya menghilangkan CCTV.

Tapi, Irjen Ferdy Sambo tampaknya masih enggan blak-blakan terkait motif apa yang ia gunakan saat menghabisi Brigadir J.

Sebab diakui Kapolri Jenderal Polisi Listyo Sigit Prabowo, motif pembunuhan berencana itu masih ditelisik.

Kendati demikian, fakta soal motif tersebut sejatinya sudah diketahui aparat penegak hukum dan disebut bocor ke publik.

Hal itu seperti kata Menko Polhukam, Mahfud MD yang membocorkan kisi-kisi perihal motif Irjen Ferdy Sambo membunuh Brigadir J.

Mahfud MD mengistilahkan kasus kematian Brigadir J seperti orang hamil yang mau melahirkan tapi sulit. Terpaksa harus operasi caesar. Prosesnya lama, kontraksi terjadi terus,"" ujar Mahfud MD.

Tapi akhirnya kata Mahfud MD, Kapolri bisa mengeluarkan bayi dengan selamat.

Saat ditanya wartawan terkait motif pembunuhan Brigadir J, Mahfud MD enggan berterus terang.

Namun, Mahfud MD memberikan sedikit bocoran.

Ternyata motif pembunuhan berencana yang dilakukan Irjen Ferdy Sambo terhadap Brigadir J adalah karena hal bersifat dewasa alias 18 tahun ke atas (18+)

""Soal motif, biar nanti dikonstruksi hukumnya, karena sensitif mungkin hukumnya dan hanya boleh didengar orang-orang dewasa. Apa itu motifnya? kan sudah sering didengar masyarakat,"" ujar Mahfud MD.

Berita selengkapnya: https://www.google.com/amp/s/bogor.tribunnews.com/amp/2022/08/11/cinta-segiempat-muncul-di-kasus-tewasnya-brigadir-j-oleh-ferdy-sambo-mahfud-md-ungkap-bocoran-info

WEBSITE: 
http://surabaya.tribunnews.com/ 

Instagram:
http://instagram.com/suryaonline

Facebook:
https://www.facebook.com/SURYAonline/

#hariansurya
#suryaonline",2022-08-11T02:27:38Z,PT1M51S,1123828,4752,0,1434
YaDuODKhTp8,UCdOovgmIPfj9a-o3VP5i2_g,MerdekaDotCom,Animasi Detik-detik Ferdy Sambo eksekusi BrigadirJ #merdekadotcom #ferdysambo,,2022-08-31T10:30:07Z,PT1M,1607574,13281,0,760
dp7zqojpEwY,UCmxAIW7RDDC88EPk4ry16Kg,Tribunnews,KUHP Baru Jadi Celah Ferdy Sambo Lolos Eksekusi Mati Jika Berkelakuan Baik selama 10 Tahun Percobaan,"Baca Selengkapnya di https://video.tribunnews.com/view/555110/kuhp-baru-jadi-celah-ferdy-sambo-lolos-eksekusi-mati-jika-berkelakuan-baik-selama-10-tahun-percobaan

TRIBUN-VIDEO.COM - Vonis hukuman mati terhadap Ferdy Sambo menjadi sorotan.

Diketahui Ferdy Sambo divonis hukuman mati oleh hakim pada Senin (13/2).

Namun Ferdy Sambo dikatakan dapat lolos dari hukuman mati dengan adanya KUHP baru.

Host: Umi
VP: Yudi Irwansyah

#ferdysambo #brigadirj 
#beritaterbaru #beritaterkini #beritaviral #live #breakingnews",2023-02-14T06:25:56Z,PT49S,1708753,8925,0,609
tCfiZCYR-nY,UC5BMIWZe9isJXLZZWPWvBlg,KOMPASTV,[FULL] Animasi Rekonstruksi Pembunuhan Yosua di Rumah Ferdy Sambo Dirilis oleh Polri,"JAKARTA, KOMPAS TV - Polri melalui Polri TV merilis video animasi rekonstruksi pembunuhan Yosua di rumah dinas Ferdy Sambo.

Video bermula ketika rombongan Putri Candrawathi bersama para ajudan tiba di rumah dinas Ferdy Sambo Jalan Duren Tiga.

Putri kemudian langsung menuju kamar. Bharada Eliezer dan Bripka Ricky masuk ke dalam rumah dinas.

Sementara, Yosua berada di halaman rumah menunggu.

Baca Juga [FULL] Keterangan Polisi Usai Rekonstruksi Penembakan Yosua di Rumah Ferdy Sambo di https://www.kompas.tv/article/323937/full-keterangan-polisi-usai-rekonstruksi-penembakan-yosua-di-rumah-ferdy-sambo

Tak lama, Ferdy Sambo tiba menggunakan mobil lainnya. Di depan rumah, Ferdy sempat menjatuhkan pistol.

Video animasi pembunuhan Yosua sempat memperlihatkan Ferdy Sambo meminta Eliezer cepat menembak Yosua.

Setelahnya, Ferdy Sambo turun menembak bagian belakang kepala Yosua yang telah tersungkur berdarah.

Video Editor: Febi Ramdani

Artikel ini bisa dilihat di :  https://www.kompas.tv/article/323948/full-animasi-rekonstruksi-pembunuhan-yosua-di-rumah-ferdy-sambo-dirilis-oleh-polri",2022-08-31T02:33:56Z,PT2M14S,1491317,5400,0,972
yh8odp2As8w,UC5BMIWZe9isJXLZZWPWvBlg,KOMPASTV,"Ferdy Sambo Ajak Eliezer ""Kita Berdua Yang Bertanggung Jawab"" #shorts","Ferdy Sambo membantah adanya kalimat penembakan untuk Yosua, serta mengatakan dan meminta Eliezer untuk  bertanggung jawab bersama atas kasus ini. 

Tulis tanggapanmu di kolom komentar dan baca selengkapnya di www.kompas.tv dan youtube.com/kompastv",2022-12-13T10:58:00Z,PT58S,1487023,19175,0,2947
hGb5u2aYSVA,UCdygRiDGTM9kjc-7hrrB-7Q,Harian Surya,Ada Jenderal Bintang 3 Takut Tangani Kasus Irjen Ferdy Sambo,"VP: Rendra Kurniawan

Jakarta, Surya.co.id

Pengacara Brigadir J, Kamaruddin Simanjuntak menyebut ada jenderal bintang tiga yang merasa ketakutan saat menangani kasus Ferdy Sambo.

Mulanya Kamaruddin membahas soal uang senilai Rp 200 juta milik Brigadir J yang ditransfer seseorang ke rekening Bripka RR.

Kamaruddin lalu menduga yang melakukan hal tersebut adalah Ferdy Sambo.

Ia lantas meminta PPATK untuk turut serta menyelidiki kasus pembunuhan Brigadir J .

Kamaruddin mengaku ada jenderal bintang tiga yang bercerita, merasa ketakutan saat menangani kasus Ferdy Sambo.

Kamaruddin mengaku tak tahu apakah jenderal bintang tiga tersebut serius atau hanya bercanda.

Akan tetapi menurutnya, Ferdy Sambo memang memiliki sosok 'pelindung'.

Kamaruddin kemudian menceritakan momen saat ia mengirim bukti soal pembunuhan Brigadir J ke penyidik.

Kamaruddin menjelaskan saat itu penyidik malah ketakutan.

Ia menyebut penyidik takut jika handphonenya dipantau, bahkan ada juga penyidik yang menolak bukti.

WEBSITE: 
http://surabaya.tribunnews.com/ 

Instagram:
http://instagram.com/suryaonline

Facebook:
https://www.facebook.com/SURYAonline/

#ferdysambo
#jenderalbintang3
#brigadirj
#irjrnferdysambo
#kapolri
#polisi
#penembakanpolisi 
#hariansurya
#suryaonline",2022-08-26T01:06:06Z,PT1M,1440180,18042,0,728
kEOfj65Pdcg,UCdOovgmIPfj9a-o3VP5i2_g,MerdekaDotCom,🔴 LIVE NOW - Bharada Eliezer Bersaksi di Sidang Hadapi Ferdy Sambo dan Putri Candrawathi,"MERDEKA.COM - Richard Eliezer alias Bharada E, bersama Bripka Ricky Rizal dan Kuat Ma'ruf akan bersaksi dalam persidangan dengan terdakwa mantan Kepala Divisi Profesi dan Pengamanan (Kadiv Propam) Polri Ferdy Sambo dan Putri Candrawathi, Selasa (13/12) hari ini. 

Dalam persidangan, Eliezer menyatakan siap menghadapi langsung dengan mantan atasannya dalam persidangan lanjutan kasus pembunuhan Brigadir J atau Yosua Hutabarat. Diketahui juga status Eliezer dalam kasus ini sebagai justice collaborator.

----
#merdekadotcom

MORE VIDEOS: https://video.merdeka.com/

Produced by https://www.merdeka.com
KLN Apps ► http://www.kln.id/apps/

----
Youtube ► https://www.youtube.com/merdekacomvideonews
Vidio ► https://www.vidio.com/@merdeka
Twitter ► https://twitter.com/merdekadotcom
Facebook ► https://www.facebook.com/MDKcom
Telegram ► https://t.me/merdekacomnewsupdate",2022-12-13T07:21:11Z,PT3H56M20S,1426996,9981,0,1364
LRlCnjhcq1c,UCRS97c0Niq_kCTsidmMp8pQ,RDA Channel,Cantiknya Anak Ferdy Sambo #shorts,cantiknya anak Ferdy Sambo repost from hello denim,2022-08-22T08:43:05Z,PT15S,1403940,7537,0,1574
smZmP6aDao4,UCmxAIW7RDDC88EPk4ry16Kg,Tribunnews,"Video Lama Irjen Ferdy Sambo Viral seusai Dinonaktifkan, Sebut akan Tindak Oknum Pencoreng Institusi","Baca Selengkapnya di https://video.tribunnews.com/view/418785/video-lama-irjen-ferdy-sambo-viral-seusai-dinonaktifkan-sebut-akan-tindak-oknum-pencoreng-institusi

TRIBUN-VIDEO.COM - Kadiv Propam Polri nonaktif, Irjen Ferdy Sambo menjadi perhatian publik setelah Brigadir J tewas mengenaskan di rumah dinasnya.

Kini, video lawas Irjen Ferdy Sambo ketika masih menjabat sebagai Kadiv Propam Polri, viral di media sosial.

Ia mengungkapkan pesan Kapolri Kapolri Jenderal Listyo Sigit Prabowo agar memberlakukan penegakan hukum tegas bagi para oknum polisi yang mencoreng institusi.

Host: Tini Afshin
VP: Yogi Putra",2022-07-23T06:04:23Z,PT3M26S,1397349,6285,0,3191
Qi8ltzDC7C8,UCfZsRZxlCaaSHb4OS48hj7g,Hiburan Populer,KASUSNYA VIRAL KEMBALI!? Begini Kabar Terbaru Ferdy Sambo Usai 2 Tahun Berlalu,"Apakah kalian masih ingat dengan sosok satu ini? Ya tentu saja ya, siapa yang tidak ingat dengan kasus ini. Kasus yang membuat geger satu Indonesia. Nah, kabarnya nih, atau berita terbarunya nih, Ferdy Sambo, mantan Kadiv Propam Polri, telah dinyatakan bersalah atas kasus pembunuhan Brigadir Yosua Hutabarat atau Brigadir J. Belum selesai disitu, Ferdy Sambo sekarang kabarnya tengah menghadapi masalah baru setelah keluarga almarhum Brigadir J mengajukan gugatan perdata di Pengadilan Negeri Jakarta Selatan yang nilai tuntutannya senilai miliaran rupiah. Kalian penasaran dengan kabar terbarunya? Seperti apa babak baru kasus ini? Mari kita simak ulasan lengkapnya berikut ini.

For Business: hiburanpopuler@gmail.com
===============================
Selamat datang di #hiburanpopuler, channel youtube #indonesia yang membahas berita terbaru seputar #dunia #hiburan. Di sini Anda akan menemukan video-video yang informatif, menghibur, dan menarik tentang #artis #beritaartis #gosipartis #vídeoviral #viral #kabarartis #beritaviral #film #musik #drama, dan banyak lagi. Kami akan mengupdate Anda dengan #berita berita terhangat dan terpercaya dari sumber-sumber terkemuka. Jangan lupa untuk subscribe, like, dan share channel kami agar tidak ketinggalan video-video terbaru dari Hiburan Populer. Terima kasih telah menonton dan selamat bersenang-senang! 😊

Disclaimer: 
gambar artis, ataupun #video artis terbaru dan #berita artis terupdate yang ada di Channel ini terkadang berasal dari berbagai sumber media lain. Hak Cipta sepenuhnya dipegang oleh sumber tersebut. Jika ada masalah terkait hal ini, Anda dapat menghubungi kami.",2024-07-23T05:15:00Z,PT8M2S,1400527,5772,0,1451
z7pEL_GDCqY,UCmxAIW7RDDC88EPk4ry16Kg,Tribunnews,"[FULL] Ferdy Sambo Dicecar Hakim di Sidang Obstruction of Justice: Saya Berdosa, Semua Salah Saya","TRIBUN-VIDEO.COM - Ferdy Sambo merasa berdosa terhadap 6 terdakwa kasus perintangan penyidikan atau obstruction of justice.

Lantaran akibat skenario bohong yang dibuatnya soal tewasnya Brigadir Pol Nofriansyah Yosua Hutabarat, rekannya tersebut dipecat tidak dengan hormat dan harus menjalani proses pidana.

Keenam orang adalah, Hendra Kurniawan, Agus Nurpatria, Arif Rachman Arifin, Baiquni Wibowo, Chuck Putranto, dan Irfan Widyanto.

“Saya sesali ini, saya berdosa sama mereka dan keluarga berat sekali beban yang harus saya tanggung,” ucap Ferdy Sambo saat menjadi saksi mahkota dalam sidang untuk terdakwa Hendra Kurniawan, Agus Nurpatria, dan Arif Rachman Arifin dalam kasus Perintangan Penyidikan atau Obstruction of Justice di Pengadilan Negeri Jakarta Selatan, Kamis Malam (5/1/2023).

Dalam sidang, Ferdy Sambo mengaku sudah membuat pernyataan di setiap tingkat pemeriksaan baik di etik maupun penyidikan.

Bahwasanya, 6 orang yang saat ini menjalani proses pidana maupun disanksi etik tidak bersalah dan tidak tahu menahu soal skenario bohong tewasnya Yosua.(*)


#beritaterbaru #beritaterkini #beritaviral #live #breakingnews #putricandrawathi #bharadae #kuatmaruf #brigadiryosua #rickyrizal #sidang #cctv #pnjaksel #pengadilan #sidangsambo #brigadirj #sambo #ferdysambo #brigadirjoshua",2023-01-06T06:03:10Z,PT1H29M55S,1325277,9312,0,2133
nJR8MxYZL8k,UCwFc1bMj5KFxX8BJ1wBRuzw,Tribun MedanTV,TERKUAK Alasan Ferdy Sambo Selamat dari Vonis Mati Berjasa kepada Negara!,"TRIBUN-MEDAN.COM - Hukuman Ferdy Sambo mendapat keringanan dari Mahkamah Agung (MA) bikin warganet murka.

Tak sedikit warganet yang menyayangkan keputusan MA dalam menyunat masal hukuman para tersangka kasus pembunuhan Brigadir J.

Dilansir dari Kompas.com, Ferdy Sambo dinilai telah berjasa terhadap negara selama menjadi anggota Korps Bhayangkara.

Hal itu menjadi pertimbangan Majelis Kasasi mengubah vonis mati terhadap Ferdy Sambo menjadi seumur hidup.

Hal ini yang dinilai oleh Majelis Hakim Kasasi tidak dipertimbangkan oleh Pengadilan Negeri Jakarta Selatan atau Pengadilan tingkat pertama dan Pengadilan Tinggi Jakarta di tingkat banding.

Bergabung dengan channel ini untuk mendapatkan akses ke berbagai keuntungan:
https://www.youtube.com/channel/UCwFc1bMj5KFxX8BJ1wBRuzw/join",2023-08-28T09:26:05Z,PT1M,1333244,14508,0,4125
LMG91DEOHdg,UCPeJD9TMy-MVczAomWVHNlw,Informasi Update,5 dugaan Kebohongan Ferdy Sambo #ferdysambo #brigadirj #bharadae #beritaviral  #shorts,,2022-08-14T10:51:22Z,PT19S,1320437,8491,0,191
OjSZ-6kHw7c,UCPAxpUn1mrn14xU0JpsLhDg,Kompas.com,Begini Reaksi Ferdy Sambo Saat Hakim Vonis Hukuman Mati,"Inilah momen saat Majelis Hakim memvonis hukuman mati kepada Ferdy Sambo dalam kasus pembunuhan berencan terhadap Nofriansyah Yosua Hutabarat.
Sidang vonis hukuman Ferdy Sambo digelar di Pengadilan Negeri Jakarta Selatan pada Senin (13/2/2023).

Hakim menyebut, Ferdy Sambo terbukti secara sah dan meyakinkan bersalah melakukan tindak pidana turut serta melakukan  pembunuhan dan tanpa hak melakukan perbuatan yang barakibat sistem elektronik tidak bekerja sebagaimana mestinya yang dilakukan bersama-sama.

Suara riuh dari peserta sidang terdengar di persidangan saat vonis tersebut dibacakan.
Namun, tidak bagi Ferdy Sambo, ia hanya terdiam dan berusaha bersikap tenang saat hakim Wahyu Iman Santoso membacakan vonis mati kepada dirinya.

Sebelumnya, JPU telah menuntut Ferdy Sambo hukuman pidana penjara seumur hidup dalam kasus dugaan pembunuhan berencana dan obstruction of justice atau perintangan penyidikan kasus Brigadir J.

Namun, Ferdy Sambo sempat meminta hakim membeskannya dari segala hukuman dan meminta nama baiknya untuk dipulihkan.

Simak selengkapnya dalam video berikut.

Penulis Naskah: Putri Aulia
Video Editor: Putri Aulia
Produser: Ira Gita Natalia Sembiring
Musik: Kurt - Cheel

#JernihkanHarapan #VonisFerdySambo #VonismatiFerdySambo











Artikel ini bisa dilihat di : https://video.kompas.com/watch/255435/begini-reaksi-ferdy-sambo-saat-hakim-vonis-hukuman-mati",2023-02-13T09:25:49Z,PT3M48S,1287428,7444,0,2417
mxOhReqb3NY,UCwFc1bMj5KFxX8BJ1wBRuzw,Tribun MedanTV,ANAK FERDY SAMBO Keciduk Jenguk Putri Candrawathi di Kejagung Jadi Sorotan Warganet,"TRIBUN-MEDAN.com – Mendadak anak Ferdy Sambo jadi sorotan publik di media sosial, lantaran ia terpantau menjenguk orang tuanya di Kejaksaan Agung.

Hal ini diketahui melalui video yang beredar di media sosial Instagram.

Dalam video tersebut, terlihat anak Ferdy Sambo yang bernama Trisha mengenakan pakaian berwarna hitam dan didampingi oleh seorang wanita dan pria yang disebut ajudan.

Tampak juga seorang pria yang berpakaian dinas Kejagung yang sedang terlibat dalam obrolan tersebut.

Baca selengkapnya di www.tribun-medan.com
https://medan.tribunnews.com/2022/11/09/anak-ferdy-sambo-keciduk-jenguk-putri-candrawathi-di-kejagung-jadi-sorotan-warganet",2022-11-09T05:48:47Z,PT57S,1237339,9150,0,1610
9pFueEMeB4k,UCzl0OrB3-ehunyotIQvK77A,METRO TV ,"Terindikasi Beri Kesaksian Palsu, Susi ART Ferdy Sambo","MetroTV, Susi selaku Asisten Rumah Tangga Ferdy Sambo diancam akan diproses pidana oleh Majelis Hakim lantaran memberikan keterangan yang berubah-ubah dalam persidangan dengan terdakwa Richard Eliezer Pudihang Lumiu alias Bharada E, Senin (31/10/2022).

Hakim menanyakan kronologi kejadian di Magelang kepada Susi, tetapi Susi kerap memberikan jawaban yang berubah-ubah. Hal tersebut membuat Majelis Hakim geram mencecar Susi agar dapat memberikan jawaban secara cepat.

#Metrotv #richardeliezer #sidangsambo #ferdysambo #art #kesaksianpalsu #ferdysambo",2022-10-31T06:40:13Z,PT16M21S,1197335,8260,0,3016
FgUBQTEY_3M,UCmxAIW7RDDC88EPk4ry16Kg,Tribunnews,"Reaksi Ferdy Sambo Lihat Rekaman CCTV Putri Naik Lift dengan Kuat, Tertunduk sampai Lepas Kacamata","BACA SELENGKAPNYA https://video.tribunnews.com/view/517945/reaksi-ferdy-sambo-lihat-rekaman-cctv-putri-naik-lift-dengan-kuat-tertunduk-sampai-lepas-kacamata

TRIBUN-VIDEO.COM - Dalam sidang kasus pembunuhan Brigadir J, majelis hakim terlihat tahu betul ada yang tak beres dari rekaman CCTV yang diterima ahli digital forensik.

Hal ini lantaran dari setidaknya 53 rekaman CCTV namun sudah tersimpan dalam Flashdisk.

Ahli digital forensik yang dihadirkan menjadi saksi pun mengaku tak menerima DVR CCTV tersebut.

Host : Siska Mawaski
Vp : Dedhi Ajib Ramadhani

#beritaterbaru #beritaterkini #beritaviral #live #breakingnews",2022-12-21T07:13:42Z,PT3M19S,1186742,3128,0,1610
JSWEhyphYuQ,UC5BMIWZe9isJXLZZWPWvBlg,KOMPASTV,BREAKING NEWS! Ferdy Sambo Tersangka Pembunuhan Brigadir J,"Sahabat Kompas TV, jangan lupa like, comment, dan subscribe channel YouTube Kompas TV, juga aktifkan lonceng notifikasi agar tidak ketinggalan update mengenai isu-isu terkini di Indonesia.

Jangan lewatkan live streaming Kompas TV 24 jam non stop di https://www.kompas.tv/live. 

Sahabat Kompas TV juga bisa memperoleh informasi terkini melalui website: www.kompas.tv

Media sosial Kompas TV: 
Facebook: https://www.facebook.com/KompasTV 
Instagram: https://www.instagram.com/kompastv 
Twitter: https://twitter.com/KompasTV 
LINE: https://line.me/ti/p/%40KompasTV

#beritahariini #kompastv #ferdysambotersangka

(CC:EM)",2022-08-09T11:56:19Z,PT11M31S,1144015,15009,0,6438
JfwMWCFPZPY,UCMzeVf1cGe6RSK0Olh8AVtw,GenPI co,Hubungan Di Antara Ferdy Sambo dan Fadil Imran,,2022-08-23T23:43:36Z,PT15S,1136196,4167,0,301
dGTecG5M9qo,UCdygRiDGTM9kjc-7hrrB-7Q,Harian Surya,"Terkuak Alasan Ferdy Sambo Tembak Brigadir J? Disebut Bocor ke Publik, Pakar Sudah Sadari Kebohongan","VP: Rendra Kurniawan

Jakarta, Surya.co.id

Alasan Irjen Ferdy Sambo tembak Brigadir J kini dipertanyakan publik.

Namun, Menko Polhukam Mahfud MD mengatakan bahwa alasan Irjen Ferdy Sambo tembak Brigadir J sudah didengar publik.

Di sisi lain, pakar mikro ekspresi sudah sadari kebohongan Irjen Ferdy Sambo.

Irjen Ferdy Sambo juga merekayasa adanya peristiwa baku tembak dan juga diduga berupaya menghilangkan CCTV.

Tapi, Irjen Ferdy Sambo tampaknya masih enggan blak-blakan terkait motif apa yang ia gunakan saat menghabisi Brigadir J.

Sebab diakui Kapolri Jenderal Polisi Listyo Sigit Prabowo, motif pembunuhan berencana itu masih ditelisik.

Kendati demikian, fakta soal motif tersebut sejatinya sudah diketahui aparat penegak hukum dan disebut bocor ke publik.

Hal itu seperti kata Menko Polhukam, Mahfud MD yang membocorkan kisi-kisi perihal motif Irjen Ferdy Sambo membunuh Brigadir J.

Mahfud MD mengistilahkan kasus kematian Brigadir J seperti orang hamil yang mau melahirkan tapi sulit. Terpaksa harus operasi caesar. Prosesnya lama, kontraksi terjadi terus,"" ujar Mahfud MD.

Tapi akhirnya kata Mahfud MD, Kapolri bisa mengeluarkan bayi dengan selamat.

Saat ditanya wartawan terkait motif pembunuhan Brigadir J, Mahfud MD enggan berterus terang.

Namun, Mahfud MD memberikan sedikit bocoran.

Ternyata motif pembunuhan berencana yang dilakukan Irjen Ferdy Sambo terhadap Brigadir J adalah karena hal bersifat dewasa alias 18 tahun ke atas (18+)

""Soal motif, biar nanti dikonstruksi hukumnya, karena sensitif mungkin hukumnya dan hanya boleh didengar orang-orang dewasa. Apa itu motifnya? kan sudah sering didengar masyarakat,"" ujar Mahfud MD.

Berita selengkapnya: https://www.google.com/amp/s/bogor.tribunnews.com/amp/2022/08/11/cinta-segiempat-muncul-di-kasus-tewasnya-brigadir-j-oleh-ferdy-sambo-mahfud-md-ungkap-bocoran-info

WEBSITE: 
http://surabaya.tribunnews.com/ 

Instagram:
http://instagram.com/suryaonline

Facebook:
https://www.facebook.com/SURYAonline/

#hariansurya
#suryaonline",2022-08-11T02:27:38Z,PT1M51S,1123828,4752,0,1434
VkeOOgggu1o,UCzl0OrB3-ehunyotIQvK77A,METRO TV ,Ferdy Sambo Bertanya ke Bharada E: Berani Kamu Tembak Yosua? Siap Komandan!! #shorts,"MetroTV, Sidang perdana Richand Eliezer terkait kasus pembunuhan berencana Brigadir Nopriansyah Yosua Hutabarat (Brigadir J) hari ini di PN Jakarta Selatan, Selasa 18 Oktober 2022.

Saksi Fery Sambo mengutarakan niat jahatnya dengan bertanya kepada terdakwa Richard Eliezer Pudihang Lumiu ""Berani Kau tembak Yosua?"" Atas pertanya Saksi Ferdy Sambo Tersebut lalu terdakwa Richard Eliezer Pudihang Lumiu menyatakan kesediannya ""Siap Komandan!!"" Mendengan kesedian dan kesiap terdakwa Richard Eliezer Pudihang Lumiu untuk menembak Nopriansyah Yosua Hutabarat lalu saksi Fedy Sambo langsung menyerahkan satu kotak peluru 9mm Richard Eliezer Pudihang di saksikan oleh saksi Putri Candrawathi dimana satu kotak peluru 9mm tersebut telah di persiapkan untuk digunakan merampas nyawa korban Nopriansyah Yosua Hutabarat

#metrotv 
#sidangsambocs
#ferdysambo
#richandeliezer
#brigadirj
#sambopnjaksel",2022-10-18T03:44:55Z,PT54S,1101033,10419,0,664
OyVMbR000SY,UCPAxpUn1mrn14xU0JpsLhDg,Kompas.com,5 Kebohongan Irjen Ferdy Sambo yang Akhirnya Terbongkar,"Irjen Ferdy Sambo telah ditetapkan sebagai tersangka kasus dugaan pembunuhan berencana terhadap Brigadir J.
Butuh waktu sekitar satu bulan untuk polisi mengungkap Sambo sebagai otak dari pembunuhan anak buahnya.
Peristiwa yang terjadi sebenarnya ternyata berbeda jauh dengan narasi Sambo di awal.
Kasus kematian Brigadir J pun kini mulai menemui titik terang.

Berikut Kompas.com rangkum 5 kebohongan Irjen Ferdy Sambo yang akhirnya terbongkar.

Simak selengkapnya dalam video berikut.

Video Jurnalis: Pramulya Sadewa, Claudia Aviolola,
Penulis: Fitria Chusna Farisa

Penulis Naskah: Fathira Deiza A

Narator: Fathira Deiza A

Video Editor: Bernard Siahaan

Produser: Rose Komala Dewi

Music: Lands Unknown by Futuremono, Savior Search by DJ Freedem

#JernihkanHarapan #KebohonganFerdySambo #KasusBrigadirJ


Artikel ini bisa dilihat di : https://video.kompas.com/watch/170497/5-kebohongan-irjen-ferdy-sambo-yang-akhirnya-terbongkar",2022-08-13T03:52:22Z,PT3M47S,1086759,5561,0,858
JmGB8xEJri4,UCwnth5d26KTvEGhbQQUfFgw,PETUALANG DAN EXPLORE ,"SERAM❗INILAH KONDISI TERKINI RUMAH KOSONG JENDERAL FERDY SAMBO DI 2025 , ADA MOBIL PUTIH DIDALAM","Assalamualaikum warahmatullahi wabarokatuh 
Salam sejahtera salam bhinneka tunggal Ika 

Ok ges kali ini saya berkunjung kerumah dinasnya Ferdy Sambo di komplek perumahan polri duren tiga Jakarta Selatan 
Untuk melihat kondisi terkini nya setelah kejadian tragedi pemb.berencana 2,5 tahun yang lalu .
Tampak masih kosong dan terkesan horor dan auranya beda 
Dan terlihat juga ada satu mobil 4WD terparkir di belakang rumah ini ..kira kira itu mobil siapa ??? 

Ok simak aja videonya sampe tuntas dan jangan lupa ya
Klik tombol SUCBCRIBE, LIKE KOMEN DAN SHARE OK 
TERIMA KASIH....

#ferdysambo #ferdysamboterbaru #walkingtourjakarta 
#jakartahariini #walkingtour #ferdysambodanbrigadirj 
#ferdysambotersangka #petualangexplore

TONTON JUGA KONDISI MALAM HARINYA
RUMAH DINAS INI SANGAT HOROR TANPA LAMPU 

👉 https://youtu.be/dOfm3fMGLW4",2025-01-24T03:30:08Z,PT10M28S,1099397,5845,0,746
r4_bQ_JjH-0,UCOCLjtNu5kZ0TnfqwSZIAHg,Planet Kering,KABAR TERBARU FERDY SAMBO #ferdysambo #polisi #viral,"Pada video kali ini kami membahas tentang kabar terbaru mantan kadiv propam ferdy sambo

Jangan lupa dukung channel ini dengan cara Subscribe, Like dan Comment untuk lebih banyak lagi video dari channel Planet Kering. Terima Kasih",2025-02-14T03:15:03Z,PT18S,1341931,14259,0,959
xkuQRjpmX8w,UCK1Kuy7v_dXDkRmwCXMGgbA,Dunia Politik ,Hubungan Istri Ferdy Sambo Dengan Ajudan Ternyata Sudah 14 Tahun,,2025-08-02T09:41:55Z,PT9S,3707327,3347,0,39
xcMCAcqfvDM,UC5BMIWZe9isJXLZZWPWvBlg,KOMPASTV,Hasil Sidang Putusan: Ferdy Sambo Divonis Hukuman Mati!,"JAKARTA, KOMPAS.TV - Ferdy sambo, terdakwa kasus pembunuhan Brigadir Nofriansyah Yosua Hutabarat atau Brigadir J, divonis hukuman mati.

Majelis hakim menjelaskan, putusan sudah berdasarkan hasil pemeriksaan berkas dan surat-surat yang berkaitan dengan kasus perkara ini.

""Menjatuhkan pidana kepada terdakwa dengan pidana mati,"" ujar Wahyu Iman Santoso, Senin (13/2/2023).

Baca Juga Hakim: Unsur Pembunuhan Berencana Brigadir J oleh Ferdy Sambo Terpenuhi, Sangat Rapi dan Sistematis di https://www.kompas.tv/article/377961/hakim-unsur-pembunuhan-berencana-brigadir-j-oleh-ferdy-sambo-terpenuhi-sangat-rapi-dan-sistematis

Selain itu, putusan juga ditetapkan berdasarkan hasil mendengarkan keterangan saksi, ahli, dan pihak-pihak terkait; serta penjelasan, bukti-bukti, dan tuntutan pidana ataupun perdata terhadap terdakwa.

Majelis hakim tidak luput mempertimbangkan paparan penasihat hukum terdakwa dan argumen terdakwa pribadi dalam persidangan.

Video editor: Vila Randita

Artikel ini bisa dilihat di :  https://www.kompas.tv/article/378008/hasil-sidang-putusan-ferdy-sambo-divonis-hukuman-mati",2023-02-13T08:31:07Z,PT51S,960782,6259,0,1730
FnDxKx77mTo,UCy2Btvc-6CIXnEneOLh0PLg,Mrs. Jahad,#shorts hakim morgan simanjuntak disidang ferdy sambo #focusnews,terimakasih♡,2022-10-13T11:25:59Z,PT16S,918966,4253,0,94
-3eqMUUTprU,UCK1Kuy7v_dXDkRmwCXMGgbA,Dunia Politik ,Terungkap Hubungan Istri Ferdi Sambo Dan Mantan Ajudan,,2025-07-20T11:03:59Z,PT11S,3226102,4253,0,50
F1oiN656Hys,UCdOovgmIPfj9a-o3VP5i2_g,MerdekaDotCom,TANPA KOMPROMI! Kadiv Propam Irjen Ferdy Sambo Babat Habis Anggota Nakal,"MERDEKA.COM - Kadiv Propam Irjen Ferdy Sambo mengingatkan anggotanya untuk taat pada peraturan. Dia bakal menindak tegas anggota yang melakukan pelanggaran.

Ferdy tidak akan kompromi jika ada yang melakukan pemerasan dan menerima gratifikasi. Selain itu, Ferdy juga menyinggung soal penggunaan media sosial yang tidak sesuai ketentuan.

Sumber video:
- https://www.instagram.com/p/Ce_Ixo7sGNJ/

----

MORE VIDEOS: https://video.merdeka.com/

Produced by https://www.merdeka.com
KLN Apps ► http://www.kln.id/apps/

----
Youtube ► https://www.youtube.com/merdekacomvideonews
Vidio ► https://www.vidio.com/@merdeka
Twitter ► https://twitter.com/merdekadotcom
Facebook ► https://www.facebook.com/MDKcom
Telegram ► https://t.me/merdekacomnewsupdate",2022-06-20T01:57:58Z,PT2M45S,881612,3700,0,2579
yAm-t4VNliE,UC5BMIWZe9isJXLZZWPWvBlg,KOMPASTV,Sambo dan Eliezer Saling Bantah Soal Penembakan Yosua di Persidangan,"JAKARTA, KOMPAS.TV - Dua terdakwa pembunuhan berencana terhadap Nofriansyah Yosua Hutabarat atau Brigadir J itu saling tuding sekaligus saling bantah soal kematian Yosua.

Terdakwa Ferdy Sambo menegaskan tidak ikut menembak Nofriansyah Yosua Hutabarat alias Brigadir J ketika insiden penembakan di rumah dinas Komplek Perumahan Polri, Duren Tiga, Jakarta Selatan.

Klaim itu disampaikan Sambo, saat hadir sebagai saksi dalam perkara dugaan pembunuhan berencana Brigadir J atas terdakwa Richard Eliezer, Kuat Maruf, dan Ricky Rizal.

Baca Juga Bela Kesaksian Eliezer, Ronny Talapessy: Sambo Maju ke Depan, Tembak Yosua di https://www.kompas.tv/article/360378/bela-kesaksian-eliezer-ronny-talapessy-sambo-maju-ke-depan-tembak-yosua

Sementara itu, di depan hakim, Bharada E dengan tegas menyatakan, Ferdy Sambo memerintahkan dirinya untuk membunuh dengan menembak Brigadir J. Bahkan, ia menyebut Sambo lah yang memberikan senjata jenis pistol kepada dirinya.

Kemudian Ferdy Sambo mengelak, ia membantah keterangan dari Bharada E tersebut. Ia bahkan menuding apa yang dikatakan Eliezer adalah keterangan palsu karena tidak sesuai fakta.

Video editor: Bara Bima Hardika

Artikel ini bisa dilihat di :  https://www.kompas.tv/article/361817/sambo-dan-eliezer-saling-bantah-soal-penembakan-yosua-di-persidangan",2022-12-25T11:27:34Z,PT4M53S,883677,4519,0,681
ui8HYFjXUss,UCdOovgmIPfj9a-o3VP5i2_g,MerdekaDotCom,"FERDY SAMBO ""NGEMIS"" JABATAN, Viral Video Lawas saat di Polda Metro Jaya #merdekadotcom #ferdysambo",,2022-08-23T14:09:56Z,PT55S,853718,7093,0,1109
VlkJ9p0imSY,UCemzw-XZm0Xf5M3XW9Qg4kg,Ragam senapan,Ferdy sambo terjebak pertanyaan Hakim#shorts,,2022-12-17T15:51:42Z,PT53S,846222,10891,0,855
h2M8ktkCeCo,UCu9g2ID__kol_6aqQJTn9kg,Tribun Pontianak,®️ 🔴 Ternyata Wanita Ini Cinta Pertama Irjen Ferdy Sambo,"Putri Candrawathi (PC), istri Irjen Ferdy Sambo, resmi menjadi tersangka dalam kasus dugaan pembunuhan berencana terhadap Nofriansyah Yosua Hutabarat atau Brigadir J. 
Dikutip dari Kompas.com, sosok Putri pertama kali dikenal publik secara luas lantaran kasus kematian Brigadir J. 
Wanita berusia sekitar 49 tahun tersebut merupakan anak dari seorang pensiunan jenderal TNI dengan pangkat Brigadir Jenderal (Brigjen) atau jenderal bintang satu.
Dalam dunia pendidikan, Putri mengenyam pendidikan kedokteran dan memiliki gelar sebagai Dokter Gigi.

Putri adalah wanita keturunan Bali, tetapi tinggal di beberapa lokasi berbeda akibat mengikuti ayahnya bertugas. 
Saat SMP, Putri bersekolah di SMP Negeri 6 Makassar dan pertama kali bertemu dengan Ferdy Sambo. 
Teman dekat Putri dan Ferdy Sambo, Agussalim Narwis, mengatakan bahwa hubungan asmara keduanya sudah terjalin sejak di SMP.

Putri ternyata cinta pertamanya Ferdy Sambo. Mereka pacaran sejak SMP, yakni di SMPN 6 Makassar.

Namun, setamat SMP, Putri dan Ferdy Sambo berpisah karena Putri harus mengikuti ayahnya untuk bertugas ke Pulau Jawa.
Jika Putri ikut bapaknya yang pindah tugas. Ferdy masuk SMA 1 Makassar.
Agussalim mengungkapkan bahwa keduanya kemudian bertemu kembali setelah Ferdy Sambo menjadi polisi dan ditugaskan ke Pulau Jawa. 
Cinta pertama bersemi kembali, akhirnya mereka menikah.
Dari pernikahan mereka, Ferdy Sambo dan Putri telah dikaruniai empat orang anak.


#putri #candrawathi #tersangka #putricandrawathi #istri #irjen #ferdysambo #sambo #brigadirj #bharadae #update #terkini
Judul: Deep Inside
Artis: Global Genius
Tautan: https://business.facebook.com/creatorstudio/?tab=fm_sound_collection&sound_collection_tab=sound_tracks&reference=artist_attr&asset_id=760624727688520


Kumpulan video menarik, unik, viral, hiburan, dunia selebriti, gaya hidup, sport dan peristiwa terkini untuk Anda.

Simak berita selengkapnya di http://pontianak.tribunnews.com/
Simak Video Viral lainnya https://www.youtube.com/c/TribunSingkawang1

Follow us:

Instagram: https://www.instagram.com/tribunpontianak/
Facebook: https://www.facebook.com/TribunPontianakInteraktif/
Twitter: https://twitter.com/tribunpontianak
TikTok: tiktok.com/@tribunpontianak

Terima Kasih Telah Subscribe, Like, dan comment konten-konten menarik dari Kami.",2022-08-19T13:18:53Z,PT1M,845068,5302,0,411
FTdiJmhzOto,UCK6c4qk3hRaa6fMIEZrhiXQ,Tribun Timur,"SHORT | Ferdy Sambo Divonis Mati, Bagaimana Tahapan Eksekusi Mati bagi Terpidana?","#tribuntimur #tribunviral #ferdysambo #shorts 

TRIBUN-TIMUR.COM - Terpidana kasus pembunuhan berencana, Ferdy Sambo dijatuhi vonis hukuman mati oleh majelis hakim pada Senin kemarin.

Sambo menambah satu lagi daftar jenderal yang dijatuhi hukuman mati di Indonesia.

Lantas kapan eksekusi Sambo bisa dilaksanakan?

Mungkin ini menjadi pertanyaan bagi publik Indonesia sekarang.

Juga bagaimana tahapan eksekusi mati itu dilakukan.

Seorang mantan algojo eksekutor narapidana dengan vonis mati menceritakan pengalamannya mengeksekusi para terpidana mati.

Tak banyak yang tahu tentang urutan eksekusi mati yang harus dilalui para terpidana.

Pemerintah Indonesia menetapkan lokasi eksekusi hukuman mati di kompleks penjara pulau Nusa Kambangan yang terletak di lepas pantai Cilacap, Jawa Tengah.

Hukuman mati di Indonesia sudah dijatuhkan pada beberapa terpidana kasus narkoba, bahkan sudah ada yang pada tahap eksekusi.

Penjara Pulau Nusa Kambangan dapat menampung lebih dari 1.500 narapidana, termasuk mereka yang ditahan karena perdagangan narkoba dan terorisme.

Penjara Pulau Nusa Kambangan yang memiliki keamanan tingkat tinggi, yang dikenal oleh penduduk setempat sebagai Pulau Hantu.

Tempat eksekusi hukuman mati bisa dilakukan di beberapa wilayah sepi yang ada di Pulau Nusa Kambangan.

Akan tetapi, tempat yang paling terkenal adalah Situs Nirbaya dan Limus Buntu.

Ada beberapa urutan untuk proses eksekusi para terpidana hukuman mati.

Para terpidana mati biasanya ditempatkan di ruang isolasi terlebih dahulu.

Sebelum memasuki sel isolasi, mereka akan diberitahu kapan mereka akan dieksekusi dan diminta untuk menentukan 'tiga permintaan terakhir'.

Menurut hukum Indonesia, narapidana harus diberitahu kapan eksekusi mereka akan terjadi setidaknya 72 jam sebelum eksekusi hukuman mati dilakukan.

Tugas dari eksekusi hukuman mati itu dilakukan oleh regu tembak yang berjumlah 12 orang.

Dikutip dari Intisari dan The Guardian, berikut urutan hukuman eksekusi mati, menurut mantan algojo.

1. Sebuah regu tembak berjumlah 12 orang yang terdiri atas penembak yang sangat terlatih dipilih, dengan dua orang tambahan siap siaga.

Mereka secara khusus yang dipilih memiliki usia 20-an, secara fisik dan mental juga harus cocok untuk tugas tersebut.

2. Para tahanan ditutup matanya dan kebanyakan mengarah ke salah satu dari dua bidang eksekusi, yakni Nirbaya atau Limus Buntu.

3. Narapidana diberikan pilihan untuk duduk, berdiri, atau berlutut sebelum dieksekusi.

4. Para penembak kemudian akan menembak secara bersamaan ke arah terpidana, membidik lurus ke jantungnya.

Mereka jarang menembak meleset karena sebelumnya diberikan pelatihan tambahan untuk mengasah keterampilan menembak.

Menurut beberapa sumber, hanya tiga senapan laras panjang yang diisi peluru, sementara sembilan senapan lain diisi peluru hampa.

5. Narapidana harus mati dalam satu menit.

6. Jika terpidana tidak langsung mati, seorang penembak dapat diminta untuk menembak kepala terpidana, tepat di atas telinganya.

Narator : Wa Ode Nurmin
Editor : Muhamad Asrul

(TRIBUN-TIMUR.COM)
Update info terkini via http://tribun-timur.com/

Follow akun Instagram http://bit.ly/IGTribunTimur
Follow akun Twitter http://bit.ly/twitterTribunTimur
Follow dan like fanpage Facebook http://bit.ly/FBTribunTimurMks
YouTube business inquiries: 081144407111",2023-02-17T08:40:02Z,PT58S,822342,8421,0,210
wI8BAX6JlRs,UC-00f9wTgxf7JaT2Jia8-KA,PENA KECIL,SAD!S | DIBALIK EKSEKUS! BRIGADIR JOSUA DAN MANIPULASI FERDY SAMBO!,"Assalamualaikum warahmatulahi wabarahkatuh, hallo sahabat, jumpa lagi dalam segmen ulasan pena, segmen yang akan membahas cerita kisah nyata, misteri, fakta sejarah, kejadian tragis dan kisah kisah menarik lainya dari penjuru dunia. 

 Penembakan Brigadir J di Duren tiga.

DISCLAIMER :
Konten dalam channel ini tidak mendukung tindakan ilegal dalam bentuk apapun. Ilustrasi dibuat oleh  @penakecilofficial  hanya untuk mengilustrasikan jalanya cerita. Tidak ada hubungan dengan siapapun yang hidup ataupun yang sudah mati, tempat, profesi dan apapun itu. Semua dibuat hanya untuk hiburan semata. Ambil sisi baiknya dan buang sisi buruknya. 
______________________________________________________________________________________________
______________________________________________________________________________________________
#ceritainspiratif #storytelling #filmpendek #kisahnyata #kisahkriminal #jejakperistiwa #olahtkp #kronologi #fakta #faktaunik #police #hukum",2025-04-05T11:30:39Z,PT10M49S,843752,2256,0,431
OvbW-zBxgRo,UC2GiRC2rCMAcHBJKfvuCrmA,Rumah Idaman ,Rumah Dinas Ferdy Sambo Yang Kini Terbengkalai Tak Terurus Dipenuhi Rumput,,2025-07-27T09:01:30Z,PT4S,3307673,2478,0,98
WN_nHsyd7kg,UCB1fvlA5xmLJ0tZblpoTuaQ,VIVA.CO.ID,"Ferdy Sambo: Hanya 0,01 Persen Polisi Yang Langgar Aturan #vivacoid #ferdysambo #sambo","VIVA - Irjen Ferdy Sambo mengatakan bahwa ia sudah menyelesaikan kasus-kasus polisi yang melenceng. Simak video selengkapnya di sini https://youtu.be/3PDZS9OgrHE

Baca berita terbaru, terkini dan terpopuler disini https://www.viva.co.id/",2022-08-13T12:00:32Z,PT31S,803024,7481,0,2673
oKV3YXiOzLc,UCRObaWKEG55XLWjd67_2wjA,MDTV NEWS OFFICIAL,LIVE : Kapolri Blak-blakan di DPR Soal Ferdy Sambo,"Subscribe Official NET. News Youtube Channel:
https://www.youtube.com/OfficialNetNews

dan ikuti berita-berita terkini di NET. News via streaming di: http://www.netmedia.co.id/live-streaming

serta baca beritanya di:
http://news.netmedia.co.id

Follow & Mention Twitter kami: https://twitter.com/OfficialNETNews

Follow & Like Facebook Fanpage kami: https://www.facebook.com/OfficialNETNews

Follow & Share Instagram kami:
https://www.instagram.com/officialnet.news

---

Syarat & Ketentuan: http://bit.ly/1jAbOYj",2022-08-24T14:37:31Z,PT10H43M25S,785377,5782,0,97
DQL1R-X6ikY,UC1QpnGo11epfexw1bIiTHTg,Liputan6,Viral! Video Ferdy Sambo Joget Bareng Krishna Murti #Shorts,"Liputan6 - Viral! Video Ferdy Sambo Joget Bareng Krishna Murti #Shorts 

Sebuah video lama yang menampilkan momen saat tersangka pembunuhan Brigadir J, Ferdy Sambo tengah berjoget bareng mantan pimpinannya, Krishna Murti menyeruak di media sosial.

#ferdysambo #krishnamurti #brigadirj #liputan6sctv #liputan6 
-------------------------------------
Simak berita lainnya di: https://www.youtube.com/channel/UC1QpnGo11epfexw1bIiTHTg/videos

Liputan 6 SCTV adalah program berita televisi nasional yang berada di bawah naungan Elang Mahkota Teknologi (Emtek) Group. Liputan 6 SCTV juga menyajikan informasi dalam bentuk live report dan breaking news. Tayang siaran langsung, setiap hari di saluran tv SCTV pada program Liputan 6 Pagi, Liputan 6 Siang, Liputan 6 Petang Terkini, dan Liputan 6 Malam.

Ikuti media sosial Liputan 6 SCTV untuk mendapatkan informasi Aktual, Tajam, Terpercaya. 

Liputan 6 SCTV Official Instagram: https://www.instagram.com/liputan6.sctv/
Liputan 6 SCTV Official Tiktok: https://www.tiktok.com/@liputan6.sctv
Liputan 6 SCTV Official Facebook : https://www.facebook.com/Liputan6SCTV
SCTV Facebook Fanpage: https://www.facebook.com/SCTV
SCTV Official Twitter: https://twitter.com/SCTV",2022-08-19T13:00:07Z,PT30S,775264,3710,0,456
eu9qR4rWXVo,UC5BMIWZe9isJXLZZWPWvBlg,KOMPASTV,"Ungkapan Hati Anak Buah Ferdy Sambo: Marah, Kesal, hingga Berdamai dengan Diri","JAKARTA, KOMPAS.TV - Mantan anak buah Ferdy Sambo menangis dan marah ke mantan bosnya itu. Peristiwa tangis dan amarah mereka terjadi di persidangan terkait pembunuhan Brigadir Yosua.

Irfan Widyanto juga mengungkapkan penyesalannya ikut terseret dalam kasus ini. Irfan juga menjadi terdakwa dalam kasus obstruction of justice atau merintangi penyidikan pembunuhan Brigadir Yosua. 

Sementara itu, eks Kepala Biro Pengamanan Internal Hendra Kurniawan saat ditanya hakim mengenai perasaannya setelah tahu dia dibohongi dalam kasus ini oleh Ferdy Sambo menyebut dia sudah berdamai dengan dirinya.

Baca Juga Anak Buah Sambo Saling Bantah soal Perintah, Apa Ini Jadi Strategi untuk Menyelamatkan Diri? di https://www.kompas.tv/article/359367/anak-buah-sambo-saling-bantah-soal-perintah-apa-ini-jadi-strategi-untuk-menyelamatkan-diri

Saksi lain yakni mantan kepala bagian penegakan hukum provos polri di Div Propam Polri Kombes Susanto Haris juga meluapkan kekecewaan dan amarahnya kepada Ferdy Sambo.

Kesedihan dan kekecewaan juga disampaikan Arif Rachman saat bersaksi di PN Jakarta Selatan.

Arif rachman mengaku kecewa karena terlibat dalam kasus perintangan penyidikan atau Obstruction of Justice.

Video editor: Bara Bima Hardika

Artikel ini bisa dilihat di :  https://www.kompas.tv/article/361816/ungkapan-hati-anak-buah-ferdy-sambo-marah-kesal-hingga-berdamai-dengan-diri",2022-12-25T11:09:52Z,PT5M33S,755703,4220,0,826
OyVMbR000SY,UCPAxpUn1mrn14xU0JpsLhDg,Kompas.com,5 Kebohongan Irjen Ferdy Sambo yang Akhirnya Terbongkar,"Irjen Ferdy Sambo telah ditetapkan sebagai tersangka kasus dugaan pembunuhan berencana terhadap Brigadir J.
Butuh waktu sekitar satu bulan untuk polisi mengungkap Sambo sebagai otak dari pembunuhan anak buahnya.
Peristiwa yang terjadi sebenarnya ternyata berbeda jauh dengan narasi Sambo di awal.
Kasus kematian Brigadir J pun kini mulai menemui titik terang.

Berikut Kompas.com rangkum 5 kebohongan Irjen Ferdy Sambo yang akhirnya terbongkar.

Simak selengkapnya dalam video berikut.

Video Jurnalis: Pramulya Sadewa, Claudia Aviolola,
Penulis: Fitria Chusna Farisa

Penulis Naskah: Fathira Deiza A

Narator: Fathira Deiza A

Video Editor: Bernard Siahaan

Produser: Rose Komala Dewi

Music: Lands Unknown by Futuremono, Savior Search by DJ Freedem

#JernihkanHarapan #KebohonganFerdySambo #KasusBrigadirJ


Artikel ini bisa dilihat di : https://video.kompas.com/watch/170497/5-kebohongan-irjen-ferdy-sambo-yang-akhirnya-terbongkar",2022-08-13T03:52:22Z,PT3M47S,1086759,5561,0,858
JmGB8xEJri4,UCwnth5d26KTvEGhbQQUfFgw,PETUALANG DAN EXPLORE ,"SERAM❗INILAH KONDISI TERKINI RUMAH KOSONG JENDERAL FERDY SAMBO DI 2025 , ADA MOBIL PUTIH DIDALAM","Assalamualaikum warahmatullahi wabarokatuh 
Salam sejahtera salam bhinneka tunggal Ika 

Ok ges kali ini saya berkunjung kerumah dinasnya Ferdy Sambo di komplek perumahan polri duren tiga Jakarta Selatan 
Untuk melihat kondisi terkini nya setelah kejadian tragedi pemb.berencana 2,5 tahun yang lalu .
Tampak masih kosong dan terkesan horor dan auranya beda 
Dan terlihat juga ada satu mobil 4WD terparkir di belakang rumah ini ..kira kira itu mobil siapa ??? 

Ok simak aja videonya sampe tuntas dan jangan lupa ya
Klik tombol SUCBCRIBE, LIKE KOMEN DAN SHARE OK 
TERIMA KASIH....

#ferdysambo #ferdysamboterbaru #walkingtourjakarta 
#jakartahariini #walkingtour #ferdysambodanbrigadirj 
#ferdysambotersangka #petualangexplore

TONTON JUGA KONDISI MALAM HARINYA
RUMAH DINAS INI SANGAT HOROR TANPA LAMPU 

👉 https://youtu.be/dOfm3fMGLW4",2025-01-24T03:30:08Z,PT10M28S,1099397,5845,0,746
r4_bQ_JjH-0,UCOCLjtNu5kZ0TnfqwSZIAHg,Planet Kering,KABAR TERBARU FERDY SAMBO #ferdysambo #polisi #viral,"Pada video kali ini kami membahas tentang kabar terbaru mantan kadiv propam ferdy sambo

Jangan lupa dukung channel ini dengan cara Subscribe, Like dan Comment untuk lebih banyak lagi video dari channel Planet Kering. Terima Kasih",2025-02-14T03:15:03Z,PT18S,1341931,14259,0,959
xkuQRjpmX8w,UCK1Kuy7v_dXDkRmwCXMGgbA,Dunia Politik ,Hubungan Istri Ferdy Sambo Dengan Ajudan Ternyata Sudah 14 Tahun,,2025-08-02T09:41:55Z,PT9S,3707327,3347,0,39
xcMCAcqfvDM,UC5BMIWZe9isJXLZZWPWvBlg,KOMPASTV,Hasil Sidang Putusan: Ferdy Sambo Divonis Hukuman Mati!,"JAKARTA, KOMPAS.TV - Ferdy sambo, terdakwa kasus pembunuhan Brigadir Nofriansyah Yosua Hutabarat atau Brigadir J, divonis hukuman mati.

Majelis hakim menjelaskan, putusan sudah berdasarkan hasil pemeriksaan berkas dan surat-surat yang berkaitan dengan kasus perkara ini.

""Menjatuhkan pidana kepada terdakwa dengan pidana mati,"" ujar Wahyu Iman Santoso, Senin (13/2/2023).

Baca Juga Hakim: Unsur Pembunuhan Berencana Brigadir J oleh Ferdy Sambo Terpenuhi, Sangat Rapi dan Sistematis di https://www.kompas.tv/article/377961/hakim-unsur-pembunuhan-berencana-brigadir-j-oleh-ferdy-sambo-terpenuhi-sangat-rapi-dan-sistematis

Selain itu, putusan juga ditetapkan berdasarkan hasil mendengarkan keterangan saksi, ahli, dan pihak-pihak terkait; serta penjelasan, bukti-bukti, dan tuntutan pidana ataupun perdata terhadap terdakwa.

Majelis hakim tidak luput mempertimbangkan paparan penasihat hukum terdakwa dan argumen terdakwa pribadi dalam persidangan.

Video editor: Vila Randita

Artikel ini bisa dilihat di :  https://www.kompas.tv/article/378008/hasil-sidang-putusan-ferdy-sambo-divonis-hukuman-mati",2023-02-13T08:31:07Z,PT51S,960780,6259,0,1730
FnDxKx77mTo,UCy2Btvc-6CIXnEneOLh0PLg,Mrs. Jahad,#shorts hakim morgan simanjuntak disidang ferdy sambo #focusnews,terimakasih♡,2022-10-13T11:25:59Z,PT16S,918966,4253,0,94
-3eqMUUTprU,UCK1Kuy7v_dXDkRmwCXMGgbA,Dunia Politik ,Terungkap Hubungan Istri Ferdi Sambo Dan Mantan Ajudan,,2025-07-20T11:03:59Z,PT11S,3226094,4253,0,50
F1oiN656Hys,UCdOovgmIPfj9a-o3VP5i2_g,MerdekaDotCom,TANPA KOMPROMI! Kadiv Propam Irjen Ferdy Sambo Babat Habis Anggota Nakal,"MERDEKA.COM - Kadiv Propam Irjen Ferdy Sambo mengingatkan anggotanya untuk taat pada peraturan. Dia bakal menindak tegas anggota yang melakukan pelanggaran.

Ferdy tidak akan kompromi jika ada yang melakukan pemerasan dan menerima gratifikasi. Selain itu, Ferdy juga menyinggung soal penggunaan media sosial yang tidak sesuai ketentuan.

Sumber video:
- https://www.instagram.com/p/Ce_Ixo7sGNJ/

----

MORE VIDEOS: https://video.merdeka.com/

Produced by https://www.merdeka.com
KLN Apps ► http://www.kln.id/apps/

----
Youtube ► https://www.youtube.com/merdekacomvideonews
Vidio ► https://www.vidio.com/@merdeka
Twitter ► https://twitter.com/merdekadotcom
Facebook ► https://www.facebook.com/MDKcom
Telegram ► https://t.me/merdekacomnewsupdate",2022-06-20T01:57:58Z,PT2M45S,881612,3700,0,2579
yAm-t4VNliE,UC5BMIWZe9isJXLZZWPWvBlg,KOMPASTV,Sambo dan Eliezer Saling Bantah Soal Penembakan Yosua di Persidangan,"JAKARTA, KOMPAS.TV - Dua terdakwa pembunuhan berencana terhadap Nofriansyah Yosua Hutabarat atau Brigadir J itu saling tuding sekaligus saling bantah soal kematian Yosua.

Terdakwa Ferdy Sambo menegaskan tidak ikut menembak Nofriansyah Yosua Hutabarat alias Brigadir J ketika insiden penembakan di rumah dinas Komplek Perumahan Polri, Duren Tiga, Jakarta Selatan.

Klaim itu disampaikan Sambo, saat hadir sebagai saksi dalam perkara dugaan pembunuhan berencana Brigadir J atas terdakwa Richard Eliezer, Kuat Maruf, dan Ricky Rizal.

Baca Juga Bela Kesaksian Eliezer, Ronny Talapessy: Sambo Maju ke Depan, Tembak Yosua di https://www.kompas.tv/article/360378/bela-kesaksian-eliezer-ronny-talapessy-sambo-maju-ke-depan-tembak-yosua

Sementara itu, di depan hakim, Bharada E dengan tegas menyatakan, Ferdy Sambo memerintahkan dirinya untuk membunuh dengan menembak Brigadir J. Bahkan, ia menyebut Sambo lah yang memberikan senjata jenis pistol kepada dirinya.

Kemudian Ferdy Sambo mengelak, ia membantah keterangan dari Bharada E tersebut. Ia bahkan menuding apa yang dikatakan Eliezer adalah keterangan palsu karena tidak sesuai fakta.

Video editor: Bara Bima Hardika

Artikel ini bisa dilihat di :  https://www.kompas.tv/article/361817/sambo-dan-eliezer-saling-bantah-soal-penembakan-yosua-di-persidangan",2022-12-25T11:27:34Z,PT4M53S,883675,4519,0,681
ui8HYFjXUss,UCdOovgmIPfj9a-o3VP5i2_g,MerdekaDotCom,"FERDY SAMBO ""NGEMIS"" JABATAN, Viral Video Lawas saat di Polda Metro Jaya #merdekadotcom #ferdysambo",,2022-08-23T14:09:56Z,PT55S,853718,7093,0,1109
VlkJ9p0imSY,UCemzw-XZm0Xf5M3XW9Qg4kg,Ragam senapan,Ferdy sambo terjebak pertanyaan Hakim#shorts,,2022-12-17T15:51:42Z,PT53S,846222,10891,0,855
h2M8ktkCeCo,UCu9g2ID__kol_6aqQJTn9kg,Tribun Pontianak,®️ 🔴 Ternyata Wanita Ini Cinta Pertama Irjen Ferdy Sambo,"Putri Candrawathi (PC), istri Irjen Ferdy Sambo, resmi menjadi tersangka dalam kasus dugaan pembunuhan berencana terhadap Nofriansyah Yosua Hutabarat atau Brigadir J. 
Dikutip dari Kompas.com, sosok Putri pertama kali dikenal publik secara luas lantaran kasus kematian Brigadir J. 
Wanita berusia sekitar 49 tahun tersebut merupakan anak dari seorang pensiunan jenderal TNI dengan pangkat Brigadir Jenderal (Brigjen) atau jenderal bintang satu.
Dalam dunia pendidikan, Putri mengenyam pendidikan kedokteran dan memiliki gelar sebagai Dokter Gigi.

Putri adalah wanita keturunan Bali, tetapi tinggal di beberapa lokasi berbeda akibat mengikuti ayahnya bertugas. 
Saat SMP, Putri bersekolah di SMP Negeri 6 Makassar dan pertama kali bertemu dengan Ferdy Sambo. 
Teman dekat Putri dan Ferdy Sambo, Agussalim Narwis, mengatakan bahwa hubungan asmara keduanya sudah terjalin sejak di SMP.

Putri ternyata cinta pertamanya Ferdy Sambo. Mereka pacaran sejak SMP, yakni di SMPN 6 Makassar.

Namun, setamat SMP, Putri dan Ferdy Sambo berpisah karena Putri harus mengikuti ayahnya untuk bertugas ke Pulau Jawa.
Jika Putri ikut bapaknya yang pindah tugas. Ferdy masuk SMA 1 Makassar.
Agussalim mengungkapkan bahwa keduanya kemudian bertemu kembali setelah Ferdy Sambo menjadi polisi dan ditugaskan ke Pulau Jawa. 
Cinta pertama bersemi kembali, akhirnya mereka menikah.
Dari pernikahan mereka, Ferdy Sambo dan Putri telah dikaruniai empat orang anak.


#putri #candrawathi #tersangka #putricandrawathi #istri #irjen #ferdysambo #sambo #brigadirj #bharadae #update #terkini
Judul: Deep Inside
Artis: Global Genius
Tautan: https://business.facebook.com/creatorstudio/?tab=fm_sound_collection&sound_collection_tab=sound_tracks&reference=artist_attr&asset_id=760624727688520


Kumpulan video menarik, unik, viral, hiburan, dunia selebriti, gaya hidup, sport dan peristiwa terkini untuk Anda.

Simak berita selengkapnya di http://pontianak.tribunnews.com/
Simak Video Viral lainnya https://www.youtube.com/c/TribunSingkawang1

Follow us:

Instagram: https://www.instagram.com/tribunpontianak/
Facebook: https://www.facebook.com/TribunPontianakInteraktif/
Twitter: https://twitter.com/tribunpontianak
TikTok: tiktok.com/@tribunpontianak

Terima Kasih Telah Subscribe, Like, dan comment konten-konten menarik dari Kami.",2022-08-19T13:18:53Z,PT1M,845068,5302,0,411
FTdiJmhzOto,UCK6c4qk3hRaa6fMIEZrhiXQ,Tribun Timur,"SHORT | Ferdy Sambo Divonis Mati, Bagaimana Tahapan Eksekusi Mati bagi Terpidana?","#tribuntimur #tribunviral #ferdysambo #shorts 

TRIBUN-TIMUR.COM - Terpidana kasus pembunuhan berencana, Ferdy Sambo dijatuhi vonis hukuman mati oleh majelis hakim pada Senin kemarin.

Sambo menambah satu lagi daftar jenderal yang dijatuhi hukuman mati di Indonesia.

Lantas kapan eksekusi Sambo bisa dilaksanakan?

Mungkin ini menjadi pertanyaan bagi publik Indonesia sekarang.

Juga bagaimana tahapan eksekusi mati itu dilakukan.

Seorang mantan algojo eksekutor narapidana dengan vonis mati menceritakan pengalamannya mengeksekusi para terpidana mati.

Tak banyak yang tahu tentang urutan eksekusi mati yang harus dilalui para terpidana.

Pemerintah Indonesia menetapkan lokasi eksekusi hukuman mati di kompleks penjara pulau Nusa Kambangan yang terletak di lepas pantai Cilacap, Jawa Tengah.

Hukuman mati di Indonesia sudah dijatuhkan pada beberapa terpidana kasus narkoba, bahkan sudah ada yang pada tahap eksekusi.

Penjara Pulau Nusa Kambangan dapat menampung lebih dari 1.500 narapidana, termasuk mereka yang ditahan karena perdagangan narkoba dan terorisme.

Penjara Pulau Nusa Kambangan yang memiliki keamanan tingkat tinggi, yang dikenal oleh penduduk setempat sebagai Pulau Hantu.

Tempat eksekusi hukuman mati bisa dilakukan di beberapa wilayah sepi yang ada di Pulau Nusa Kambangan.

Akan tetapi, tempat yang paling terkenal adalah Situs Nirbaya dan Limus Buntu.

Ada beberapa urutan untuk proses eksekusi para terpidana hukuman mati.

Para terpidana mati biasanya ditempatkan di ruang isolasi terlebih dahulu.

Sebelum memasuki sel isolasi, mereka akan diberitahu kapan mereka akan dieksekusi dan diminta untuk menentukan 'tiga permintaan terakhir'.

Menurut hukum Indonesia, narapidana harus diberitahu kapan eksekusi mereka akan terjadi setidaknya 72 jam sebelum eksekusi hukuman mati dilakukan.

Tugas dari eksekusi hukuman mati itu dilakukan oleh regu tembak yang berjumlah 12 orang.

Dikutip dari Intisari dan The Guardian, berikut urutan hukuman eksekusi mati, menurut mantan algojo.

1. Sebuah regu tembak berjumlah 12 orang yang terdiri atas penembak yang sangat terlatih dipilih, dengan dua orang tambahan siap siaga.

Mereka secara khusus yang dipilih memiliki usia 20-an, secara fisik dan mental juga harus cocok untuk tugas tersebut.

2. Para tahanan ditutup matanya dan kebanyakan mengarah ke salah satu dari dua bidang eksekusi, yakni Nirbaya atau Limus Buntu.

3. Narapidana diberikan pilihan untuk duduk, berdiri, atau berlutut sebelum dieksekusi.

4. Para penembak kemudian akan menembak secara bersamaan ke arah terpidana, membidik lurus ke jantungnya.

Mereka jarang menembak meleset karena sebelumnya diberikan pelatihan tambahan untuk mengasah keterampilan menembak.

Menurut beberapa sumber, hanya tiga senapan laras panjang yang diisi peluru, sementara sembilan senapan lain diisi peluru hampa.

5. Narapidana harus mati dalam satu menit.

6. Jika terpidana tidak langsung mati, seorang penembak dapat diminta untuk menembak kepala terpidana, tepat di atas telinganya.

Narator : Wa Ode Nurmin
Editor : Muhamad Asrul

(TRIBUN-TIMUR.COM)
Update info terkini via http://tribun-timur.com/

Follow akun Instagram http://bit.ly/IGTribunTimur
Follow akun Twitter http://bit.ly/twitterTribunTimur
Follow dan like fanpage Facebook http://bit.ly/FBTribunTimurMks
YouTube business inquiries: 081144407111",2023-02-17T08:40:02Z,PT58S,822342,8421,0,210
wI8BAX6JlRs,UC-00f9wTgxf7JaT2Jia8-KA,PENA KECIL,SAD!S | DIBALIK EKSEKUS! BRIGADIR JOSUA DAN MANIPULASI FERDY SAMBO!,"Assalamualaikum warahmatulahi wabarahkatuh, hallo sahabat, jumpa lagi dalam segmen ulasan pena, segmen yang akan membahas cerita kisah nyata, misteri, fakta sejarah, kejadian tragis dan kisah kisah menarik lainya dari penjuru dunia. 

 Penembakan Brigadir J di Duren tiga.

DISCLAIMER :
Konten dalam channel ini tidak mendukung tindakan ilegal dalam bentuk apapun. Ilustrasi dibuat oleh  @penakecilofficial  hanya untuk mengilustrasikan jalanya cerita. Tidak ada hubungan dengan siapapun yang hidup ataupun yang sudah mati, tempat, profesi dan apapun itu. Semua dibuat hanya untuk hiburan semata. Ambil sisi baiknya dan buang sisi buruknya. 
______________________________________________________________________________________________
______________________________________________________________________________________________
#ceritainspiratif #storytelling #filmpendek #kisahnyata #kisahkriminal #jejakperistiwa #olahtkp #kronologi #fakta #faktaunik #police #hukum",2025-04-05T11:30:39Z,PT10M49S,843752,2256,0,431
OvbW-zBxgRo,UC2GiRC2rCMAcHBJKfvuCrmA,Rumah Idaman ,Rumah Dinas Ferdy Sambo Yang Kini Terbengkalai Tak Terurus Dipenuhi Rumput,,2025-07-27T09:01:30Z,PT4S,3307673,2478,0,98
WN_nHsyd7kg,UCB1fvlA5xmLJ0tZblpoTuaQ,VIVA.CO.ID,"Ferdy Sambo: Hanya 0,01 Persen Polisi Yang Langgar Aturan #vivacoid #ferdysambo #sambo","VIVA - Irjen Ferdy Sambo mengatakan bahwa ia sudah menyelesaikan kasus-kasus polisi yang melenceng. Simak video selengkapnya di sini https://youtu.be/3PDZS9OgrHE

Baca berita terbaru, terkini dan terpopuler disini https://www.viva.co.id/",2022-08-13T12:00:32Z,PT31S,803025,7481,0,2673
oKV3YXiOzLc,UCRObaWKEG55XLWjd67_2wjA,MDTV NEWS OFFICIAL,LIVE : Kapolri Blak-blakan di DPR Soal Ferdy Sambo,"Subscribe Official NET. News Youtube Channel:
https://www.youtube.com/OfficialNetNews

dan ikuti berita-berita terkini di NET. News via streaming di: http://www.netmedia.co.id/live-streaming

serta baca beritanya di:
http://news.netmedia.co.id

Follow & Mention Twitter kami: https://twitter.com/OfficialNETNews

Follow & Like Facebook Fanpage kami: https://www.facebook.com/OfficialNETNews

Follow & Share Instagram kami:
https://www.instagram.com/officialnet.news

---

Syarat & Ketentuan: http://bit.ly/1jAbOYj",2022-08-24T14:37:31Z,PT10H43M25S,785377,5782,0,97
DQL1R-X6ikY,UC1QpnGo11epfexw1bIiTHTg,Liputan6,Viral! Video Ferdy Sambo Joget Bareng Krishna Murti #Shorts,"Liputan6 - Viral! Video Ferdy Sambo Joget Bareng Krishna Murti #Shorts 

Sebuah video lama yang menampilkan momen saat tersangka pembunuhan Brigadir J, Ferdy Sambo tengah berjoget bareng mantan pimpinannya, Krishna Murti menyeruak di media sosial.

#ferdysambo #krishnamurti #brigadirj #liputan6sctv #liputan6 
-------------------------------------
Simak berita lainnya di: https://www.youtube.com/channel/UC1QpnGo11epfexw1bIiTHTg/videos

Liputan 6 SCTV adalah program berita televisi nasional yang berada di bawah naungan Elang Mahkota Teknologi (Emtek) Group. Liputan 6 SCTV juga menyajikan informasi dalam bentuk live report dan breaking news. Tayang siaran langsung, setiap hari di saluran tv SCTV pada program Liputan 6 Pagi, Liputan 6 Siang, Liputan 6 Petang Terkini, dan Liputan 6 Malam.

Ikuti media sosial Liputan 6 SCTV untuk mendapatkan informasi Aktual, Tajam, Terpercaya. 

Liputan 6 SCTV Official Instagram: https://www.instagram.com/liputan6.sctv/
Liputan 6 SCTV Official Tiktok: https://www.tiktok.com/@liputan6.sctv
Liputan 6 SCTV Official Facebook : https://www.facebook.com/Liputan6SCTV
SCTV Facebook Fanpage: https://www.facebook.com/SCTV
SCTV Official Twitter: https://twitter.com/SCTV",2022-08-19T13:00:07Z,PT30S,775264,3710,0,456
eu9qR4rWXVo,UC5BMIWZe9isJXLZZWPWvBlg,KOMPASTV,"Ungkapan Hati Anak Buah Ferdy Sambo: Marah, Kesal, hingga Berdamai dengan Diri","JAKARTA, KOMPAS.TV - Mantan anak buah Ferdy Sambo menangis dan marah ke mantan bosnya itu. Peristiwa tangis dan amarah mereka terjadi di persidangan terkait pembunuhan Brigadir Yosua.

Irfan Widyanto juga mengungkapkan penyesalannya ikut terseret dalam kasus ini. Irfan juga menjadi terdakwa dalam kasus obstruction of justice atau merintangi penyidikan pembunuhan Brigadir Yosua. 

Sementara itu, eks Kepala Biro Pengamanan Internal Hendra Kurniawan saat ditanya hakim mengenai perasaannya setelah tahu dia dibohongi dalam kasus ini oleh Ferdy Sambo menyebut dia sudah berdamai dengan dirinya.

Baca Juga Anak Buah Sambo Saling Bantah soal Perintah, Apa Ini Jadi Strategi untuk Menyelamatkan Diri? di https://www.kompas.tv/article/359367/anak-buah-sambo-saling-bantah-soal-perintah-apa-ini-jadi-strategi-untuk-menyelamatkan-diri

Saksi lain yakni mantan kepala bagian penegakan hukum provos polri di Div Propam Polri Kombes Susanto Haris juga meluapkan kekecewaan dan amarahnya kepada Ferdy Sambo.

Kesedihan dan kekecewaan juga disampaikan Arif Rachman saat bersaksi di PN Jakarta Selatan.

Arif rachman mengaku kecewa karena terlibat dalam kasus perintangan penyidikan atau Obstruction of Justice.

Video editor: Bara Bima Hardika

Artikel ini bisa dilihat di :  https://www.kompas.tv/article/361816/ungkapan-hati-anak-buah-ferdy-sambo-marah-kesal-hingga-berdamai-dengan-diri",2022-12-25T11:09:52Z,PT5M33S,755703,4220,0,826
qgTQs4CN31c,UCdOovgmIPfj9a-o3VP5i2_g,MerdekaDotCom,"Mengenal Irjen Ferdy Sambo, Kadiv Propam Polri Disebut DPR Galak ke Anggota Nakal","MERDEKA.COM - Nama Kadiv Propam Irjen Ferdy Sambo disebut anggota dewan. Dalam rapat kerja Komisi III dengan Kapolri. Ferdy mendapat apresiasi bertindak tegas ke anggota nakal.

Sumber Video:

- Instagram/divpropampolri (https://www.instagram.com/tv/CVwsXHyPjiN/)
- Instagram/divpropampolri (https://www.instagram.com/tv/CR5-CJsjKKk/)
- Instagram/divhumaspolri (https://www.youtube.com/watch?v=U81qB575kqA)

----

MORE VIDEOS: https://video.merdeka.com/

Produced by https://www.merdeka.com
KLN Apps ► http://www.kln.id/apps/

----
Youtube ► https://www.youtube.com/merdekacomvideonews
Vidio ► https://www.vidio.com/@merdeka
Twitter ► https://twitter.com/merdekadotcom
Facebook ► https://www.facebook.com/MDKcom
Telegram ► https://t.me/merdekacomnewsupdate",2022-01-25T02:00:25Z,PT1M50S,754298,2704,0,830
kwe9G5x3w_I,UCwFc1bMj5KFxX8BJ1wBRuzw,Tribun MedanTV,ISI Surat Ferdy Sambo dan Putri Candrawathi Untuk Rayakan Ulang Tahun Trisha Bikin Warganet Baper,"TRIBUN-MEDAN.COM- Netizen dibikin mewek lantaran membaca isi surat Ferdy Sambo dan Putri Candrawathi untuk merayakan ulang tahun ke 22 sang anak Trisha Eungelica.

Dilansir dari Instagram pribadinya, Kamis (1/6/2023) Trisha mengunggah surat Ferdy Sambo dan Putri Candrawathi.

Dalam surat itu Ferdy Sambo mengucapkan ulang tahun untuk putri kesayangannya itu.
 
Eks jenderal bintang dua itu, mengaku selalu mendoakan anaknya agar selalu sehat, kuat, semangat, sukses, dan panjang umur.

Bergabung dengan channel ini untuk mendapatkan akses ke berbagai keuntungan:
https://www.youtube.com/channel/UCwFc1bMj5KFxX8BJ1wBRuzw/join

Baca selengkapnya di www.tribun-medan.com",2023-06-03T07:38:44Z,PT1M,753936,7794,0,691
u4ogRL9HzbY,UC5BMIWZe9isJXLZZWPWvBlg,KOMPASTV,"Ferdy Sambo Beri Uang dan Iphone ke Ricky Rizal, Bharada E, dan Kuat Ma'ruf",,2022-10-17T07:54:42Z,PT1M,751703,7118,0,253
Rae5fIV33TM,UCJmNywTIJojwjCKzfs0lgNw,Bisniscom,Perjalanan Karier Irjen Pol Ferdy Sambo,"#FerdySambo #Karier #Tersangka


Ikuti terus perkembangan berita - berita terkini hanya di: 
Portal berita https://www.bisnis.com/ 
Instagram https://www.instagram.com/bisniscom/ 
facebook https://www.facebook.com/wwwbisniscom",2022-08-10T11:15:33Z,PT59S,705409,8627,0,418
GofmwR0I-bQ,UCPhWauyGmombVZb5VRp4wLA,tribunjabar video,Jabatan Kasatgassus Irjen Ferdy Sambo Kini Didesak Dicopot,"Irjen Ferdy Sambo telah dicopot dari jabatannya sebagai Kadiv Propam Polri. 
Namun, rupanya, Irjen Ferdy masih memegang jabatan  lain sebagai pimpinan 
Satgas Khusus (Satgassus) di Polri. Dari jabatan itu, ia punya wewenang untuk menyelidi perkara yang diatur KUHP hingga ITE. 

Host: Bima Maulana | Video Editor: Oki Priyana

MEDIA SOCIAL & WEB Official 
Website  : https://jabar.tribunnews.com/ 
Instagram : https://www.instagram.com/tribunjabar
Twitter  : https://twitter.com/tribunjabar
Facebook : https://www.facebook.com/tribunjabar

#tribunjabarvideo  #jabatankasatgassusirjenferdysambo  #kinididesakdicopot",2022-08-01T06:27:15Z,PT1M,683976,5496,0,460
f2yf3JPpAyc,UCPAxpUn1mrn14xU0JpsLhDg,Kompas.com,Kemesraan Ferdy Sambo dan Putri Candrawathi Saat Rekonstruksi,"Momen kedekatan antara Irjen Ferdy Sambo dan istrinya Putri Candrawathi terlihat saat proses rekonstruksi pembunuhan Brigadir J di rumah dinas Ferdy Sambo di Kompleks Polri, Duren Tiga, Jakarta Selatan, Selasa (30/8/2022).
Saat proses rekonstruksi berjalan, terlihat Putri Candrawathi menyandarkan kepala ke pundak Ferdy Sambo. Selain itu, Putri juga terlihat memakaikan masker berwarna biru ke Ferdy Sambo.
Diketahui, timsus Polri telah menyelesaikan reka ulang pembunuhan Brigadir J sebanyak 78 adegan. Proses rekonstruksi berlangsung selama tujuh setengah jam.
Simak selengkapnya dalam video berikut.
Video Jurnalis: Firda Rahmawan
Penulis Naskah: Firda Rahmawan
Video Editor: Alfiyan Oktora Atmajaya
Produser: Adil Pradipta
Musik: Floating Home - Brian Bolger
#FerdySambo #PutriCandrawathi #BrigadirJ #JernihkanHarapan


Artikel ini bisa dilihat di : https://video.kompas.com/watch/177010/kemesraan-ferdy-sambo-dan-putri-candrawathi-saat-rekonstruksi",2022-08-30T13:23:15Z,PT1M18S,676669,2586,0,2852
IMp9QyBULZs,UCzl0OrB3-ehunyotIQvK77A,METRO TV ,Polri Salah Pilih Ferdy Sambo Jadi Kadiv Propam? #KickAndy,"Sebagai tokoh yang belakangan ini tengah menjadi pembicaraan masyarakat, Kapolri Listyo Sigit Prabowo akan menjawab isu-isu polemik dan kontroversi yang terjadi saat ini. Apa saja yang diungkap oleh beliau?

Full Link : https://www.youtube.com/watch?v=He2Km8wfL28

Ikuti juga media sosial METRO TV lainya agar dimanapun tetap terinfomasi dengan baik dan lengkap karena berita paling aktual kami sungguhkan  dan perkembangan terkini kami sampaikan.
METRO TV Official https://www.metrotvnews.com
METRO TV Official Instagram: https://www.instagram.com/metrotv
METRO TV Official Tiktok: https://www.tiktok.com/@metro_tv
METRO TV Facebook Fanpage: https://www.facebook.com/metrotv
METRO TV Official Twitter: https://twitter.com/metro_TV

#Metrotv #Beritaterkini #Beritaupdate",2022-09-23T08:08:31Z,PT4M57S,669998,4977,0,886
sAOhfzqfc-s,UCPAxpUn1mrn14xU0JpsLhDg,Kompas.com,"Ferdy Sambo Divonis Mati, Kapan Eksekusi Terdakwa Dilakukan?","Tonton video lainnya di https://kmp.im/video

KOMPAS.com - Majelis hakim telah membacakan vonis mati terhadap Ferdy Sambo, terdakwa kasus pembunuhan berencana terhadap Nofriansyah Yosua Hutabarat atau Brigadir J pada Senin (13/2/2023).

Pakar hukum pidana Yenti Garnasih mengatakan, eksekusi pidana mati hanya bisa dilakukan jika ada penolakan grasi.

Menurut dia, eksekusi mati sangat bergantung kepada presiden. 

Nantinya, presiden akan meminta pertimbangan dari Mahkamah Agung untuk memberi atau menolak grasi dari terpidana. 

Ia menjelaskan, pengajuan grasi tidak harus dilakukan oleh terpidana, tetapi juga bisa dari pihak lain, termasuk keluarga dan kuasa hukum. 

Simak selengkapnya dalam video berikut.

Penulis: Ahmad Naufal Dzulfaroh
Penulis Naskah: Putri Aulia
Narator: Putri Aulia
Video Editor: Abdul Azis
Produser: Ira Gita Natalia Sembiring
Musik:  To Pass Time - Godmode
#JernihkanHarapan #VonisMati #FerdySambo",2023-02-15T13:59:37Z,PT2M40S,668084,2867,0,1083
IWVA6OpzFWI,UCdOovgmIPfj9a-o3VP5i2_g,MerdekaDotCom,Blak-blakan Putri Candrawathi Akui Disuruh Ferdy Sambo Ubah Keterangan,"MERDEKA.COM - Komisi Nasional Hak Asasi Manusia atau Komnas HAM membeberkan pengakuan Istri Ferdy Sambo, Putri Candrawathi. Ketua Komnas HAM Ahmad Taufan Damanik menyebut, Putri bersikukuh mengaku alami pelecehan diduga dilakukan Brigadir Joshua.

Meski begitu, Putri juga mengakui adanya perintah dari Ferdy Sambo. Ahmad Taufan menyebut, Putri diperintahkan mengubah tempat kejadian perkara pelecehan seksual dari Magelang, Jawa Tengah, menjadi di rumah dinas Duren Tiga, Jakarta Selatan.

Narrator: Nehamia Kristiani

----
#merdekadotcom

MORE VIDEOS: https://video.merdeka.com/

Produced by https://www.merdeka.com
KLN Apps ► http://www.kln.id/apps/

----
Youtube ► https://www.youtube.com/merdekacomvideonews
Vidio ► https://www.vidio.com/@merdeka
Twitter ► https://twitter.com/merdekadotcom
Facebook ► https://www.facebook.com/MDKcom
Telegram ► https://t.me/merdekacomnewsupdate",2022-08-30T02:17:07Z,PT2M7S,666836,2470,0,831
90RhY9Y6a1s,UCax33deWPpVP80UiB23_TxA,BANG YUS,RUMAH JENDERAL FERDY SAMBO TERBENGKALAI 2 TAHUN BEGINI KONDISINYA ‼️#ferdysambo,"Rumah Mantan Jenderal Bintang ( Ferdy Sambo ) 
Kini Terbengkalai Tidak Terurus ..
Ada Motor roda 4 yang Terparkir di garasi Belakang 
Sampai Berkarat dan Ada Mobil Jaguar terparkir di depan rumah.

Tapi keterangan dari Security Setempat adalah Mobil milik Orang lain.. 


Terimakasih untuk kalian yang sudah mampir di channel ini
Jangan Lupa Share dan subscribe.
.
.
.
.
.
.
#alecoward 
#vlog 
#ferdysambo 
#jakarta",2024-09-02T05:00:08Z,PT14M20S,663899,3636,0,861
ibRfcpuPOIQ,UCT5H_ppXrhC7SFurhrezJKw,Tribun Sumsel,Putri Ferdy Sambo Ungkap Perlakuan Temannya Usai Kasus Meninggalnya Brigadir J,"Sejak kasus pembunuhan berencana Brigadir J mencuat ke publik, aktivitas anak Ferdy Sambo di media sosial sering menjadi sorotan.

Trisha Eungelica sendiri juga tampak aktif di media sosial.

Putri sulung Ferdy Sambo ini baru saja membuka sesi tanya jawab kepada followersnya di Instagram.

Ada salah satu netizen yang bertanya apakah Trisha Eungelica dijauhi teman-temannya setelah mengetahui kasus tersebut atau tidak.

Pertanyaan itu langsung dijawab oleh Trisha Eungelica dengan santai.

Putri Ferdy Sambo mengatakan jika perlakuan teman-temannya tidak berubah dan tetap memberikan dukungan.

Pasalnya teman-teman Trisha Eungelica sudah mengenal ayah dan ibunya.

Tak hanya itu, ada pula netizen yang menanyakan apakah teman-teman Trisha juga bertanya kabar tentang orang tuanya di penjara.

Terkait hal tersebut, Trisha Eungelica mengaku hanya teman-teman dekatnya yang kerap menanyakan kabar Ferdy Sambo dan Putri Candrawathi.

Selebihnya tidak ada teman lain yang menanyakan hal aneh atau perlakuan tak menyenangkan karena takut dengan Trisha Eungelica.

Tribun Sumsel/ euis
Editor/Purwanto

#shortvideo 

Baca berita di ------- http://sumsel.tribunnews.com/

Follow Instagram --------- https://www.instagram.com/tribunsumsel/

Like fanspage --------- https://www.facebook.com/harian.tribun.sumsel/",2023-04-06T08:23:25Z,PT58S,680650,6329,0,608
hfrbxczHXGU,UCm2Fz7aL464TC_0uG_yagng,kumparan,Begini Suasana Rumah Ferdy Sambo di Magelang,"Pihak pengacara Ferdy Sambo dan Putri Candrawathi mengungkap kondisi kliennya sebelum peristiwa penembakan terhadap Brigadir Yosua. Ferdy Sambo disebut sempat emosional dan sempat menangis. Dalam paparan itu, tim pengacara memperlihatkan video kondisi rumah di Magelang.
 
Simak video selengkapnya di atas. #newsflash #ferdysambo #brigadiryosua

Homepage: https://kumparan.com
Twitter : https://twitter.com/kumparan
Facebook : https://www.facebook.com/kumparancom
Instagram : https://www.instagram.com/kumparancom",2022-10-12T13:17:45Z,PT2M27S,623559,1310,0,419
qfrsm1fFW18,UC-sboA4MeZ-rRZW2s471kOA,Upnewsnet,Rismon Kuliti Penasehat Kapolri: Dia Pembela Ferdy Sambo #polri #rismonsianipar,,2025-08-03T11:13:36Z,PT57S,1137416,22256,0,2700
jbDYb9ZOptA,UCUNl99i-qwlmwjtTuwV9UYg,Nas Creativy,Memahami Ferdy Sambo dalam 32 Menit,"Sosok Ferdy Sambo sempat menjadi jenderal berpengaruh di Polri, memimpin Divisi Propam dan Satgassus Merah Putih. Namun kekuasaan itu berubah menjadi badai saat ia terseret dalam kasus kematian Brigadir J, yang membuka tabir rekayasa, penyalahgunaan wewenang, dan dugaan keterlibatan dalam Konsorsium 303 jaringan bisnis ilegal yang mencuat ke publik. 

Video ini mengupas tuntas perjalanan karier Sambo, perannya dalam jejaring kekuasaan, hingga proses hukum yang mengguncang kepercayaan publik terhadap institusi penegak hukum.

#FerdySambo #BrigadirJ #Konsorsium303 #KasusSambo #SamboHariIni #SatgassusMerahPutih #DivisiPropam #SkandalPolri #TrueCrimeIndonesia #MafiaHukum #KejatuhanSambo #Polri

Sebuah musik yang luar biasa dari @WhiteBatAudio 
_________________________________________________________________________________

Bacaan tambahan:
Satgassus Merah Putih & Peran Sambo
Tempo – Penunjukan Ferdy Sambo sebagai Ketua Satgassus:
🔗 https://www.tempo.co/hukum/2022/08/13/1622694/apa-itu-satgassus-merah-putih-yang-dipimpin-ferdy-sambo
Detik – Satgassus dibubarkan oleh Kapolri setelah kasus Sambo:
🔗 https://news.detik.com/berita/d-6231713/satgassus-merah-putih-yang-dulu-dipimpin-ferdy-sambo-kini-dibubarkan-polri
CNN Indonesia – Penjelasan Satgassus dan fungsi pengawasan:
🔗 https://www.cnnindonesia.com/nasional/20220812072329-12-831692/mengenal-satgassus-merah-putih-yang-dipimpin-ferdy-sambo
🔹 Kasus Brigadir J
Wikipedia (Bahasa Inggris) – Kronologi lengkap kasus Brigadir J:
🔗 https://en.wikipedia.org/wiki/Murder_of_Nofriansyah_Yosua_Hutabarat
CNN Indonesia – MA ubah vonis Ferdy Sambo jadi seumur hidup:
🔗 https://www.cnnindonesia.com/nasional/20230808122538-12-983338/kasasi-ma-ganti-hukuman-sambo-dari-mati-ke-penjara-seumur-hidup
Hukumonline – Detail putusan Mahkamah Agung:
🔗 https://www.hukumonline.com/berita/a/kasasi-ditolak--ma-anulir-vonis-mati-ferdy-sambo-jadi-seumur-hidup-lt64d2427ec3d8e/
VOI – Putusan final MA dan perubahan hukuman ajudan Sambo:
🔗 https://voi.id/berita/300052/putusan-lengkap-ma-ferdy-sambo-dipenjara-seumur-hidup-putri-chandrawati-hingga-kuat-ma-ruf-dikorting-hukumannya
Tirto – Ringkasan isi putusan PN Jaksel kasus Sambo:
🔗 https://tirto.id/hasil-putusan-sidang-ferdy-sambo-pc-terkini-tak-ada-pelecehan-gCmv
🔹 Isu Konsorsium 303 & Dugaan Jaringan
Pikiran Rakyat – Bagan viral ""Kaisar Sambo & Konsorsium 303"":
🔗 https://www.pikiran-rakyat.com/nasional/pr-015496514/begini-profil-ferdy-sambo-disebut-kaisar-dalam-konsorsium-303
Gatra – Dugaan keterlibatan beberapa jenderal lain:
🔗 https://www.gatra.com/news-551496-hukum-konsorsium-303-tudingan-serius-atau-perang-opini.html

Ikuti Media Sosial Kami
Instagram 
Nas Creativy
https://www.instagram.com/nascreativy?igsh=ZHFlM3pkbTlpb255

Komunitas Discord
https://discord.gg/szQJcyBReh",2025-08-19T13:15:07Z,PT32M19S,638044,6596,0,1326
IDyhilpWZLw,UCmxAIW7RDDC88EPk4ry16Kg,Tribunnews,IPW Sebut Ferdy Sambo akan Bongkar Pelanggaran Para Polri Bila Divonis Mati dalam Kasus Brigadir J,"BACA SELENGKAPNYA: https://video.tribunnews.com/view/540309/ipw-sebut-ferdy-sambo-akan-bongkar-pelanggaran-para-polri-bila-divonis-mati-dalam-kasus-brigadir-j

TRIBUN-VIDEO.COM - Indonesia Police Watch (IPW) menyebut Ferdy Sambo akan melawan apabila ia dijatuhi vonis mati dalam kasus pembunuhan berencana terhadap Nofriansyah Yosua atau Brigadir J

Diduga Sambo akan melawan dengan membongkar pelanggaran-pelanggaran yang dilakukan para perwira kepolisian.

Pasalnya jabatan terakhir Sambo adalah Kepala Divisi Profesi dan Pengamanan (Kadiv Propam) Polri yang menangani pelanggaran profesi para polisi.

(Tribun-Video.com/Kompas.com)

Artikel ini telah tayang di Kompas.com dengan judul ""Ferdy Sambo Diprediksi Bakal ""Buka-bukaan"" Jika Divonis Mati di Kasus Brigadir J"", Klik untuk baca: https://nasional.kompas.com/read/2023/01/23/21450661/ferdy-sambo-diprediksi-bakal-buka-bukaan-jika-divonis-mati-di-kasus-brigadir.

Host: Nita Arum
VP: Adam Sukmana

#beritaterbaru #beritaterkini #beritaviral #live #breakingnews #ipw #ferdysambo #polri",2023-01-24T03:19:22Z,PT57S,602138,4949,0,675
BG4-mN3vkDA,UC5BMIWZe9isJXLZZWPWvBlg,KOMPASTV,VONIS HUKUMAN MATI UNTUK FERDY SAMBO BELUM USAI? | LIVI ON POINT #shortvideo,"SAKSIKAN SELENGKAPNYA DI SINI https://youtu.be/agIG04oUjsw

Sahabat KompasTV, jangan lupa like, comment, dan subscribe channel YouTube KompasTV, juga aktifkan lonceng notifikasi agar tidak ketinggalan update mengenai isu-isu terkini di Indonesia.

Jangan lewatkan live streaming KompasTV 24 jam non stop di https://www.kompas.tv/live. Agar tidak ketinggalan berita-berita terkini, terlengkap, serta laporan langsung dari berbagai daerah di Indonesia, yuk subscribe channel youtube KompasTV. Aktifkan juga lonceng supaya kamu dapat notifikasi video terbaru dari KompasTV. 

Sahabat KompasTV juga bisa memperoleh informasi terkini melalui website: www.kompas.tv

Media sosial KompasTV: 
Facebook: https://www.facebook.com/KompasTV 
Instagram: https://www.instagram.com/kompastv 
Twitter: https://twitter.com/KompasTV 
LINE: https://line.me/ti/p/%40KompasTV",2023-02-13T17:29:58Z,PT1M,601103,6322,0,482
db4JDsOHLG8,UCvPqD_1dY4X5fRUj1bNNfXA,Tribun Medan Official,"KABAR Terbaru Ferdy Sambo Tetap Tak Terima Dihukum Mati, Kini Resmi Ajukan Kasasi","TRIBUN-MEDAN.COM- Kasus pembunuhan berencana Brigadir Nofriansyah Yosua Hutabarat alias Brigadir J, yang menjerat Ferdy Sambo kini terus bergulir. 

Terbaru, Ferdy Sambo yang sebelumnya divonis hukuman mati dalam perkara tersebut, kini resmi mengajukan kasasi

Selengkapnya baca : https://medan.tribunnews.com/2023/05/22/kabar-terbaru-ferdy-sambo-tetap-tak-terima-dihukum-mati-kini-resmi-ajukan-kasasi",2023-05-22T12:13:17Z,PT1M,698462,5118,0,325
hVg6tkHsDrk,UC_SBt2BFBkExq_azj-P5lNA,Nessie Judge,FERDY SAMBO LOLOS DARI HUKUMAN...? | #NERROR,"HELLO MY #NERRORIST & TEAM NESSIE SAYANG!
LIKE, SHARE & SUBSCRIBE if you enjoyed the video please!

I luh ya, Nessie

For partnership, please contact: judgenessie@gmail.com & nessiejudge.team@gmail.com

...............................................................................
FOLLOW ME ON 
TWITTER: twitter.com/nessiejudge
INSTAGRAM: @nessiejudge
BLOGSPOT: nessiejudge.blogspot.com
ASK.FM: Nessie Judge
----------------------------------------­--------------------------------
Background music :
Youtube Creation Tools
----------------------------------------­--------------------------------
Semua material yang difitur dalam video dimiliki oleh para pemiliknya yang kami hormati. Kami tidak mengklaim video mereka sebagai milik kami.

Semua video/foto/silhouette yang digunakan dalam penjelasan adalah sebatas visualisasi, bukan merupakan foto asli atau gambaran asli dari kasus yang dibahas, kecuali dijelaskan sebaliknya.

FAIR USE DISCLAIMER:
Penafian Hak Cipta di bawah bagian 107 dari Undang-Undang Hak Cipta 1976, tunjangan dibuat untuk ""penggunaan yang adil"" untuk tujuan seperti kritik, komentar, pelaporan berita, pengajaran, beasiswa, pendidikan dan penelitian. Penggunaan wajar adalah penggunaan yang diizinkan oleh undang-undang hak cipta yang mungkin melanggar.

Copyright Disclaimer under section 107 of the Copyright Act of 1976, allowance is made for “fair use” for purposes such as criticism, comment, news reporting, teaching, scholarship, education and research. Fair use is a use permitted by copyright statute that might otherwise be infringing.",2023-02-24T13:29:32Z,PT19M53S,567657,20670,0,1764
tN54JNBS72o,UCB1fvlA5xmLJ0tZblpoTuaQ,VIVA.CO.ID,Ferdy Sambo: Masa Sih Melanggar Gak Bisa Ditahan? #vivacoid #ferdysambo #sambo,"VIVA - Deskripsi: Irjen Ferdy Sambo mencari tahu penyebab anggota melanggar peraturan. Simak video selengkapnya di sini https://youtu.be/3PDZS9OgrHE

Baca berita terbaru, terkini dan terpopuler disini https://www.viva.co.id/",2022-08-12T09:45:03Z,PT56S,566089,5732,0,1890
xRSf1patovU,UC5BMIWZe9isJXLZZWPWvBlg,KOMPASTV,Momen Sambo Keceplosan Akui Tembak Punggung Brigadir Yosua,"JAKARTA, KOMPAS.TV - Ada satu momen dalam sidang pada 7 Desember 2022 lalu. Ferdy Sambo keceplosan menyebut ikut menembak Brigadir Yosua.

Momen ini terjadi saat jaksa mengkonfirmasi sejumlah barang bukti termasuk senjata api milik Ferdy Sambo.

Baca Juga Eliezer Bantah Sejumlah Kesaksian Ferdy Sambo di Persidangan di https://www.kompas.tv/article/356210/eliezer-bantah-sejumlah-kesaksian-ferdy-sambo-di-persidangan

Namun, pengacara Ferdy Sambo Rasamala Aritonang membantah kliennya menembak punggung brigadir Yosua Hutabarat.

""Pak Ferdy Sambo sekali lagi tidak pernah menembak korban Yosua. Yang dilakukan oleh pak Ferdy Sambo adalah menggunakan senjata Yosua untuk menembak dinding-dinding pada saat kejadian perkara itu."" Ujar pengacara Sambo, Rasmala Aritonang.

Artikel ini bisa dilihat di :  https://www.kompas.tv/article/358151/momen-sambo-keceplosan-akui-tembak-punggung-brigadir-yosua",2022-12-14T03:00:23Z,PT3M11S,567918,2362,0,419
kwe9G5x3w_I,UCwFc1bMj5KFxX8BJ1wBRuzw,Tribun MedanTV,ISI Surat Ferdy Sambo dan Putri Candrawathi Untuk Rayakan Ulang Tahun Trisha Bikin Warganet Baper,"TRIBUN-MEDAN.COM- Netizen dibikin mewek lantaran membaca isi surat Ferdy Sambo dan Putri Candrawathi untuk merayakan ulang tahun ke 22 sang anak Trisha Eungelica.

Dilansir dari Instagram pribadinya, Kamis (1/6/2023) Trisha mengunggah surat Ferdy Sambo dan Putri Candrawathi.

Dalam surat itu Ferdy Sambo mengucapkan ulang tahun untuk putri kesayangannya itu.
 
Eks jenderal bintang dua itu, mengaku selalu mendoakan anaknya agar selalu sehat, kuat, semangat, sukses, dan panjang umur.

Bergabung dengan channel ini untuk mendapatkan akses ke berbagai keuntungan:
https://www.youtube.com/channel/UCwFc1bMj5KFxX8BJ1wBRuzw/join

Baca selengkapnya di www.tribun-medan.com",2023-06-03T07:38:44Z,PT1M,753936,7794,0,691
u4ogRL9HzbY,UC5BMIWZe9isJXLZZWPWvBlg,KOMPASTV,"Ferdy Sambo Beri Uang dan Iphone ke Ricky Rizal, Bharada E, dan Kuat Ma'ruf",,2022-10-17T07:54:42Z,PT1M,751703,7118,0,253
Rae5fIV33TM,UCJmNywTIJojwjCKzfs0lgNw,Bisniscom,Perjalanan Karier Irjen Pol Ferdy Sambo,"#FerdySambo #Karier #Tersangka


Ikuti terus perkembangan berita - berita terkini hanya di: 
Portal berita https://www.bisnis.com/ 
Instagram https://www.instagram.com/bisniscom/ 
facebook https://www.facebook.com/wwwbisniscom",2022-08-10T11:15:33Z,PT59S,705409,8627,0,418
GofmwR0I-bQ,UCPhWauyGmombVZb5VRp4wLA,tribunjabar video,Jabatan Kasatgassus Irjen Ferdy Sambo Kini Didesak Dicopot,"Irjen Ferdy Sambo telah dicopot dari jabatannya sebagai Kadiv Propam Polri. 
Namun, rupanya, Irjen Ferdy masih memegang jabatan  lain sebagai pimpinan 
Satgas Khusus (Satgassus) di Polri. Dari jabatan itu, ia punya wewenang untuk menyelidi perkara yang diatur KUHP hingga ITE. 

Host: Bima Maulana | Video Editor: Oki Priyana

MEDIA SOCIAL & WEB Official 
Website  : https://jabar.tribunnews.com/ 
Instagram : https://www.instagram.com/tribunjabar
Twitter  : https://twitter.com/tribunjabar
Facebook : https://www.facebook.com/tribunjabar

#tribunjabarvideo  #jabatankasatgassusirjenferdysambo  #kinididesakdicopot",2022-08-01T06:27:15Z,PT1M,683976,5496,0,460
f2yf3JPpAyc,UCPAxpUn1mrn14xU0JpsLhDg,Kompas.com,Kemesraan Ferdy Sambo dan Putri Candrawathi Saat Rekonstruksi,"Momen kedekatan antara Irjen Ferdy Sambo dan istrinya Putri Candrawathi terlihat saat proses rekonstruksi pembunuhan Brigadir J di rumah dinas Ferdy Sambo di Kompleks Polri, Duren Tiga, Jakarta Selatan, Selasa (30/8/2022).
Saat proses rekonstruksi berjalan, terlihat Putri Candrawathi menyandarkan kepala ke pundak Ferdy Sambo. Selain itu, Putri juga terlihat memakaikan masker berwarna biru ke Ferdy Sambo.
Diketahui, timsus Polri telah menyelesaikan reka ulang pembunuhan Brigadir J sebanyak 78 adegan. Proses rekonstruksi berlangsung selama tujuh setengah jam.
Simak selengkapnya dalam video berikut.
Video Jurnalis: Firda Rahmawan
Penulis Naskah: Firda Rahmawan
Video Editor: Alfiyan Oktora Atmajaya
Produser: Adil Pradipta
Musik: Floating Home - Brian Bolger
#FerdySambo #PutriCandrawathi #BrigadirJ #JernihkanHarapan


Artikel ini bisa dilihat di : https://video.kompas.com/watch/177010/kemesraan-ferdy-sambo-dan-putri-candrawathi-saat-rekonstruksi",2022-08-30T13:23:15Z,PT1M18S,676669,2586,0,2852
IMp9QyBULZs,UCzl0OrB3-ehunyotIQvK77A,METRO TV ,Polri Salah Pilih Ferdy Sambo Jadi Kadiv Propam? #KickAndy,"Sebagai tokoh yang belakangan ini tengah menjadi pembicaraan masyarakat, Kapolri Listyo Sigit Prabowo akan menjawab isu-isu polemik dan kontroversi yang terjadi saat ini. Apa saja yang diungkap oleh beliau?

Full Link : https://www.youtube.com/watch?v=He2Km8wfL28

Ikuti juga media sosial METRO TV lainya agar dimanapun tetap terinfomasi dengan baik dan lengkap karena berita paling aktual kami sungguhkan  dan perkembangan terkini kami sampaikan.
METRO TV Official https://www.metrotvnews.com
METRO TV Official Instagram: https://www.instagram.com/metrotv
METRO TV Official Tiktok: https://www.tiktok.com/@metro_tv
METRO TV Facebook Fanpage: https://www.facebook.com/metrotv
METRO TV Official Twitter: https://twitter.com/metro_TV

#Metrotv #Beritaterkini #Beritaupdate",2022-09-23T08:08:31Z,PT4M57S,669998,4977,0,886
sAOhfzqfc-s,UCPAxpUn1mrn14xU0JpsLhDg,Kompas.com,"Ferdy Sambo Divonis Mati, Kapan Eksekusi Terdakwa Dilakukan?","Tonton video lainnya di https://kmp.im/video

KOMPAS.com - Majelis hakim telah membacakan vonis mati terhadap Ferdy Sambo, terdakwa kasus pembunuhan berencana terhadap Nofriansyah Yosua Hutabarat atau Brigadir J pada Senin (13/2/2023).

Pakar hukum pidana Yenti Garnasih mengatakan, eksekusi pidana mati hanya bisa dilakukan jika ada penolakan grasi.

Menurut dia, eksekusi mati sangat bergantung kepada presiden. 

Nantinya, presiden akan meminta pertimbangan dari Mahkamah Agung untuk memberi atau menolak grasi dari terpidana. 

Ia menjelaskan, pengajuan grasi tidak harus dilakukan oleh terpidana, tetapi juga bisa dari pihak lain, termasuk keluarga dan kuasa hukum. 

Simak selengkapnya dalam video berikut.

Penulis: Ahmad Naufal Dzulfaroh
Penulis Naskah: Putri Aulia
Narator: Putri Aulia
Video Editor: Abdul Azis
Produser: Ira Gita Natalia Sembiring
Musik:  To Pass Time - Godmode
#JernihkanHarapan #VonisMati #FerdySambo",2023-02-15T13:59:37Z,PT2M40S,668084,2867,0,1083
IWVA6OpzFWI,UCdOovgmIPfj9a-o3VP5i2_g,MerdekaDotCom,Blak-blakan Putri Candrawathi Akui Disuruh Ferdy Sambo Ubah Keterangan,"MERDEKA.COM - Komisi Nasional Hak Asasi Manusia atau Komnas HAM membeberkan pengakuan Istri Ferdy Sambo, Putri Candrawathi. Ketua Komnas HAM Ahmad Taufan Damanik menyebut, Putri bersikukuh mengaku alami pelecehan diduga dilakukan Brigadir Joshua.

Meski begitu, Putri juga mengakui adanya perintah dari Ferdy Sambo. Ahmad Taufan menyebut, Putri diperintahkan mengubah tempat kejadian perkara pelecehan seksual dari Magelang, Jawa Tengah, menjadi di rumah dinas Duren Tiga, Jakarta Selatan.

Narrator: Nehamia Kristiani

----
#merdekadotcom

MORE VIDEOS: https://video.merdeka.com/

Produced by https://www.merdeka.com
KLN Apps ► http://www.kln.id/apps/

----
Youtube ► https://www.youtube.com/merdekacomvideonews
Vidio ► https://www.vidio.com/@merdeka
Twitter ► https://twitter.com/merdekadotcom
Facebook ► https://www.facebook.com/MDKcom
Telegram ► https://t.me/merdekacomnewsupdate",2022-08-30T02:17:07Z,PT2M7S,666836,2470,0,831
90RhY9Y6a1s,UCax33deWPpVP80UiB23_TxA,BANG YUS,RUMAH JENDERAL FERDY SAMBO TERBENGKALAI 2 TAHUN BEGINI KONDISINYA ‼️#ferdysambo,"Rumah Mantan Jenderal Bintang ( Ferdy Sambo ) 
Kini Terbengkalai Tidak Terurus ..
Ada Motor roda 4 yang Terparkir di garasi Belakang 
Sampai Berkarat dan Ada Mobil Jaguar terparkir di depan rumah.

Tapi keterangan dari Security Setempat adalah Mobil milik Orang lain.. 


Terimakasih untuk kalian yang sudah mampir di channel ini
Jangan Lupa Share dan subscribe.
.
.
.
.
.
.
#alecoward 
#vlog 
#ferdysambo 
#jakarta",2024-09-02T05:00:08Z,PT14M20S,663899,3636,0,861
ibRfcpuPOIQ,UCT5H_ppXrhC7SFurhrezJKw,Tribun Sumsel,Putri Ferdy Sambo Ungkap Perlakuan Temannya Usai Kasus Meninggalnya Brigadir J,"Sejak kasus pembunuhan berencana Brigadir J mencuat ke publik, aktivitas anak Ferdy Sambo di media sosial sering menjadi sorotan.

Trisha Eungelica sendiri juga tampak aktif di media sosial.

Putri sulung Ferdy Sambo ini baru saja membuka sesi tanya jawab kepada followersnya di Instagram.

Ada salah satu netizen yang bertanya apakah Trisha Eungelica dijauhi teman-temannya setelah mengetahui kasus tersebut atau tidak.

Pertanyaan itu langsung dijawab oleh Trisha Eungelica dengan santai.

Putri Ferdy Sambo mengatakan jika perlakuan teman-temannya tidak berubah dan tetap memberikan dukungan.

Pasalnya teman-teman Trisha Eungelica sudah mengenal ayah dan ibunya.

Tak hanya itu, ada pula netizen yang menanyakan apakah teman-teman Trisha juga bertanya kabar tentang orang tuanya di penjara.

Terkait hal tersebut, Trisha Eungelica mengaku hanya teman-teman dekatnya yang kerap menanyakan kabar Ferdy Sambo dan Putri Candrawathi.

Selebihnya tidak ada teman lain yang menanyakan hal aneh atau perlakuan tak menyenangkan karena takut dengan Trisha Eungelica.

Tribun Sumsel/ euis
Editor/Purwanto

#shortvideo 

Baca berita di ------- http://sumsel.tribunnews.com/

Follow Instagram --------- https://www.instagram.com/tribunsumsel/

Like fanspage --------- https://www.facebook.com/harian.tribun.sumsel/",2023-04-06T08:23:25Z,PT58S,680659,6329,0,608
hfrbxczHXGU,UCm2Fz7aL464TC_0uG_yagng,kumparan,Begini Suasana Rumah Ferdy Sambo di Magelang,"Pihak pengacara Ferdy Sambo dan Putri Candrawathi mengungkap kondisi kliennya sebelum peristiwa penembakan terhadap Brigadir Yosua. Ferdy Sambo disebut sempat emosional dan sempat menangis. Dalam paparan itu, tim pengacara memperlihatkan video kondisi rumah di Magelang.
 
Simak video selengkapnya di atas. #newsflash #ferdysambo #brigadiryosua

Homepage: https://kumparan.com
Twitter : https://twitter.com/kumparan
Facebook : https://www.facebook.com/kumparancom
Instagram : https://www.instagram.com/kumparancom",2022-10-12T13:17:45Z,PT2M27S,623559,1310,0,419
qfrsm1fFW18,UC-sboA4MeZ-rRZW2s471kOA,Upnewsnet,Rismon Kuliti Penasehat Kapolri: Dia Pembela Ferdy Sambo #polri #rismonsianipar,,2025-08-03T11:13:36Z,PT57S,1137416,22256,0,2700
jbDYb9ZOptA,UCUNl99i-qwlmwjtTuwV9UYg,Nas Creativy,Memahami Ferdy Sambo dalam 32 Menit,"Sosok Ferdy Sambo sempat menjadi jenderal berpengaruh di Polri, memimpin Divisi Propam dan Satgassus Merah Putih. Namun kekuasaan itu berubah menjadi badai saat ia terseret dalam kasus kematian Brigadir J, yang membuka tabir rekayasa, penyalahgunaan wewenang, dan dugaan keterlibatan dalam Konsorsium 303 jaringan bisnis ilegal yang mencuat ke publik. 

Video ini mengupas tuntas perjalanan karier Sambo, perannya dalam jejaring kekuasaan, hingga proses hukum yang mengguncang kepercayaan publik terhadap institusi penegak hukum.

#FerdySambo #BrigadirJ #Konsorsium303 #KasusSambo #SamboHariIni #SatgassusMerahPutih #DivisiPropam #SkandalPolri #TrueCrimeIndonesia #MafiaHukum #KejatuhanSambo #Polri

Sebuah musik yang luar biasa dari @WhiteBatAudio 
_________________________________________________________________________________

Bacaan tambahan:
Satgassus Merah Putih & Peran Sambo
Tempo – Penunjukan Ferdy Sambo sebagai Ketua Satgassus:
🔗 https://www.tempo.co/hukum/2022/08/13/1622694/apa-itu-satgassus-merah-putih-yang-dipimpin-ferdy-sambo
Detik – Satgassus dibubarkan oleh Kapolri setelah kasus Sambo:
🔗 https://news.detik.com/berita/d-6231713/satgassus-merah-putih-yang-dulu-dipimpin-ferdy-sambo-kini-dibubarkan-polri
CNN Indonesia – Penjelasan Satgassus dan fungsi pengawasan:
🔗 https://www.cnnindonesia.com/nasional/20220812072329-12-831692/mengenal-satgassus-merah-putih-yang-dipimpin-ferdy-sambo
🔹 Kasus Brigadir J
Wikipedia (Bahasa Inggris) – Kronologi lengkap kasus Brigadir J:
🔗 https://en.wikipedia.org/wiki/Murder_of_Nofriansyah_Yosua_Hutabarat
CNN Indonesia – MA ubah vonis Ferdy Sambo jadi seumur hidup:
🔗 https://www.cnnindonesia.com/nasional/20230808122538-12-983338/kasasi-ma-ganti-hukuman-sambo-dari-mati-ke-penjara-seumur-hidup
Hukumonline – Detail putusan Mahkamah Agung:
🔗 https://www.hukumonline.com/berita/a/kasasi-ditolak--ma-anulir-vonis-mati-ferdy-sambo-jadi-seumur-hidup-lt64d2427ec3d8e/
VOI – Putusan final MA dan perubahan hukuman ajudan Sambo:
🔗 https://voi.id/berita/300052/putusan-lengkap-ma-ferdy-sambo-dipenjara-seumur-hidup-putri-chandrawati-hingga-kuat-ma-ruf-dikorting-hukumannya
Tirto – Ringkasan isi putusan PN Jaksel kasus Sambo:
🔗 https://tirto.id/hasil-putusan-sidang-ferdy-sambo-pc-terkini-tak-ada-pelecehan-gCmv
🔹 Isu Konsorsium 303 & Dugaan Jaringan
Pikiran Rakyat – Bagan viral ""Kaisar Sambo & Konsorsium 303"":
🔗 https://www.pikiran-rakyat.com/nasional/pr-015496514/begini-profil-ferdy-sambo-disebut-kaisar-dalam-konsorsium-303
Gatra – Dugaan keterlibatan beberapa jenderal lain:
🔗 https://www.gatra.com/news-551496-hukum-konsorsium-303-tudingan-serius-atau-perang-opini.html

Ikuti Media Sosial Kami
Instagram 
Nas Creativy
https://www.instagram.com/nascreativy?igsh=ZHFlM3pkbTlpb255

Komunitas Discord
https://discord.gg/szQJcyBReh",2025-08-19T13:15:07Z,PT32M19S,638044,6596,0,1326
IDyhilpWZLw,UCmxAIW7RDDC88EPk4ry16Kg,Tribunnews,IPW Sebut Ferdy Sambo akan Bongkar Pelanggaran Para Polri Bila Divonis Mati dalam Kasus Brigadir J,"BACA SELENGKAPNYA: https://video.tribunnews.com/view/540309/ipw-sebut-ferdy-sambo-akan-bongkar-pelanggaran-para-polri-bila-divonis-mati-dalam-kasus-brigadir-j

TRIBUN-VIDEO.COM - Indonesia Police Watch (IPW) menyebut Ferdy Sambo akan melawan apabila ia dijatuhi vonis mati dalam kasus pembunuhan berencana terhadap Nofriansyah Yosua atau Brigadir J

Diduga Sambo akan melawan dengan membongkar pelanggaran-pelanggaran yang dilakukan para perwira kepolisian.

Pasalnya jabatan terakhir Sambo adalah Kepala Divisi Profesi dan Pengamanan (Kadiv Propam) Polri yang menangani pelanggaran profesi para polisi.

(Tribun-Video.com/Kompas.com)

Artikel ini telah tayang di Kompas.com dengan judul ""Ferdy Sambo Diprediksi Bakal ""Buka-bukaan"" Jika Divonis Mati di Kasus Brigadir J"", Klik untuk baca: https://nasional.kompas.com/read/2023/01/23/21450661/ferdy-sambo-diprediksi-bakal-buka-bukaan-jika-divonis-mati-di-kasus-brigadir.

Host: Nita Arum
VP: Adam Sukmana

#beritaterbaru #beritaterkini #beritaviral #live #breakingnews #ipw #ferdysambo #polri",2023-01-24T03:19:22Z,PT57S,602138,4949,0,675
BG4-mN3vkDA,UC5BMIWZe9isJXLZZWPWvBlg,KOMPASTV,VONIS HUKUMAN MATI UNTUK FERDY SAMBO BELUM USAI? | LIVI ON POINT #shortvideo,"SAKSIKAN SELENGKAPNYA DI SINI https://youtu.be/agIG04oUjsw

Sahabat KompasTV, jangan lupa like, comment, dan subscribe channel YouTube KompasTV, juga aktifkan lonceng notifikasi agar tidak ketinggalan update mengenai isu-isu terkini di Indonesia.

Jangan lewatkan live streaming KompasTV 24 jam non stop di https://www.kompas.tv/live. Agar tidak ketinggalan berita-berita terkini, terlengkap, serta laporan langsung dari berbagai daerah di Indonesia, yuk subscribe channel youtube KompasTV. Aktifkan juga lonceng supaya kamu dapat notifikasi video terbaru dari KompasTV. 

Sahabat KompasTV juga bisa memperoleh informasi terkini melalui website: www.kompas.tv

Media sosial KompasTV: 
Facebook: https://www.facebook.com/KompasTV 
Instagram: https://www.instagram.com/kompastv 
Twitter: https://twitter.com/KompasTV 
LINE: https://line.me/ti/p/%40KompasTV",2023-02-13T17:29:58Z,PT1M,601103,6322,0,482
db4JDsOHLG8,UCvPqD_1dY4X5fRUj1bNNfXA,Tribun Medan Official,"KABAR Terbaru Ferdy Sambo Tetap Tak Terima Dihukum Mati, Kini Resmi Ajukan Kasasi","TRIBUN-MEDAN.COM- Kasus pembunuhan berencana Brigadir Nofriansyah Yosua Hutabarat alias Brigadir J, yang menjerat Ferdy Sambo kini terus bergulir. 

Terbaru, Ferdy Sambo yang sebelumnya divonis hukuman mati dalam perkara tersebut, kini resmi mengajukan kasasi

Selengkapnya baca : https://medan.tribunnews.com/2023/05/22/kabar-terbaru-ferdy-sambo-tetap-tak-terima-dihukum-mati-kini-resmi-ajukan-kasasi",2023-05-22T12:13:17Z,PT1M,698462,5118,0,325
hVg6tkHsDrk,UC_SBt2BFBkExq_azj-P5lNA,Nessie Judge,FERDY SAMBO LOLOS DARI HUKUMAN...? | #NERROR,"HELLO MY #NERRORIST & TEAM NESSIE SAYANG!
LIKE, SHARE & SUBSCRIBE if you enjoyed the video please!

I luh ya, Nessie

For partnership, please contact: judgenessie@gmail.com & nessiejudge.team@gmail.com

...............................................................................
FOLLOW ME ON 
TWITTER: twitter.com/nessiejudge
INSTAGRAM: @nessiejudge
BLOGSPOT: nessiejudge.blogspot.com
ASK.FM: Nessie Judge
----------------------------------------­--------------------------------
Background music :
Youtube Creation Tools
----------------------------------------­--------------------------------
Semua material yang difitur dalam video dimiliki oleh para pemiliknya yang kami hormati. Kami tidak mengklaim video mereka sebagai milik kami.

Semua video/foto/silhouette yang digunakan dalam penjelasan adalah sebatas visualisasi, bukan merupakan foto asli atau gambaran asli dari kasus yang dibahas, kecuali dijelaskan sebaliknya.

FAIR USE DISCLAIMER:
Penafian Hak Cipta di bawah bagian 107 dari Undang-Undang Hak Cipta 1976, tunjangan dibuat untuk ""penggunaan yang adil"" untuk tujuan seperti kritik, komentar, pelaporan berita, pengajaran, beasiswa, pendidikan dan penelitian. Penggunaan wajar adalah penggunaan yang diizinkan oleh undang-undang hak cipta yang mungkin melanggar.

Copyright Disclaimer under section 107 of the Copyright Act of 1976, allowance is made for “fair use” for purposes such as criticism, comment, news reporting, teaching, scholarship, education and research. Fair use is a use permitted by copyright statute that might otherwise be infringing.",2023-02-24T13:29:32Z,PT19M53S,567657,20670,0,1764
tN54JNBS72o,UCB1fvlA5xmLJ0tZblpoTuaQ,VIVA.CO.ID,Ferdy Sambo: Masa Sih Melanggar Gak Bisa Ditahan? #vivacoid #ferdysambo #sambo,"VIVA - Deskripsi: Irjen Ferdy Sambo mencari tahu penyebab anggota melanggar peraturan. Simak video selengkapnya di sini https://youtu.be/3PDZS9OgrHE

Baca berita terbaru, terkini dan terpopuler disini https://www.viva.co.id/",2022-08-12T09:45:03Z,PT56S,566089,5732,0,1890
xRSf1patovU,UC5BMIWZe9isJXLZZWPWvBlg,KOMPASTV,Momen Sambo Keceplosan Akui Tembak Punggung Brigadir Yosua,"JAKARTA, KOMPAS.TV - Ada satu momen dalam sidang pada 7 Desember 2022 lalu. Ferdy Sambo keceplosan menyebut ikut menembak Brigadir Yosua.

Momen ini terjadi saat jaksa mengkonfirmasi sejumlah barang bukti termasuk senjata api milik Ferdy Sambo.

Baca Juga Eliezer Bantah Sejumlah Kesaksian Ferdy Sambo di Persidangan di https://www.kompas.tv/article/356210/eliezer-bantah-sejumlah-kesaksian-ferdy-sambo-di-persidangan

Namun, pengacara Ferdy Sambo Rasamala Aritonang membantah kliennya menembak punggung brigadir Yosua Hutabarat.

""Pak Ferdy Sambo sekali lagi tidak pernah menembak korban Yosua. Yang dilakukan oleh pak Ferdy Sambo adalah menggunakan senjata Yosua untuk menembak dinding-dinding pada saat kejadian perkara itu."" Ujar pengacara Sambo, Rasmala Aritonang.

Artikel ini bisa dilihat di :  https://www.kompas.tv/article/358151/momen-sambo-keceplosan-akui-tembak-punggung-brigadir-yosua",2022-12-14T03:00:23Z,PT3M11S,567918,2362,0,419
iWDPiOFrdhY,UCQW2tTNJ40V2T6MqV1eMZ0w,Daftar Populer,CCTV Tiba² Rusak Cuma Kebetulan? Kasus Besar Ditangan Sang Ferdy Sambo Mantan Ketua Satgassus Polri,"Kariernya di dunia kepolisian melejit dan bahkan menjadi jenderal bintang dua termuda. Selama kariernya di kepolisian, Ferdy Sambo dikenal dan bahkan ahli dalam bidang research atau reserse. Karirnya mulai melejit sejak dipromosikan dari Kasat Reskrim Polres Jakarta Barat menjadi Kapolres Purbalingga pada tahun 2012 silam. Tidak butuh waktu lama, ia pun dipercaya menjabat posisi yang lebih tinggi. Dan yang terakhir, ia bahkan dipromosikan oleh Jenderal Idham Azis sebagai Kadiv Propam Polri. Dalam perjalanan kariernya juga, Ferdy Sambo dipercaya menangani sejumlah kasus besar yang membuatnya semakin disegani. 
#DaftarPopuker #FerdySambo #KasusBrigadirJ 

For business inquiries please contact : adv.daftarpopuler@gmail.com

Follow kami juga disini:
👉  Facebook   : https://www.facebook.com/daftarpopuler
👉  Twitter        : https://twitter.com/DaftarPopuler
👉  Instagram  : https://www.instagram.com/daftarpopuler/
👉  TikTok        : https://www.tiktok.com/@daftar.populer

Daftar Populer menyajikan informasi berupa kumpulan kejadian dan fakta di balik peristiwa tren/viral, unik dan aneh di dunia. Konten ini adalah konten yang memiliki komentar orisinal dan sarat nilai pendidikan. Video kompilasi ini telah melewati berbagai riset dan pengolahan data berupa foto, video dan berita dari berbagai sumber yang dikemas dengan cara hitung mundur dan atau acak.

For copyright matters please contact us at: 
daftarpopuler@gmail.com

Disclaimer - Some contents are used for educational purpose under fair use. Copyright Disclaimer Under Section 107 of the Copyright Act 1976, allowance is made for ""fair use"" for purposes such as criticism, comment, news reporting, teaching, scholarship, and research. Fair use is a use permitted by copyright statute that might otherwise be infringing. Non-profit, educational or personal use tips the balance in favor of fair use.",2022-08-15T11:15:01Z,PT8M43S,559618,4553,0,920
qw3kT7-5Bak,UCPAxpUn1mrn14xU0JpsLhDg,Kompas.com,[FULL] Pernyataan Irjen Ferdy Sambo Sebelum Diperiksa Bareskrim,"Kepala Divisi Profesi dan Pengamanan (Kadiv Propam) nonaktif Polri Irjen Ferdy Sambo memenuhi panggilan tim khusus (timsus) terkait kematian ajudannya, Brigadir J, Kamis (4/8/2022).

Sambo tiba di gedung Badan Reserse Kriminal (Bareskrim) Polri, Jakarta Selatan, sekitar pukul 09.54 WIB.

Sambo tampak mengenakan pakaian dinas lengkap kepolisian.

Simak selengkapnya.

Video Jurnalis: Pramulya Sadewa
Video Editor: Pramulya Sadewa
Produser: Adisty Safitri

#IrjenFerdySambo #BharadaE #BrigadirJ #OnLocation #JernihkanHarapan",2022-08-04T03:45:18Z,PT3M51S,534634,2370,0,967
9RfSkdUoU6s,UCqLsfkQSM0yfyGvONAGWd3Q,BeritaSatu,Momen Debat Richard Eliezer dengan Pengacara Ferdy Sambo,"Sidang lanjutan kasus pembunuhan Brigadir Yosua di PN Jakarta Selatan dilanjutkan kembali dengan terdakwa Ferdy Sambo dan Putri Candrawathi.
#FerdySambo #PutriCandrawathi #BrigadirYosua #PembunuhanBerencana #shorts 

Jangan lewatkan live streaming BTV 24 jam non stop di https://www.beritasatu.com/livestream.

#BUniverse
#BTV
#LiveStreaming

Pastikan kamu subscribe dan aktifkan juga tombol lonceng untuk mendapatkan notifikasi video terbaru dari BeritaSatu.

Kunjungi juga social media channel kami :

Official Website: https://www.beritasatu.com
Twitter      : https://twitter.com/Beritasatu
Facebook : https://www.facebook.com/beritasatu/
Instagram : https://www.instagram.com/beritasatu/
Telegram  : https://t.me/beritasatu_news
Tiktok        : https://www.tiktok.com/beritasatu",2022-12-13T12:15:00Z,PT48S,532323,5602,0,187
VCt97vsDL6M,UC5BMIWZe9isJXLZZWPWvBlg,KOMPASTV,Ayah Brigadir J minta Ferdy Sambo dan Putri Candrawathi buka masker #shorts,"Samuel Hutabarat Ayah Brigadir Pol Nofriansyah Yosua menjawab pertanyaan Jaksa Erna Normawati mengenai sejumlah luka di tubuh anaknya.

Samuel mengatakan bahwa ia diizinkan untuk membuka peti jenazah hanya sampai batas dada dan 2 kancing dari pakaian jenazah.

Ia juga menanyakan lubang di dada, tapi ia berpikir bahwa lubang tesebut yang menyebabkan anaknya meninggal.

Temukan informasi selengkapnya di www.kompas.tv atau kanal youtube KompasTV",2022-11-01T07:22:56Z,PT29S,530472,7893,0,1226
IOhTDDbenpU,UC5BMIWZe9isJXLZZWPWvBlg,KOMPASTV,Terdakwa Ferdy Sambo sampaikan permintaan maaf terkait penembakan Brigadir Yosua. #shorts,"""Di sinilah saya sebagai seorang ibu, begitu hancurnya. Begitu tersayat-sayatnya"", ucap Ibunda Brigadir Yosua. 

Agenda Persidangan pada Selasa, 1 November 2022 adalah pemeriksaan saksi untuk Ferdy Sambo dan Putri Candrawathi.

Majelis Hakim mengambil keputusan untuk menggelar sidang Ferdy Sambo dan Putri Candrawathi secara bersamaan untuk mempersingkat waktu.

Setelah nota pembelaan Ferdy Sambo dan Putri Candrawathi ditolak, agenda sidang selanjutnya memasuki pembuktian.",2022-11-01T07:49:50Z,PT1M,520789,6030,0,956
-P5RkWYeAkg,UCdOovgmIPfj9a-o3VP5i2_g,MerdekaDotCom,"🔴 BREAKING NEWS - Ferdy Sambo Divonis Hukuman Mati, Putri Candrawathi Dihukum 20 Tahun Penjara","Merdeka.com - Sidang kasus dugaan pembunuhan berencana terhadap Brigadir J alis Nofriansyah Yosua Hutabarat memasuki babak akhir. Ferdy Sambo dan Putri Candrawathi yang menjadi terdakwa dalam kasus ini akan menjalani sidang putusan di Pengadilan Negeri Jakarta Selatan hari ini, Senin (13/2).

Pecatan Polri ini didakwa dengan dua perkara sekaligus yaitu dugaan pembunuhan berencana, dan dugaan perintangan penyidikan atau obstruction of justice (OOJ).

Untuk kasus pembunuhan berencana, Sambo dan Putri didakwa melanggar Pasal 340 subsider Pasal 338 KUHP juncto Pasal 55 KUHP juncto Pasal 56 KUHP dengan ancaman pidana maksimal mencapai hukuman mati.

Sedangkan, untuk perkara OOJ didakwa dengan Pasal 49 juncto Pasal 33 dan/atau Pasal 48 ayat (1) juncto Pasal 32 ayat (1) UU ITE Nomor 19 Tahun 2016 dan/atau Pasal 221 ayat (1) ke 2 dan 233 KUHP juncto Pasal 55 KUHP dan/atau Pasal 56 KUHP.

----
#merdekadotcom

MORE VIDEOS: https://video.merdeka.com/

Produced by https://www.merdeka.com
KLN Apps ► http://www.kln.id/apps/

----
Youtube ► https://www.youtube.com/merdekacomvideonews
Vidio ► https://www.vidio.com/@merdeka
Twitter ► https://twitter.com/merdekadotcom
Facebook ► https://www.facebook.com/MDKcom
Telegram ► https://t.me/merdekacomnewsupdate",2023-02-13T15:04:17Z,PT10H39M47S,482376,2302,0,133
XglA-q3IT5w,UCB1fvlA5xmLJ0tZblpoTuaQ,VIVA.CO.ID,"Sepak Terjang Kadiv Propam Ferdy Sambo, Pernah Tangani 5 Kasus Besar","VIVA - Perhatian masyarakat tengah terpusat pada sosok Kepala Divisi Profesi dan Pengamanan (Propam) Polri. Hal ini setelah insiden baku tembak yang terjadi di rumah dinas Ferdy di kawasan Duren Tiga, Jakarta Selatan. (RK-MA-SW) #dengerinviva 

Berita Terkait:
Investigasi Kematian Brigadir J - https://bit.ly/3z8Ghpw
Decoder Rumah Ferdy Sambo Dugaan Diganti - https://bit.ly/3O5aFFG
Ferdy Sambo Tak Dinonaktifkan - https://bit.ly/3IJMKKI

Baca berita terbaru, terkini dan terpopuler disini https://www.viva.co.id/",2022-07-15T16:00:31Z,PT2M27S,481880,2142,0,669
PcTTv4HYhIA,UC5BMIWZe9isJXLZZWPWvBlg,KOMPASTV,"[FULL] Tanggapan Ferdy Sambo Terkait Kesaksian Hendra Kurniawan, Agus Nurpatria dkk","JAKARTA, KOMPAS.TV - Terdakwa kasus pembunuhan berencana terhadap Brigadir Yosua Hutabarat, Ferdy Sambo meminta agar anak buahnya tidak diproses kode etik dan pidana.

Ferdy Sambo menegaskan dirinya yang akan bertanggung jawab dalam kasus ini.

Baca Juga Suara Bergetar, Saksi Susanto: Ferdy Sambo Tega Hancurkan Karier Saya! di https://www.kompas.tv/article/355799/suara-bergetar-saksi-susanto-ferdy-sambo-tega-hancurkan-karier-saya

""Saya juga sudah meminta kepada pimpinan untuk tidak memproses kode etik dan pidana mereka karena mereka tidak tahu apa-apa,"" ucap Sambo dalam persidangan di PN Jaksel, Selasa (6/12/2022).

Sidang kali ini, Jaksa mendatangi terdakwa Obstruction of Justice Hendra Kurniawan, Agus Nurpatria hingga Chuck Putranto.

Video editor: Lintang Amiluhur

Artikel ini bisa dilihat di :  https://www.kompas.tv/article/355808/full-tanggapan-ferdy-sambo-terkait-kesaksian-hendra-kurniawan-agus-nurpatria-dkk",2022-12-06T16:19:25Z,PT4M58S,473038,3027,0,1656
OT_lpkpL0AY,UCPhWauyGmombVZb5VRp4wLA,tribunjabar video,Isunya Brigjen Hendro Pandowo Jadi Kadiv Propam Polri Ganti Irjen Ferdy Sambo,"TRIBUNJABADVIDEO- Brigjen Hendro Pandowo yang kini menjabat Wakapolda Metro Jaya dikabarkan akan menggantikan Irjen Ferdy Sambo sebagai Kadiv Propam Polri.

Kabar tersebut bersamaan dengan kasus yang menyeret Irjen Ferdy Sambo bersama istrinya terkait kasus baku tembak Brigadir J dan Bharada E.

Brigjen Hendro Pandowo sendiri bukan orang asing di Divpropam Polri. Dia sebelumnya sempat menjabat Karoprovos Divpropam Polri, sebelum jabat Wakapolda Metro Jaya.

Bagi warga Kota Bandung, sosok Brigjen Hendro Pandowo dirindukan. Pasalnya, dia sempat menjabat Kapolrestabes Bandung. Kiprahnya Brigjen Hendro Pandowo di Bandung, banyak diapresiasi warga.

Meski begitu, kabar itu masih bersifat isuk. Kabag Penum Divhumas Polri Kombes Nurul Azizah, belum menerima keputusan tersebut.

""Belum ada,"" ujar Kombes Nurul Azizah, dibenarkan juga Kadiv Humas Polri Irjen Dedi Prasetyo.

""Sudah dicek ke SDM, belum ada,"" ujar dia.


#brigjenhendropandowo #irjenferdysambo #kadivpropampolri",2022-07-15T03:39:37Z,PT58S,470735,0,0,267
3pgqtdcRTxw,UCER4rvDnRBPr_ncYW4UCZjg,tvOneNews ,AKHIR PERJALANAN KARIR FERDY SAMBO #Shorts #tvOne #ferdysambo,"Jakarta, https://www.tvOnenews.com - AKHIR PERJALANAN KARIR FERDY SAMBO #Shorts #tvOne #ferdysambo 



Saksikan live streaming tvOne hanya di https://www.tvonenews.com/live",2022-08-25T07:53:41Z,PT1M,460041,5344,0,424
qkJ9Wn9dHoc,UCB1fvlA5xmLJ0tZblpoTuaQ,VIVA.CO.ID,"Ferdy Sambo: Kenapa Bukan Saya yang Nembak, Percuma Jenderal #vivacoid","VIVA - Ketua Komnas HAM Ahmad Taufan Damanik menjelaskan pada saat pertemuannya dengan Ferdy Sambo yang menyesal atas ulahnya. Simak video selengkapnya di https://youtu.be/SB7KF1HaPLw

Baca berita terbaru, terkini dan terpopuler disini https://www.viva.co.id/",2022-10-04T13:00:35Z,PT55S,457102,3976,0,739
DNFdone5qDM,UCT5H_ppXrhC7SFurhrezJKw,Tribun Sumsel,"Sosok Brigjen Krishna Murti, Atasan Ferdy Sambo Dulu yang Pangkatnya Disalip Suami Putri Candrawathi","Nama Brigjen Krishna Murti mendadak menjadi sorotan setelah ramai kasus pembunuhan Brigadir J alias Brigadir Nofriansyah Yosua Hutabarat di rumah Irjen Ferdy Sambo. 

Video lawas yang menunjukkan kedekatan Brigjen Krishna Murti dan Irjen Ferdy Sambo pun beredar viral di media sosial.

Namun, bukan konten video itu yang menjadi sorotan, tapi fakta bahwa Irjen Ferdy Sambo yang awalnya wakil Krisna Murti, kini justru pangkatnya lebih tinggi. Lantas siapakah Krishna Murti? berikut sosoknya.

#brigjenkrishnamurti #krishnamurti #atasanferdysambo #sosokkrishnamurti

Tribun Sumsel/Ninis
Editor/Eli

Baca Berita Lengkap : https://sumsel.tribunnews.com/2022/08/06/profil-brigjen-krishna-murti-dulu-pernah-jadi-atasan-ferdy-sambo-pernah-dikirim-ke-bosnia

Baca berita di ------- http://sumsel.tribunnews.com/

Follow Instagram --------- https://www.instagram.com/tribunsumsel/

Like fanspage --------- https://www.facebook.com/harian.tribun.sumsel/",2022-08-06T08:11:04Z,PT2M21S,447956,2457,0,536
Ml-3JXmO5A0,UC5BMIWZe9isJXLZZWPWvBlg,KOMPASTV,"Diduga Terlibat Membuat Skenario Irjen Ferdy Sambo, Penasihat Ahli Kapolri Mengundurkan Diri","JAKARTA, KOMPAS.TV - Kasus pembunuhan Brigadir Yoshua Hutabarat di rumah mantan Kadiv Propam Irjen Ferdy Sambo berimbas pada mundurnya Penasihat Ahli Kapolri Fahmi Alamsyah.

Nama Fahmi Alamsyah ikut terseret karena diduga ikut menyusun skenario rekayasa baku tembak seperti yang disampaikan dalam rilis awal polisi.

Dalam program Satu Meja, Kadiv Humas Polri Irjen Dedi Prasetyo menyatakan, Fahmi Alamsyah telah mengundurkan diri dari jabatannya sebagai Penasihat Kapolri bidang Komunikasi Publik.

Baca Juga Fakta Baru! Kapolri Ungkap: Ferdy Sambo Pakai Senjata Brigadir J Tembak Dinding Demi Skenario di https://www.kompas.tv/article/317327/fakta-baru-kapolri-ungkap-ferdy-sambo-pakai-senjata-brigadir-j-tembak-dinding-demi-skenario

Lebih lanjut, Dedy menyatakan Polri akan memeriksa siapapun yang terkait dengan kasus pembunuhan Brigadir Yoshua.

Sementara itu, terkait mundurnya Fahmi Alamsyah sebagai Penasihat Ahli Kapolri, Guru Besar Universitas Bhayangkara Jaya sekaligus salah seorang Penasihat Kapolri, Hermawan Sulistyo menyatakan, ada desakan dari para Penasihat Ahli Kapolri.

Dugaan seorang Penasihat Ahli Kapolri terlibat dalam penyusunan skenario tertentu versi Irjen Ferdy Sambo, seiring dan seirama dengan pelanggaran etik oleh puluhan personel Polri dalam penanganan TKP penembakan Brigadir Yoshua di rumah Irjen Ferdy Sambo. 

Artikel ini bisa dilihat di :  https://www.kompas.tv/article/317999/diduga-terlibat-membuat-skenario-irjen-ferdy-sambo-penasihat-ahli-kapolri-mengundurkan-diri",2022-08-11T12:07:02Z,PT7M30S,446997,3146,0,1346
Ru38Rlo9GF4,UC5BMIWZe9isJXLZZWPWvBlg,KOMPASTV,Ferdy Sambo Ajukan Banding Usai Dirinya Diberhentikan dengan Tidak Hormat Melalui Sidang Kode Etik,"Majelis sidang kode etik profesi Polri memutuskan Irjen Ferdy Sambo diberhentikan tidak dengan hormat (PTDH) lantaran melanggar kode etik Polri terkait penyidikan kasus tewasnya Brigadir J.

Atas putusan yang dibacakan Ketua Sidang Kode Etik Profesi Polri Komjen Ahmad Dofiri, mantan Kadiv Propam Polri itu menyatakan banding.",2022-08-26T07:00:43Z,PT1M,438215,6825,0,368
KdT6RX6OV9Q,UCXA4t6gBvMXoh0HeCApBM8w,LENSA INDONESIA - RTV,Irjen Ferdy Sambo Disanksi Pemberhentian Tidak Dengan Hormat (PTDH),"Polri memberi sanksi pemberhentian tidak dengan hormat (PTDH) pada Irjen Ferdy Sambo sebagai anggota Polri, karena terbukti melanggar kode etik profesi dan terlibat kasus dugaan pembunuhan berencana Brigadir J alias Brigadir Nofriansyah Yosua Hutabarat. Hasil tersebut diumumkan Komisi Kode Etik Polri yang dipimpin Kepala Badan Intelijen Keamanan (Kabaintelkam) Komjen Ahmad Dofiri, Jumat (26/8) sekitar pukul 02.00 WIB.

#polri #ptdh #irjenferdysambo #ferdysambo #brigadirj #kodeetik #sidangkodeetik #kodeetikpolisi #penembakanpolisi #sanksi",2022-08-25T19:18:55Z,PT45S,435240,3837,0,146
4ZKnE6YGnww,UCu9g2ID__kol_6aqQJTn9kg,Tribun Pontianak,🔴 Potret Istri Ferdy Sambo Putri Candrawati yang Cantik dan Anggun,"Sosok Putri Candrawati, istri Ferdy Sambo tengah ramai mencuri perhatian masyarakat Indonesia usai terseret dalam kasus kematian Brigadir J di rumah dinas Kadiv Propam Polri.

Saat ini, Putri Candrawathi baru saja diperiksa oleh Timsus pada Kamis 18 Agustus 2022, terakit kematian Brigadir J.

hasil pemeriksaan Putri Candrawathi, nantinya disampaikan pada Jumat 19 Agustus 2022 siang.

Diketahui, seorang pria bernama Reval Alip, seorang make up artist (MUA) yang mengaku pernah merias dan menata rambut Putri Candrawathi membuat heboh dengan sebuah pengakuannya di TikTok.

Reval mengungkapkan pernah mendapatkan perlakuan baik dari Putri dan Brigadir J. Ia berharap yang terbaik untuk kedua belah pihak keluarga.

#putricandrawathi #ferdysambo #brigadirj 

Simak berita selengkapnya di http://pontianak.tribunnews.com/
Simak Video Viral lainnya https://www.youtube.com/c/TribunSingkawang1

Follow us:

Instagram: https://www.instagram.com/tribunpontianak/
Facebook: https://www.facebook.com/TribunPontianakInteraktif/
Twitter: https://twitter.com/tribunpontianak
TikTok: tiktok.com/@tribunpontianak

Terima Kasih Telah Subscribe, Like, dan comment konten-konten menarik dari Kami.",2022-08-19T02:12:34Z,PT1M,431772,2284,0,489
78Q2b95Pd5M,UCF8wY87aB5e6n_sVpIyo1hQ,FULUS STAR,ANAK FERDY SAMBO JADI SOROTAN #shortvideo #viralvideo,,2025-08-18T08:38:32Z,PT15S,1070376,2757,0,103
0x08pR5tfjo,UCPhWauyGmombVZb5VRp4wLA,tribunjabar video,"Irjen Pol Ferdy Sambo Disebut akan Dicopot dari Jabatannya, Ini Sosok Calon Kuat Penggantinya?","Muncul isu yang menyebut Kadiv Propam Irjen Pol Ferdy Sambo akan dicopot dari jabatannya. Pencopotannya disebut sebagai buntut kasus baku tembak yang terjadi di rumah dinasnya.

Kabar pencopotan Ferdy Sambo semakin menguat hingga Brigjen Pol Hendro Pandowo disebut menjadi calon penggantinya.

Host: Ratu Sejati | Video Editor: Oki Priyana

MEDIA SOCIAL & WEB Official 
Website  : https://jabar.tribunnews.com/ 
Instagram : https://www.instagram.com/tribunjabar
Twitter  : https://twitter.com/tribunjabar
Facebook : https://www.facebook.com/tribunjabar

#tribunjabarvideo  #irjenpolferdysambodisebutakandicopotdarijabatannya  #inisosokcalonpenggantinya",2022-07-15T08:55:13Z,PT1M,423773,4268,0,364
7ou-x7xrawo,UCmxAIW7RDDC88EPk4ry16Kg,Tribunnews,Putri Candrawathi Istri Ferdy Sambo Terpidana Pembunuhan Brigadir J Dapat Remisi Gegara Jago Merajut,"Baca Selengkapnya di https://video.tribunnews.com/view/859175/putri-candrawathi-istri-ferdy-sambo-terpidana-pembunuhan-brigadir-j-dapat-remisi-gegara-jago-merajut

Download aplikasi berita TribunX di Play Store atau App Store untuk dapatkan pengalaman baru

TRIBUN-VIDEO.COM - Putri Candrawati, istri mantan Kadiv Propam Polri Ferdy Sambo sekaligus terpina kasus pembunuhan berencana Brigadir Yosua Hutabarat atau Brigadir J dapat remisi 9 bulan.

Ia dapat remisi lantaran memiliki catatan positif selama dipenjara di Lapas Kelas II A Tangerang.

Dilansir dari Tribun Tangerang pada Rabu (20/8), catatan positif itu salah satunya adalah jago merajut tas. 

Program: Tribunnews Update
Host: Umi Wakhidah
Editor: Muhammad Taufiq Rahman Setyawan
Uploader: Panji Anggoro Putro

#putricandrawati #ferdysambo #brigadirj #remisi #lapas #tangerang",2025-08-20T05:00:05Z,PT6S,1338561,1335,0,595
ejzTcsW3hNQ,UCdOovgmIPfj9a-o3VP5i2_g,MerdekaDotCom,"Vote Calon Hakim Agung MA, Alimin Pemvonis Mati Ferdy Sambo Raih Suara Nol Komisi III DPR","MERDEKA.COM - Komisi III DPR melakukan rapat pleno pemilihan dan penetapan calon hakim agung dan hakim ad hoc di Mahkamah Agung tahun 2025 di Gedung Parlemen, Senayan, Jakarta pada Selasa (16/9). 

Dalam pemilihan calon hakim agung dan hakim ad hoc di MA, Hakim Pengadilan Tinggi Banjarmasin Alimin Ribut Sujono tidak mendapatkan suara atau dukungan dari DPR. Hasil suara yang didapatkan Alimin yakni 0.

Alimin merupakan salah satu hakim anggota yang menjatuhkan vonis pidana hukuman mati kepada Ferdy Sambo. Ia sudah dua kali menjatuhkan pidana mati. Pertama dalam kasus narkotika dengan terpidana warga Pakistan yang mengendalikan dan hendak memasukan 10 ton narkorba ke Indonesia. Kedua, perkara kasus Sambo 

Diketahui, Mahkamah Agung (MA) menganulir vonis mati Ferdy Sambo menjadi hukuman seumur hidup.


----
#merdekadotcom

MORE VIDEOS: https://video.merdeka.com/

Produced by https://www.merdeka.com
KLN Apps ► http://www.kln.id/apps/

----
Youtube ► https://www.youtube.com/merdekacomvideonews
Vidio ► https://www.vidio.com/@merdeka
WhatsApp Channel ►  https://whatsapp.com/channel/0029Va2aKxNAjPXQRpJGf70z
Twitter ► https://twitter.com/merdekadotcom
Facebook ► https://www.facebook.com/MDKcom
Telegram ► https://t.me/merdekacomnewsupdate",2025-09-16T07:49:11Z,PT9M13S,408340,636,0,1748
qw3kT7-5Bak,UCPAxpUn1mrn14xU0JpsLhDg,Kompas.com,[FULL] Pernyataan Irjen Ferdy Sambo Sebelum Diperiksa Bareskrim,"Kepala Divisi Profesi dan Pengamanan (Kadiv Propam) nonaktif Polri Irjen Ferdy Sambo memenuhi panggilan tim khusus (timsus) terkait kematian ajudannya, Brigadir J, Kamis (4/8/2022).

Sambo tiba di gedung Badan Reserse Kriminal (Bareskrim) Polri, Jakarta Selatan, sekitar pukul 09.54 WIB.

Sambo tampak mengenakan pakaian dinas lengkap kepolisian.

Simak selengkapnya.

Video Jurnalis: Pramulya Sadewa
Video Editor: Pramulya Sadewa
Produser: Adisty Safitri

#IrjenFerdySambo #BharadaE #BrigadirJ #OnLocation #JernihkanHarapan",2022-08-04T03:45:18Z,PT3M51S,534634,2370,0,967
9RfSkdUoU6s,UCqLsfkQSM0yfyGvONAGWd3Q,BeritaSatu,Momen Debat Richard Eliezer dengan Pengacara Ferdy Sambo,"Sidang lanjutan kasus pembunuhan Brigadir Yosua di PN Jakarta Selatan dilanjutkan kembali dengan terdakwa Ferdy Sambo dan Putri Candrawathi.
#FerdySambo #PutriCandrawathi #BrigadirYosua #PembunuhanBerencana #shorts 

Jangan lewatkan live streaming BTV 24 jam non stop di https://www.beritasatu.com/livestream.

#BUniverse
#BTV
#LiveStreaming

Pastikan kamu subscribe dan aktifkan juga tombol lonceng untuk mendapatkan notifikasi video terbaru dari BeritaSatu.

Kunjungi juga social media channel kami :

Official Website: https://www.beritasatu.com
Twitter      : https://twitter.com/Beritasatu
Facebook : https://www.facebook.com/beritasatu/
Instagram : https://www.instagram.com/beritasatu/
Telegram  : https://t.me/beritasatu_news
Tiktok        : https://www.tiktok.com/beritasatu",2022-12-13T12:15:00Z,PT48S,532323,5602,0,187
VCt97vsDL6M,UC5BMIWZe9isJXLZZWPWvBlg,KOMPASTV,Ayah Brigadir J minta Ferdy Sambo dan Putri Candrawathi buka masker #shorts,"Samuel Hutabarat Ayah Brigadir Pol Nofriansyah Yosua menjawab pertanyaan Jaksa Erna Normawati mengenai sejumlah luka di tubuh anaknya.

Samuel mengatakan bahwa ia diizinkan untuk membuka peti jenazah hanya sampai batas dada dan 2 kancing dari pakaian jenazah.

Ia juga menanyakan lubang di dada, tapi ia berpikir bahwa lubang tesebut yang menyebabkan anaknya meninggal.

Temukan informasi selengkapnya di www.kompas.tv atau kanal youtube KompasTV",2022-11-01T07:22:56Z,PT29S,530468,7893,0,1226
IOhTDDbenpU,UC5BMIWZe9isJXLZZWPWvBlg,KOMPASTV,Terdakwa Ferdy Sambo sampaikan permintaan maaf terkait penembakan Brigadir Yosua. #shorts,"""Di sinilah saya sebagai seorang ibu, begitu hancurnya. Begitu tersayat-sayatnya"", ucap Ibunda Brigadir Yosua. 

Agenda Persidangan pada Selasa, 1 November 2022 adalah pemeriksaan saksi untuk Ferdy Sambo dan Putri Candrawathi.

Majelis Hakim mengambil keputusan untuk menggelar sidang Ferdy Sambo dan Putri Candrawathi secara bersamaan untuk mempersingkat waktu.

Setelah nota pembelaan Ferdy Sambo dan Putri Candrawathi ditolak, agenda sidang selanjutnya memasuki pembuktian.",2022-11-01T07:49:50Z,PT1M,520789,6030,0,956
-P5RkWYeAkg,UCdOovgmIPfj9a-o3VP5i2_g,MerdekaDotCom,"🔴 BREAKING NEWS - Ferdy Sambo Divonis Hukuman Mati, Putri Candrawathi Dihukum 20 Tahun Penjara","Merdeka.com - Sidang kasus dugaan pembunuhan berencana terhadap Brigadir J alis Nofriansyah Yosua Hutabarat memasuki babak akhir. Ferdy Sambo dan Putri Candrawathi yang menjadi terdakwa dalam kasus ini akan menjalani sidang putusan di Pengadilan Negeri Jakarta Selatan hari ini, Senin (13/2).

Pecatan Polri ini didakwa dengan dua perkara sekaligus yaitu dugaan pembunuhan berencana, dan dugaan perintangan penyidikan atau obstruction of justice (OOJ).

Untuk kasus pembunuhan berencana, Sambo dan Putri didakwa melanggar Pasal 340 subsider Pasal 338 KUHP juncto Pasal 55 KUHP juncto Pasal 56 KUHP dengan ancaman pidana maksimal mencapai hukuman mati.

Sedangkan, untuk perkara OOJ didakwa dengan Pasal 49 juncto Pasal 33 dan/atau Pasal 48 ayat (1) juncto Pasal 32 ayat (1) UU ITE Nomor 19 Tahun 2016 dan/atau Pasal 221 ayat (1) ke 2 dan 233 KUHP juncto Pasal 55 KUHP dan/atau Pasal 56 KUHP.

----
#merdekadotcom

MORE VIDEOS: https://video.merdeka.com/

Produced by https://www.merdeka.com
KLN Apps ► http://www.kln.id/apps/

----
Youtube ► https://www.youtube.com/merdekacomvideonews
Vidio ► https://www.vidio.com/@merdeka
Twitter ► https://twitter.com/merdekadotcom
Facebook ► https://www.facebook.com/MDKcom
Telegram ► https://t.me/merdekacomnewsupdate",2023-02-13T15:04:17Z,PT10H39M47S,482376,2302,0,133
XglA-q3IT5w,UCB1fvlA5xmLJ0tZblpoTuaQ,VIVA.CO.ID,"Sepak Terjang Kadiv Propam Ferdy Sambo, Pernah Tangani 5 Kasus Besar","VIVA - Perhatian masyarakat tengah terpusat pada sosok Kepala Divisi Profesi dan Pengamanan (Propam) Polri. Hal ini setelah insiden baku tembak yang terjadi di rumah dinas Ferdy di kawasan Duren Tiga, Jakarta Selatan. (RK-MA-SW) #dengerinviva 

Berita Terkait:
Investigasi Kematian Brigadir J - https://bit.ly/3z8Ghpw
Decoder Rumah Ferdy Sambo Dugaan Diganti - https://bit.ly/3O5aFFG
Ferdy Sambo Tak Dinonaktifkan - https://bit.ly/3IJMKKI

Baca berita terbaru, terkini dan terpopuler disini https://www.viva.co.id/",2022-07-15T16:00:31Z,PT2M27S,481880,2142,0,669
PcTTv4HYhIA,UC5BMIWZe9isJXLZZWPWvBlg,KOMPASTV,"[FULL] Tanggapan Ferdy Sambo Terkait Kesaksian Hendra Kurniawan, Agus Nurpatria dkk","JAKARTA, KOMPAS.TV - Terdakwa kasus pembunuhan berencana terhadap Brigadir Yosua Hutabarat, Ferdy Sambo meminta agar anak buahnya tidak diproses kode etik dan pidana.

Ferdy Sambo menegaskan dirinya yang akan bertanggung jawab dalam kasus ini.

Baca Juga Suara Bergetar, Saksi Susanto: Ferdy Sambo Tega Hancurkan Karier Saya! di https://www.kompas.tv/article/355799/suara-bergetar-saksi-susanto-ferdy-sambo-tega-hancurkan-karier-saya

""Saya juga sudah meminta kepada pimpinan untuk tidak memproses kode etik dan pidana mereka karena mereka tidak tahu apa-apa,"" ucap Sambo dalam persidangan di PN Jaksel, Selasa (6/12/2022).

Sidang kali ini, Jaksa mendatangi terdakwa Obstruction of Justice Hendra Kurniawan, Agus Nurpatria hingga Chuck Putranto.

Video editor: Lintang Amiluhur

Artikel ini bisa dilihat di :  https://www.kompas.tv/article/355808/full-tanggapan-ferdy-sambo-terkait-kesaksian-hendra-kurniawan-agus-nurpatria-dkk",2022-12-06T16:19:25Z,PT4M58S,473038,3027,0,1656
OT_lpkpL0AY,UCPhWauyGmombVZb5VRp4wLA,tribunjabar video,Isunya Brigjen Hendro Pandowo Jadi Kadiv Propam Polri Ganti Irjen Ferdy Sambo,"TRIBUNJABADVIDEO- Brigjen Hendro Pandowo yang kini menjabat Wakapolda Metro Jaya dikabarkan akan menggantikan Irjen Ferdy Sambo sebagai Kadiv Propam Polri.

Kabar tersebut bersamaan dengan kasus yang menyeret Irjen Ferdy Sambo bersama istrinya terkait kasus baku tembak Brigadir J dan Bharada E.

Brigjen Hendro Pandowo sendiri bukan orang asing di Divpropam Polri. Dia sebelumnya sempat menjabat Karoprovos Divpropam Polri, sebelum jabat Wakapolda Metro Jaya.

Bagi warga Kota Bandung, sosok Brigjen Hendro Pandowo dirindukan. Pasalnya, dia sempat menjabat Kapolrestabes Bandung. Kiprahnya Brigjen Hendro Pandowo di Bandung, banyak diapresiasi warga.

Meski begitu, kabar itu masih bersifat isuk. Kabag Penum Divhumas Polri Kombes Nurul Azizah, belum menerima keputusan tersebut.

""Belum ada,"" ujar Kombes Nurul Azizah, dibenarkan juga Kadiv Humas Polri Irjen Dedi Prasetyo.

""Sudah dicek ke SDM, belum ada,"" ujar dia.


#brigjenhendropandowo #irjenferdysambo #kadivpropampolri",2022-07-15T03:39:37Z,PT58S,470735,0,0,267
3pgqtdcRTxw,UCER4rvDnRBPr_ncYW4UCZjg,tvOneNews ,AKHIR PERJALANAN KARIR FERDY SAMBO #Shorts #tvOne #ferdysambo,"Jakarta, https://www.tvOnenews.com - AKHIR PERJALANAN KARIR FERDY SAMBO #Shorts #tvOne #ferdysambo 



Saksikan live streaming tvOne hanya di https://www.tvonenews.com/live",2022-08-25T07:53:41Z,PT1M,460041,5344,0,424
qkJ9Wn9dHoc,UCB1fvlA5xmLJ0tZblpoTuaQ,VIVA.CO.ID,"Ferdy Sambo: Kenapa Bukan Saya yang Nembak, Percuma Jenderal #vivacoid","VIVA - Ketua Komnas HAM Ahmad Taufan Damanik menjelaskan pada saat pertemuannya dengan Ferdy Sambo yang menyesal atas ulahnya. Simak video selengkapnya di https://youtu.be/SB7KF1HaPLw

Baca berita terbaru, terkini dan terpopuler disini https://www.viva.co.id/",2022-10-04T13:00:35Z,PT55S,457102,3976,0,739
DNFdone5qDM,UCT5H_ppXrhC7SFurhrezJKw,Tribun Sumsel,"Sosok Brigjen Krishna Murti, Atasan Ferdy Sambo Dulu yang Pangkatnya Disalip Suami Putri Candrawathi","Nama Brigjen Krishna Murti mendadak menjadi sorotan setelah ramai kasus pembunuhan Brigadir J alias Brigadir Nofriansyah Yosua Hutabarat di rumah Irjen Ferdy Sambo. 

Video lawas yang menunjukkan kedekatan Brigjen Krishna Murti dan Irjen Ferdy Sambo pun beredar viral di media sosial.

Namun, bukan konten video itu yang menjadi sorotan, tapi fakta bahwa Irjen Ferdy Sambo yang awalnya wakil Krisna Murti, kini justru pangkatnya lebih tinggi. Lantas siapakah Krishna Murti? berikut sosoknya.

#brigjenkrishnamurti #krishnamurti #atasanferdysambo #sosokkrishnamurti

Tribun Sumsel/Ninis
Editor/Eli

Baca Berita Lengkap : https://sumsel.tribunnews.com/2022/08/06/profil-brigjen-krishna-murti-dulu-pernah-jadi-atasan-ferdy-sambo-pernah-dikirim-ke-bosnia

Baca berita di ------- http://sumsel.tribunnews.com/

Follow Instagram --------- https://www.instagram.com/tribunsumsel/

Like fanspage --------- https://www.facebook.com/harian.tribun.sumsel/",2022-08-06T08:11:04Z,PT2M21S,447956,2457,0,536
Ml-3JXmO5A0,UC5BMIWZe9isJXLZZWPWvBlg,KOMPASTV,"Diduga Terlibat Membuat Skenario Irjen Ferdy Sambo, Penasihat Ahli Kapolri Mengundurkan Diri","JAKARTA, KOMPAS.TV - Kasus pembunuhan Brigadir Yoshua Hutabarat di rumah mantan Kadiv Propam Irjen Ferdy Sambo berimbas pada mundurnya Penasihat Ahli Kapolri Fahmi Alamsyah.

Nama Fahmi Alamsyah ikut terseret karena diduga ikut menyusun skenario rekayasa baku tembak seperti yang disampaikan dalam rilis awal polisi.

Dalam program Satu Meja, Kadiv Humas Polri Irjen Dedi Prasetyo menyatakan, Fahmi Alamsyah telah mengundurkan diri dari jabatannya sebagai Penasihat Kapolri bidang Komunikasi Publik.

Baca Juga Fakta Baru! Kapolri Ungkap: Ferdy Sambo Pakai Senjata Brigadir J Tembak Dinding Demi Skenario di https://www.kompas.tv/article/317327/fakta-baru-kapolri-ungkap-ferdy-sambo-pakai-senjata-brigadir-j-tembak-dinding-demi-skenario

Lebih lanjut, Dedy menyatakan Polri akan memeriksa siapapun yang terkait dengan kasus pembunuhan Brigadir Yoshua.

Sementara itu, terkait mundurnya Fahmi Alamsyah sebagai Penasihat Ahli Kapolri, Guru Besar Universitas Bhayangkara Jaya sekaligus salah seorang Penasihat Kapolri, Hermawan Sulistyo menyatakan, ada desakan dari para Penasihat Ahli Kapolri.

Dugaan seorang Penasihat Ahli Kapolri terlibat dalam penyusunan skenario tertentu versi Irjen Ferdy Sambo, seiring dan seirama dengan pelanggaran etik oleh puluhan personel Polri dalam penanganan TKP penembakan Brigadir Yoshua di rumah Irjen Ferdy Sambo. 

Artikel ini bisa dilihat di :  https://www.kompas.tv/article/317999/diduga-terlibat-membuat-skenario-irjen-ferdy-sambo-penasihat-ahli-kapolri-mengundurkan-diri",2022-08-11T12:07:02Z,PT7M30S,446997,3146,0,1346
Ru38Rlo9GF4,UC5BMIWZe9isJXLZZWPWvBlg,KOMPASTV,Ferdy Sambo Ajukan Banding Usai Dirinya Diberhentikan dengan Tidak Hormat Melalui Sidang Kode Etik,"Majelis sidang kode etik profesi Polri memutuskan Irjen Ferdy Sambo diberhentikan tidak dengan hormat (PTDH) lantaran melanggar kode etik Polri terkait penyidikan kasus tewasnya Brigadir J.

Atas putusan yang dibacakan Ketua Sidang Kode Etik Profesi Polri Komjen Ahmad Dofiri, mantan Kadiv Propam Polri itu menyatakan banding.",2022-08-26T07:00:43Z,PT1M,438215,6825,0,368
KdT6RX6OV9Q,UCXA4t6gBvMXoh0HeCApBM8w,LENSA INDONESIA - RTV,Irjen Ferdy Sambo Disanksi Pemberhentian Tidak Dengan Hormat (PTDH),"Polri memberi sanksi pemberhentian tidak dengan hormat (PTDH) pada Irjen Ferdy Sambo sebagai anggota Polri, karena terbukti melanggar kode etik profesi dan terlibat kasus dugaan pembunuhan berencana Brigadir J alias Brigadir Nofriansyah Yosua Hutabarat. Hasil tersebut diumumkan Komisi Kode Etik Polri yang dipimpin Kepala Badan Intelijen Keamanan (Kabaintelkam) Komjen Ahmad Dofiri, Jumat (26/8) sekitar pukul 02.00 WIB.

#polri #ptdh #irjenferdysambo #ferdysambo #brigadirj #kodeetik #sidangkodeetik #kodeetikpolisi #penembakanpolisi #sanksi",2022-08-25T19:18:55Z,PT45S,435240,3837,0,146
4ZKnE6YGnww,UCu9g2ID__kol_6aqQJTn9kg,Tribun Pontianak,🔴 Potret Istri Ferdy Sambo Putri Candrawati yang Cantik dan Anggun,"Sosok Putri Candrawati, istri Ferdy Sambo tengah ramai mencuri perhatian masyarakat Indonesia usai terseret dalam kasus kematian Brigadir J di rumah dinas Kadiv Propam Polri.

Saat ini, Putri Candrawathi baru saja diperiksa oleh Timsus pada Kamis 18 Agustus 2022, terakit kematian Brigadir J.

hasil pemeriksaan Putri Candrawathi, nantinya disampaikan pada Jumat 19 Agustus 2022 siang.

Diketahui, seorang pria bernama Reval Alip, seorang make up artist (MUA) yang mengaku pernah merias dan menata rambut Putri Candrawathi membuat heboh dengan sebuah pengakuannya di TikTok.

Reval mengungkapkan pernah mendapatkan perlakuan baik dari Putri dan Brigadir J. Ia berharap yang terbaik untuk kedua belah pihak keluarga.

#putricandrawathi #ferdysambo #brigadirj 

Simak berita selengkapnya di http://pontianak.tribunnews.com/
Simak Video Viral lainnya https://www.youtube.com/c/TribunSingkawang1

Follow us:

Instagram: https://www.instagram.com/tribunpontianak/
Facebook: https://www.facebook.com/TribunPontianakInteraktif/
Twitter: https://twitter.com/tribunpontianak
TikTok: tiktok.com/@tribunpontianak

Terima Kasih Telah Subscribe, Like, dan comment konten-konten menarik dari Kami.",2022-08-19T02:12:34Z,PT1M,431770,2284,0,489
78Q2b95Pd5M,UCF8wY87aB5e6n_sVpIyo1hQ,FULUS STAR,ANAK FERDY SAMBO JADI SOROTAN #shortvideo #viralvideo,,2025-08-18T08:38:32Z,PT15S,1070376,2757,0,103
0x08pR5tfjo,UCPhWauyGmombVZb5VRp4wLA,tribunjabar video,"Irjen Pol Ferdy Sambo Disebut akan Dicopot dari Jabatannya, Ini Sosok Calon Kuat Penggantinya?","Muncul isu yang menyebut Kadiv Propam Irjen Pol Ferdy Sambo akan dicopot dari jabatannya. Pencopotannya disebut sebagai buntut kasus baku tembak yang terjadi di rumah dinasnya.

Kabar pencopotan Ferdy Sambo semakin menguat hingga Brigjen Pol Hendro Pandowo disebut menjadi calon penggantinya.

Host: Ratu Sejati | Video Editor: Oki Priyana

MEDIA SOCIAL & WEB Official 
Website  : https://jabar.tribunnews.com/ 
Instagram : https://www.instagram.com/tribunjabar
Twitter  : https://twitter.com/tribunjabar
Facebook : https://www.facebook.com/tribunjabar

#tribunjabarvideo  #irjenpolferdysambodisebutakandicopotdarijabatannya  #inisosokcalonpenggantinya",2022-07-15T08:55:13Z,PT1M,423773,4268,0,364
7ou-x7xrawo,UCmxAIW7RDDC88EPk4ry16Kg,Tribunnews,Putri Candrawathi Istri Ferdy Sambo Terpidana Pembunuhan Brigadir J Dapat Remisi Gegara Jago Merajut,"Baca Selengkapnya di https://video.tribunnews.com/view/859175/putri-candrawathi-istri-ferdy-sambo-terpidana-pembunuhan-brigadir-j-dapat-remisi-gegara-jago-merajut

Download aplikasi berita TribunX di Play Store atau App Store untuk dapatkan pengalaman baru

TRIBUN-VIDEO.COM - Putri Candrawati, istri mantan Kadiv Propam Polri Ferdy Sambo sekaligus terpina kasus pembunuhan berencana Brigadir Yosua Hutabarat atau Brigadir J dapat remisi 9 bulan.

Ia dapat remisi lantaran memiliki catatan positif selama dipenjara di Lapas Kelas II A Tangerang.

Dilansir dari Tribun Tangerang pada Rabu (20/8), catatan positif itu salah satunya adalah jago merajut tas. 

Program: Tribunnews Update
Host: Umi Wakhidah
Editor: Muhammad Taufiq Rahman Setyawan
Uploader: Panji Anggoro Putro

#putricandrawati #ferdysambo #brigadirj #remisi #lapas #tangerang",2025-08-20T05:00:05Z,PT6S,1338561,1335,0,595
ejzTcsW3hNQ,UCdOovgmIPfj9a-o3VP5i2_g,MerdekaDotCom,"Vote Calon Hakim Agung MA, Alimin Pemvonis Mati Ferdy Sambo Raih Suara Nol Komisi III DPR","MERDEKA.COM - Komisi III DPR melakukan rapat pleno pemilihan dan penetapan calon hakim agung dan hakim ad hoc di Mahkamah Agung tahun 2025 di Gedung Parlemen, Senayan, Jakarta pada Selasa (16/9). 

Dalam pemilihan calon hakim agung dan hakim ad hoc di MA, Hakim Pengadilan Tinggi Banjarmasin Alimin Ribut Sujono tidak mendapatkan suara atau dukungan dari DPR. Hasil suara yang didapatkan Alimin yakni 0.

Alimin merupakan salah satu hakim anggota yang menjatuhkan vonis pidana hukuman mati kepada Ferdy Sambo. Ia sudah dua kali menjatuhkan pidana mati. Pertama dalam kasus narkotika dengan terpidana warga Pakistan yang mengendalikan dan hendak memasukan 10 ton narkorba ke Indonesia. Kedua, perkara kasus Sambo 

Diketahui, Mahkamah Agung (MA) menganulir vonis mati Ferdy Sambo menjadi hukuman seumur hidup.


----
#merdekadotcom

MORE VIDEOS: https://video.merdeka.com/

Produced by https://www.merdeka.com
KLN Apps ► http://www.kln.id/apps/

----
Youtube ► https://www.youtube.com/merdekacomvideonews
Vidio ► https://www.vidio.com/@merdeka
WhatsApp Channel ►  https://whatsapp.com/channel/0029Va2aKxNAjPXQRpJGf70z
Twitter ► https://twitter.com/merdekadotcom
Facebook ► https://www.facebook.com/MDKcom
Telegram ► https://t.me/merdekacomnewsupdate",2025-09-16T07:49:11Z,PT9M13S,408340,636,0,1748
WUzK1chY6SA,UCzl0OrB3-ehunyotIQvK77A,METRO TV ,Cerita Kapolri Saat Jemput Paksa Ferdy Sambo,"Cerita Kapolri Saat Jemput Paksa Ferdy Sambo

Ikuti juga media sosial METRO TV lainya agar dimanapun tetap terinfomasi dengan baik dan lengkap karena berita paling aktual kami sungguhkan  dan perkembangan terkini kami sampaikan.
METRO TV Official https://www.metrotvnews.com
METRO TV Official Instagram: https://www.instagram.com/metrotv
METRO TV Official Tiktok: https://www.tiktok.com/@metro_tv
METRO TV Facebook Fanpage: https://www.facebook.com/metrotv
METRO TV Official Twitter: https://twitter.com/metro_TV

#Metrotv #Beritaterkini #Beritaupdate",2022-08-24T14:36:14Z,PT3M22S,405454,3112,0,285
xAJz3Oboj1k,UCmxAIW7RDDC88EPk4ry16Kg,Tribunnews,🔴BREAKING NEWS: Polemik Ferdy Sambo Gugat Presiden Jokowi dan Kapolri hingga Akhirnya Cabut Gugatan,"Laporan Reporter Tribunnews.com,  Reza Deni

TRIBUNNEWS.COM, JAKARTA - Menteri Koordinator Bidang Politik, Hukum, dan Keamanan (Menkopolhukam) Mahfud MD menanggapi soal eks Kadiv Propam Polri, Ferdy Sambo, yang menggugat Presiden Joko Widodo dan Kapolri Jenderal Listyo Sigit Prabowo lantaran kecewa dipecat dari Polri.

Mahfud mengaku heran dengan langkah Sambo tersebut.


""Dia sudah mengatakan, ketika dia banding 'apapun keputusan banding saya terima', kok sekarang menggugat?"" ujar Mahfud di Kompleks Istana Kepresidenan, Jakarta, Jumat (30/12/2022).



Artikel ini telah tayang di Tribunnews.com dengan judul Respon Mahfud MD, Ferdy Sambo Gugat Presiden Jokowi dan Kapolri ke PTUN: Itu Gimik!, https://www.tribunnews.com/nasional/2022/12/30/respon-mahfud-mdferdy-sambo-gugat-presiden-jokowi-dan-kapolri-ke-ptun-itu-gimik.
Penulis: Reza Deni
Editor: Wahyu Aji",2022-12-30T17:36:32Z,PT7H44M29S,398573,1215,0,109
n5W3vLmA-kQ,UCPhWauyGmombVZb5VRp4wLA,tribunjabar video,"Dua Ajudan Kadiv Propam Irjen Ferdy Sambo Baku Tembak di Rumah Dinas, Kini Ferdy Sambo Ikut Terseret","Nama Kadiv Propam Polri, Irjen Ferdy Sambo terseret kasus tewasnya anggota polisi seusai terlibat baku tembak di rumah dinasnya di kawasan Duren Tiga, Jakarta Selatan, Jumat (8/7/2022). Bharada E yang merupakan ajudan Irjen Ferdy Sambo, terlibat baku tembak dengan Brigadir J yang merupakan sopir dari istri Kadiv Propam tersebut. Sosok Ferdy Sambo pun tak asing di dunia kepolisian karena merupakan jenderal bintang dua termuda, saat dilantik sebagai Irjen.

Host: Nila Irda | Video Editor: Oki Priyana

MEDIA SOCIAL & WEB Official 
Website  : https://jabar.tribunnews.com/ 
Instagram : https://www.instagram.com/tribunjabar
Twitter  : https://twitter.com/tribunjabar
Facebook : https://www.facebook.com/tribunjabar

#tribunjabarvideo  #duaajudankadivpropam  #irjenfredysambo  #salingbakutembak",2022-07-12T09:07:35Z,PT1M,396023,2804,0,144
D1ryNtAPkyM,UCdOovgmIPfj9a-o3VP5i2_g,MerdekaDotCom,AKPOL 2023 ANAK FERDY SAMBO WISUDA DIRANGKUL EDHY PRABOWO,"Anak Ferdy Sambo Wisuda Prabhatar Akpol 2023, Edhy Prabowo Rangkul Semangati 'Kamu Bisa!'",2023-11-29T11:23:36Z,PT57S,396846,3422,0,390
TS67NS88XqE,UCzl0OrB3-ehunyotIQvK77A,METRO TV ,Perintah Ferdy Sambo ke Bharada E: Cepat woy kau tembak!,"MetroTV, ""Woy! Kau tembak! Kau tembak cepat! Cepat woy kau tembak!,"" ucap Sambo saat itu.
 
Bharada E yang mendengar perintah Sambo langsung menembak Brigadir J sebanyak tiga atau empat kali. Brigadir J langsung terkapar  oleh tembakan itu.

#metrotv 
#SidangSamboCS
#FerdySambo
#BrigadirJ
#SamboPNJaksel",2022-10-17T07:27:42Z,PT57S,390581,5624,0,356
4IdVfZ5MLgo,UC5BMIWZe9isJXLZZWPWvBlg,KOMPASTV,Rekaman CCTV Ferdy Sambo Jatuhkan Pistol di TKP Duren Tiga Ditampilkan dalam Sidang,"JAKARTA, KOMPAS.TV - Untuk pertama kalinya terdakwa perintangan penyidikan dihadirkan menjadi saksi dalam sidang pembunuhan Brigadir Yosua dengan terdakwa Ricard Eliezer, Ricky Rizal, dan Kuat Maruf.

Dalam sidang hari ini (28/11/22) juga ditampilkan terdakwa Ferdy Sambo terekam menjatuhkan pistol saat turun dari mobil dan hendak masuk ke TKP Duren Tiga.

Baca Juga Jenazah Ayah dan Anak Korban Gempa Cianjur Ditemukan dalam Posisi Berpelukan di https://www.kompas.tv/article/353191/jenazah-ayah-dan-anak-korban-gempa-cianjur-ditemukan-dalam-posisi-berpelukan

Dalam rekaman CCTV ini terlihat saat ajudan Ferdy Sambo, Adzan Romer tiba-tiba berlari menuju mobil Ferdy Sambo.

Meski tertutup mobil, diperkirakan saat itu adalah momen senjata Ferdy Sambo jatuh. Sambo kemudian terekam masuk ke rumah Duren Tiga.

Lalu beberapa menit setelah Ferdy Sambo masuk ke rumah Duren Tiga. CCTV merekam visual ajudan Adzan Romer yang tiba-tiba berlari diikuti oleh asisten rumah tangga Diryanto alias Kodir.

Artikel ini bisa dilihat di :  https://www.kompas.tv/article/353215/rekaman-cctv-ferdy-sambo-jatuhkan-pistol-di-tkp-duren-tiga-ditampilkan-dalam-sidang",2022-11-28T16:29:08Z,PT1M51S,386454,1888,0,366
QEIyNgp3lqI,UCB1fvlA5xmLJ0tZblpoTuaQ,VIVA.CO.ID,Ferdy Sambo: Anggota Nakal Banyak Yang Kita Pecat! #vivacoid #ferdysambo #sambo,"VIVA - Irjen Ferdy Sambo menjelaskan tentang pengaduan masyarakat ke aplikasi Propam Presisi. Simak video selengkapnya di sini https://youtu.be/3PDZS9OgrHE

Baca berita terbaru, terkini dan terpopuler disini https://www.viva.co.id/",2022-08-14T11:00:24Z,PT58S,386807,3947,0,796
0fv0n-4o8ko,UCPAxpUn1mrn14xU0JpsLhDg,Kompas.com,Momen Ferdy Sambo Dijatuhi Hukuman Mati,"Sidang vonis Ferdy Sambo dan Putri Candrawathi dalam kasus pembunuhan Brigadir J dilaksanakan hari ini, Senin (13/2/2023).
Majelis Hakim memberikan vonis hukuman mati kepada Ferdy Sambo.
Sidang akan dilanjutkan dengan pembacaan vonis terhadap Putri Candrawathi.
Video Editor: Adinda Dwi Putri
Produser: Nibras Nada Nailufar
/ #BrigadirJ #BrigadirYosua #FerdySambo #BharadaE #PutriCandrawathi #KuatMaruf #RickyRizal #JernihMelihatDunia #KreasiKompascom",2023-02-13T08:38:47Z,PT46S,441220,8843,0,444
UxE_LBw7IQQ,UCSZezpR2VqW0nJFn2z2Z9Vg,Cerita Laraine,Kronologi Kasus Ferdy Sambo: Dari Rekayasa Hingga Vonis Seumur Hidup,"Kasus yang dilakukan Ferdy Sambo adalah salah satu kasus kriminal terbesar dan paling menyita perhatian publik di Indonesia. Karena begitu banyaknya kejanggalan, manipulasi awal, dan keterlibatan oknum aparat, kasus ini memunculkan berbagai teori konspirasi, baik di media sosial maupun perbincangan publik. Hingga saat ini, Ferdy Sambo CS tetap bertahan pada motif ""Pel3c3h4n terhadap istrinya* meski hakim menyatakan alasan tersebut tidak dapat dibuktikan.

Disclaimer:
Video ini dibuat untuk tujuan edukasi dan tidak bermaksud mengglorifikasi tindakan kriminal atau menyakiti pihak mana pun.

=======================================================
#ferdysambo #truecrimeindonesia #kasusmengerikan 


""The video clips featured in this content are not my property. All rights remain with their respective owners. If you are the rightful owner of any material used and object to its inclusion, please contact me at ceritalaraine@gmail.com, and I will take appropriate action promptly.""",2025-06-13T17:16:05Z,PT26M17S,384316,2749,0,540
_IeJXBv6O60,UCB1fvlA5xmLJ0tZblpoTuaQ,VIVA.CO.ID,Postingan Sang Anak Usai Vonis Ferdy Sambo dan Putri Candrawathi,"VIVA - Anak Ferdy Sambo dan Putri Candrawathi yakni Trisha Eungelica mengunggah video mengharukan dalam akun Tiktok pribadinya setelah pembacaan vonis Majelis Hakim untuk Sambo dan Putri. (RP-MA-DA) #VIVAnewsdaily

Baca berita terbaru, terkini dan terpopuler disini https://www.viva.co.id/",2023-02-14T09:41:06Z,PT2M1S,366353,257,0,209
7yYjVKpz8Qs,UCER4rvDnRBPr_ncYW4UCZjg,tvOneNews ,Viral Kadiv Propam Ferdy Sambo Menangis di Pelukan Kapolda Metro Jaya| tvOne,"Jakarta, https://www.tvOnenews.com - Viral Kadiv Propam Ferdy Sambo Menangis di Pelukan Kapolda Metro Jaya| tvOne

Kapolda Metro Jaya, Irjen Mohammad Fadil Imran mengunjungi Kepala Divisi Propam Polri Irjen Ferdy Sambo di Kantor Ruang Kerjanya di Mabes Polri pada Rabu (13/7/2022). 

Nampak Irjen Fadil Imran datang untuk menyampaikan keprihatinan dan memberikan motivasi kepada juniornya.

Peristiwa penembakan antaranggota Polri terjadi di Rumah Dinas Kepala Divisi Profesi dan Pengamanan (Kadiv Propam) Polri Irjen Pol Ferdy Sambo di Komplek Polri Duren Tiga No. 46 Kawasan Pancoran, Jakarta Selatan, Jumat (8/7/2022), pukul 17.00 WIB.

Penembakan terjadi antara Brigadir Pol Nofryansah Yoshua Hutabarat (Brigadir J) yang merupakan Ajudan Drive Caraka (ADV) Istri Kadiv Propam Polri, dengan Bharada E, ADV Kadiv Propam Polri. Akibat baku tembak itu Brigadir J tewas dengan tujuh bekas lubang peluru di tubuhnya.

Adapun peristiwa itu, menurut Kepala Biro Penerangan Masyarakat (Karo Penmas) Brigjen Pol Ahmad Ramadhan, dilatarbelakangi pelecehan dan penodongan pistol yang dialami istri Kadiv Propam Polri Putri Candrawathi.



Saksikan live streaming tvOne hanya di https://www.tvonenews.com/live",2022-07-14T06:43:35Z,PT25S,364409,796,0,1019
TC6F5tY32XQ,UCxJ_LbtsxtLIoRgLCFMGO1g,Liston Channel,SHORT || FERDY SAMBO MAKIN PANIK - CCTV SENGAJA DINONAKTIFKAN,,2022-07-24T04:35:10Z,PT1M,363996,3168,0,121
uBK2MZvNY8E,UCsGexPdyTZIrppQW_pNR6gw,TBOX CREATIVE,FERDY SAMBO MUDA,,2022-08-17T14:32:03Z,PT16S,356639,1772,0,162
w3xaI8F8lX0,UCzl0OrB3-ehunyotIQvK77A,METRO TV ,Mahfud MD Ceritakan Ferdy Sambo Menangis #shorts,"MetroTV, Mahfud MD ceritakan ferdy sambo menghubungi banyak orang aada anggota DPR, Wartawan, komnas HAM untuk melihat tangisan atas peristiwa Brigadir J

#Metrotv #topreviewmetrotv #ferdysambo #mahfudmd #shorts",2023-02-20T08:18:12Z,PT1M,350007,6970,0,316
x7--hrad4UY,UCPhWauyGmombVZb5VRp4wLA,tribunjabar video,"Ngaku Dilecehkan, Istri Jenderal Ferdy Sambo Naik ke Proses & Kuasa Hukum Keluarga Geram #SHORTS","Ngaku Dilecehkan, Istri Jenderal Ferdy Sambo Naik ke Proses & Kuasa Hukum Keluarga Geram #SHORTS 


TRIBUNJABARVIDEO,BANDUNG- Laporan istri dari Ferdy Sambo soal pelecehan. Sebab, kuasa hukum Brigadir J menyebut ""Orang Mati Dilaporkan ya SP3"". (*)


Penulis: Abdi Ryanda Shakti | Editor: Johnson Simanjuntak
Video Produksi: Tribun-Video/Tribun Jabar | Penyunting: ery chandra


MEDIA SOCIAL & WEB Official 
Website  : https://jabar.tribunnews.com/ 
Instagram : https://www.instagram.com/tribunjabar
Twitter  : https://twitter.com/tribunjabar
Facebook : https://www.facebook.com/tribunjabar

#tribunjabarvideo #polisi #kriminal #shorts",2022-07-21T03:07:14Z,PT1M,346206,2945,0,270
SJko3HS3WpM,UCh3Giya0S4VL8GkIdqf-j6w,QANAAT MUBARAKA,Ahmad Dhani berharap Ferdy sambo  dijadikan monumen #video #viralvideo #shorts,,2025-09-24T15:00:53Z,PT4S,1655108,1062,0,126
cjiqRZRxev4,UCPAxpUn1mrn14xU0JpsLhDg,Kompas.com,🔴BREAKING NEWS - Hakim Vonis Mati Ferdy Sambo,"Sidang perkara pembunuhan berencana terhadap Brigadir Nofriansyah Yosua Hutabarat sudah memasuki babak akhir. Terdakwa mantan Kadiv Propam Polri Ferdy Sambo dkk akan menghadapi vonis dari majelis hakim.

Jaksa telah membacakan tuntutan terhadap Ferdy Sambo pada Selasa (17/1/2023). Jaksa menuntut Ferdy Sambo dihukum penjara seumur hidup karena diyakini bersama-sama dengan terdakwa lain melakukan pembunuhan berencana terhadap Brigadir Yosua dan merusak barang bukti elektronik terkait pembunuhan Yosua.

Dalam dakwaan jaksa, Sambo melakukan pembunuhan berencana itu bersama-sama dengan istri Sambo, Putri Candrawathi, kemudian sopir keluarga Ferdy Sambo, Kuat Maruf. Tak hanya itu, jaksa juga menyebut mantan ajudan Sambo yakni Bripka Ricky Rizal dan Bharada Richard Eliezer Pudihang Lumiu juga turut terlibat dalam pembunuhan berencana tersebut.

Sidang vonis Ferdy Sambo dan Putri Candrawathi sendiri dilakukan pada Senin (13/2/2023). Kemudian sidang vonis Kuat Ma'ruf dan Ricky Rizal akan digelar pada Selasa (14/2/2023). Selanjutnya sidang vonis Richard Eliezer Pudihang Lumiu yakni pada Rabu (15/2/2023).

Selain terdakwa pembunuhan, terdakwa obstruction of justice juga akan menjalani sidang vonis pada minggu ini. Sidang vonis Arif Rachman Arifin, Agus Nurpatria, dan Hendra Kurniawan akan digelar pada Kamis (23/2/2023). Sementara sidang vonis Irfan Widyanto, Chuck Putranto, dan Baiquni Wibowo yakni pada Jumat (24/2/2023).

Simak selengkapnya dalam video berikut.



Video Jurnalis: Pramulya Sadewa
Penulis: Fitria Chusna Farisa, Aryo Putranto Saptohutomo, Adhyasta Dirgantara, Larissa Huda
Penulis Naskah: Rizkia Shindy
Host: Anasthasya
Video Editor: Dina Rahmawati
Produser: Adesari Aviningtyas
Produser Live: Andreas Lukas Altobeli


#SidangFerdySambo #SidangPutriCandrawathi #NewsUpdate
#JernihMelihatDunia #JernihkanHarapan #LivestreamingKompascom 

*****

Agar tidak ketinggalan berita-berita terkini, terlengkap, serta laporan langsung dari seluruh Indonesia, yuk subscribe channel youtube Kompas.com. Aktifkan juga lonceng supaya kamu dapat notifikasi video terbaru dari Kompas.com. 

Follow kami di media sosial: 
Facebook: https://www.facebook.com/KOMPAScom/
Instagram: https://www.instagram.com/KOMPAScom/
Twitter: https://twitter.com/kompascom
LINE: https://line.me/ti/p/kompascom
Tiktok: https://tiktok.com/@kompascom",2023-02-13T10:07:29Z,PT3H30M41S,335820,1583,0,97
6FBZWI1MYxo,UCmxAIW7RDDC88EPk4ry16Kg,Tribunnews,"Ditanya soal Kapan Ferdy Sambo akan Dieksekusi Mati, Ini Penjelasan Lengkap dari Kejaksaan Agung RI","TRIBUN-VIDEO.COM - Kejaksaan Agung menjawab soal kapan eksekusi hukuman mati akan dilakukan terhadap Ferdy Sambo, terdakwa kasus pembunuhan berencana Brigadir Nofriansyah Yosua Hutabarat alias Brigadir J.

Kapuspenkum Kejaksaan Agung Ketut Sumedana mengungkapkan, pihaknya masih menunggu apakah Ferdy Sambo akan mengajukan banding selama 7 hari ke depan.

Ketut mengungkapkan, pihak Ferdy Sambo masih memiliki waktu 14 hari, 7 hari menyatakan sikap dan 14 hari mengajukan memori pernyataan banding.

Ketut menuturkan pihaknya masih menunggu langkah hukum yang bakal diajukan oleh Ferdy Sambo atas vonis hukuman mati.

Diberitakan sebelumnya, Majelis Hakim Pengadilan Negeri (PN) Jakarta Selatan telah menjatuhkan putusan atau vonis terhadap terdakwa tewasnya Nofriansyah Yoshua Hutabarat alias Brigadir J yakni Ferdy Sambo.

Eks Kadiv Propam Polri tersebut divonis hukuman mati oleh majelis hakim.

Lebih lanjut, Hakim menyatakan perbuatan terdakwa Ferdy Sambo terbukti secara sah dan meyakinkan melakukan tindak pidana turut serta merampas nyawa seseorang dengan perencanaan terlebih dahulu sebagaimana yang didakwakan.

Dalam putusannya majelis hakim menyatakan, Ferdy Sambo bersalah melanggar Pasal 340 juncto pasal 55 ayat 1 ke-1 KUHP sebagaimana dakwaan primer dari jaksa penuntut umum (JPU).

Tak hanya itu, Ferdy Sambo juga dinyatakan bersalah melanggar Pasal 49 juncto Pasal 33 UU ITE Nomor 19 Tahun 2016 juncto pasal 55 ayat 1 ke (1) KUHP dalam kasus dugaan perintangan penyidikan atau obstraction of justice tewasnya Brigadir J. (*)


Artikel ini telah tayang di Tribunnews.com dengan judul Divonis Hukuman Mati, Kapan Jaksa Eksekusi Ferdy Sambo? Ini Penjelasan Kejagung RI, https://www.tribunnews.com/nasional/2023/02/16/divonis-hukuman-mati-kapan-jaksa-eksekusi-ferdy-sambo-ini-penjelasan-kejagung-ri.
Penulis: Igman Ibrahim
Editor: Muhammad Zulfikar
Host: Firda Ananda
VP: Yohanes Anton

#beritaterbaru #beritaterkini #beritaviral #live #breakingnews",2023-02-17T04:37:11Z,PT59S,327803,4651,0,352
LB8n03poYX8,UCdOovgmIPfj9a-o3VP5i2_g,MerdekaDotCom,"""PELANGGARAN SENJATA SAYA TINDAK TEGAS!"" Momen Ferdy Sambo saat Jabat Kadiv Propam #merdekadotcom",,2022-08-11T07:20:18Z,PT41S,327304,3711,0,864
rOe0SqfyRAA,UCKII0Ml9S5wneKbHswmUrIQ,CNN Indonesia,Ferdy Sambo Divonis Hukuman Mati,"Mantan Kepala Divisi Propam Polri Ferdy Sambo divonis pidana mati. Majelis hakim Pengadilan Negeri (PN) Jakarta Selatan menilai Sambo terbukti melakukan tindak pidana pembunuhan berencana terhadap Nofriansyah Yosua Hutabarat alias Brigadir J.
""Menjatuhkan hukuman terdakwa dengan pidana mati,"" ujar ketua majelis hakim Wahyu Iman Santoso saat membacakan amar putusan di PN Jakarta Selatan, Senin (13/2).

Website: www.cnnindonesia.com
Facebook: https://m.facebook.com/CNNIndonesia/
Instagram: https://instagram.com/cnnindonesiatv
Twitter: https://twitter.com/cnniddaily
TikTok: https://www.tiktok.com/@cnnindonesia
Spotify: CNN Indonesia",2023-02-13T08:31:35Z,PT3M6S,322990,5429,0,2588
xAJz3Oboj1k,UCmxAIW7RDDC88EPk4ry16Kg,Tribunnews,🔴BREAKING NEWS: Polemik Ferdy Sambo Gugat Presiden Jokowi dan Kapolri hingga Akhirnya Cabut Gugatan,"Laporan Reporter Tribunnews.com,  Reza Deni

TRIBUNNEWS.COM, JAKARTA - Menteri Koordinator Bidang Politik, Hukum, dan Keamanan (Menkopolhukam) Mahfud MD menanggapi soal eks Kadiv Propam Polri, Ferdy Sambo, yang menggugat Presiden Joko Widodo dan Kapolri Jenderal Listyo Sigit Prabowo lantaran kecewa dipecat dari Polri.

Mahfud mengaku heran dengan langkah Sambo tersebut.


""Dia sudah mengatakan, ketika dia banding 'apapun keputusan banding saya terima', kok sekarang menggugat?"" ujar Mahfud di Kompleks Istana Kepresidenan, Jakarta, Jumat (30/12/2022).



Artikel ini telah tayang di Tribunnews.com dengan judul Respon Mahfud MD, Ferdy Sambo Gugat Presiden Jokowi dan Kapolri ke PTUN: Itu Gimik!, https://www.tribunnews.com/nasional/2022/12/30/respon-mahfud-mdferdy-sambo-gugat-presiden-jokowi-dan-kapolri-ke-ptun-itu-gimik.
Penulis: Reza Deni
Editor: Wahyu Aji",2022-12-30T17:36:32Z,PT7H44M29S,398573,1215,0,109
n5W3vLmA-kQ,UCPhWauyGmombVZb5VRp4wLA,tribunjabar video,"Dua Ajudan Kadiv Propam Irjen Ferdy Sambo Baku Tembak di Rumah Dinas, Kini Ferdy Sambo Ikut Terseret","Nama Kadiv Propam Polri, Irjen Ferdy Sambo terseret kasus tewasnya anggota polisi seusai terlibat baku tembak di rumah dinasnya di kawasan Duren Tiga, Jakarta Selatan, Jumat (8/7/2022). Bharada E yang merupakan ajudan Irjen Ferdy Sambo, terlibat baku tembak dengan Brigadir J yang merupakan sopir dari istri Kadiv Propam tersebut. Sosok Ferdy Sambo pun tak asing di dunia kepolisian karena merupakan jenderal bintang dua termuda, saat dilantik sebagai Irjen.

Host: Nila Irda | Video Editor: Oki Priyana

MEDIA SOCIAL & WEB Official 
Website  : https://jabar.tribunnews.com/ 
Instagram : https://www.instagram.com/tribunjabar
Twitter  : https://twitter.com/tribunjabar
Facebook : https://www.facebook.com/tribunjabar

#tribunjabarvideo  #duaajudankadivpropam  #irjenfredysambo  #salingbakutembak",2022-07-12T09:07:35Z,PT1M,396023,2804,0,144
D1ryNtAPkyM,UCdOovgmIPfj9a-o3VP5i2_g,MerdekaDotCom,AKPOL 2023 ANAK FERDY SAMBO WISUDA DIRANGKUL EDHY PRABOWO,"Anak Ferdy Sambo Wisuda Prabhatar Akpol 2023, Edhy Prabowo Rangkul Semangati 'Kamu Bisa!'",2023-11-29T11:23:36Z,PT57S,396846,3422,0,390
TS67NS88XqE,UCzl0OrB3-ehunyotIQvK77A,METRO TV ,Perintah Ferdy Sambo ke Bharada E: Cepat woy kau tembak!,"MetroTV, ""Woy! Kau tembak! Kau tembak cepat! Cepat woy kau tembak!,"" ucap Sambo saat itu.
 
Bharada E yang mendengar perintah Sambo langsung menembak Brigadir J sebanyak tiga atau empat kali. Brigadir J langsung terkapar  oleh tembakan itu.

#metrotv 
#SidangSamboCS
#FerdySambo
#BrigadirJ
#SamboPNJaksel",2022-10-17T07:27:42Z,PT57S,390581,5624,0,356
4IdVfZ5MLgo,UC5BMIWZe9isJXLZZWPWvBlg,KOMPASTV,Rekaman CCTV Ferdy Sambo Jatuhkan Pistol di TKP Duren Tiga Ditampilkan dalam Sidang,"JAKARTA, KOMPAS.TV - Untuk pertama kalinya terdakwa perintangan penyidikan dihadirkan menjadi saksi dalam sidang pembunuhan Brigadir Yosua dengan terdakwa Ricard Eliezer, Ricky Rizal, dan Kuat Maruf.

Dalam sidang hari ini (28/11/22) juga ditampilkan terdakwa Ferdy Sambo terekam menjatuhkan pistol saat turun dari mobil dan hendak masuk ke TKP Duren Tiga.

Baca Juga Jenazah Ayah dan Anak Korban Gempa Cianjur Ditemukan dalam Posisi Berpelukan di https://www.kompas.tv/article/353191/jenazah-ayah-dan-anak-korban-gempa-cianjur-ditemukan-dalam-posisi-berpelukan

Dalam rekaman CCTV ini terlihat saat ajudan Ferdy Sambo, Adzan Romer tiba-tiba berlari menuju mobil Ferdy Sambo.

Meski tertutup mobil, diperkirakan saat itu adalah momen senjata Ferdy Sambo jatuh. Sambo kemudian terekam masuk ke rumah Duren Tiga.

Lalu beberapa menit setelah Ferdy Sambo masuk ke rumah Duren Tiga. CCTV merekam visual ajudan Adzan Romer yang tiba-tiba berlari diikuti oleh asisten rumah tangga Diryanto alias Kodir.

Artikel ini bisa dilihat di :  https://www.kompas.tv/article/353215/rekaman-cctv-ferdy-sambo-jatuhkan-pistol-di-tkp-duren-tiga-ditampilkan-dalam-sidang",2022-11-28T16:29:08Z,PT1M51S,386454,1888,0,366
QEIyNgp3lqI,UCB1fvlA5xmLJ0tZblpoTuaQ,VIVA.CO.ID,Ferdy Sambo: Anggota Nakal Banyak Yang Kita Pecat! #vivacoid #ferdysambo #sambo,"VIVA - Irjen Ferdy Sambo menjelaskan tentang pengaduan masyarakat ke aplikasi Propam Presisi. Simak video selengkapnya di sini https://youtu.be/3PDZS9OgrHE

Baca berita terbaru, terkini dan terpopuler disini https://www.viva.co.id/",2022-08-14T11:00:24Z,PT58S,386807,3947,0,796
0fv0n-4o8ko,UCPAxpUn1mrn14xU0JpsLhDg,Kompas.com,Momen Ferdy Sambo Dijatuhi Hukuman Mati,"Sidang vonis Ferdy Sambo dan Putri Candrawathi dalam kasus pembunuhan Brigadir J dilaksanakan hari ini, Senin (13/2/2023).
Majelis Hakim memberikan vonis hukuman mati kepada Ferdy Sambo.
Sidang akan dilanjutkan dengan pembacaan vonis terhadap Putri Candrawathi.
Video Editor: Adinda Dwi Putri
Produser: Nibras Nada Nailufar
/ #BrigadirJ #BrigadirYosua #FerdySambo #BharadaE #PutriCandrawathi #KuatMaruf #RickyRizal #JernihMelihatDunia #KreasiKompascom",2023-02-13T08:38:47Z,PT46S,441220,8843,0,444
UxE_LBw7IQQ,UCSZezpR2VqW0nJFn2z2Z9Vg,Cerita Laraine,Kronologi Kasus Ferdy Sambo: Dari Rekayasa Hingga Vonis Seumur Hidup,"Kasus yang dilakukan Ferdy Sambo adalah salah satu kasus kriminal terbesar dan paling menyita perhatian publik di Indonesia. Karena begitu banyaknya kejanggalan, manipulasi awal, dan keterlibatan oknum aparat, kasus ini memunculkan berbagai teori konspirasi, baik di media sosial maupun perbincangan publik. Hingga saat ini, Ferdy Sambo CS tetap bertahan pada motif ""Pel3c3h4n terhadap istrinya* meski hakim menyatakan alasan tersebut tidak dapat dibuktikan.

Disclaimer:
Video ini dibuat untuk tujuan edukasi dan tidak bermaksud mengglorifikasi tindakan kriminal atau menyakiti pihak mana pun.

=======================================================
#ferdysambo #truecrimeindonesia #kasusmengerikan 


""The video clips featured in this content are not my property. All rights remain with their respective owners. If you are the rightful owner of any material used and object to its inclusion, please contact me at ceritalaraine@gmail.com, and I will take appropriate action promptly.""",2025-06-13T17:16:05Z,PT26M17S,384316,2749,0,540
_IeJXBv6O60,UCB1fvlA5xmLJ0tZblpoTuaQ,VIVA.CO.ID,Postingan Sang Anak Usai Vonis Ferdy Sambo dan Putri Candrawathi,"VIVA - Anak Ferdy Sambo dan Putri Candrawathi yakni Trisha Eungelica mengunggah video mengharukan dalam akun Tiktok pribadinya setelah pembacaan vonis Majelis Hakim untuk Sambo dan Putri. (RP-MA-DA) #VIVAnewsdaily

Baca berita terbaru, terkini dan terpopuler disini https://www.viva.co.id/",2023-02-14T09:41:06Z,PT2M1S,366353,257,0,209
7yYjVKpz8Qs,UCER4rvDnRBPr_ncYW4UCZjg,tvOneNews ,Viral Kadiv Propam Ferdy Sambo Menangis di Pelukan Kapolda Metro Jaya| tvOne,"Jakarta, https://www.tvOnenews.com - Viral Kadiv Propam Ferdy Sambo Menangis di Pelukan Kapolda Metro Jaya| tvOne

Kapolda Metro Jaya, Irjen Mohammad Fadil Imran mengunjungi Kepala Divisi Propam Polri Irjen Ferdy Sambo di Kantor Ruang Kerjanya di Mabes Polri pada Rabu (13/7/2022). 

Nampak Irjen Fadil Imran datang untuk menyampaikan keprihatinan dan memberikan motivasi kepada juniornya.

Peristiwa penembakan antaranggota Polri terjadi di Rumah Dinas Kepala Divisi Profesi dan Pengamanan (Kadiv Propam) Polri Irjen Pol Ferdy Sambo di Komplek Polri Duren Tiga No. 46 Kawasan Pancoran, Jakarta Selatan, Jumat (8/7/2022), pukul 17.00 WIB.

Penembakan terjadi antara Brigadir Pol Nofryansah Yoshua Hutabarat (Brigadir J) yang merupakan Ajudan Drive Caraka (ADV) Istri Kadiv Propam Polri, dengan Bharada E, ADV Kadiv Propam Polri. Akibat baku tembak itu Brigadir J tewas dengan tujuh bekas lubang peluru di tubuhnya.

Adapun peristiwa itu, menurut Kepala Biro Penerangan Masyarakat (Karo Penmas) Brigjen Pol Ahmad Ramadhan, dilatarbelakangi pelecehan dan penodongan pistol yang dialami istri Kadiv Propam Polri Putri Candrawathi.



Saksikan live streaming tvOne hanya di https://www.tvonenews.com/live",2022-07-14T06:43:35Z,PT25S,364409,796,0,1019
TC6F5tY32XQ,UCxJ_LbtsxtLIoRgLCFMGO1g,Liston Channel,SHORT || FERDY SAMBO MAKIN PANIK - CCTV SENGAJA DINONAKTIFKAN,,2022-07-24T04:35:10Z,PT1M,363996,3168,0,121
uBK2MZvNY8E,UCsGexPdyTZIrppQW_pNR6gw,TBOX CREATIVE,FERDY SAMBO MUDA,,2022-08-17T14:32:03Z,PT16S,356639,1772,0,162
w3xaI8F8lX0,UCzl0OrB3-ehunyotIQvK77A,METRO TV ,Mahfud MD Ceritakan Ferdy Sambo Menangis #shorts,"MetroTV, Mahfud MD ceritakan ferdy sambo menghubungi banyak orang aada anggota DPR, Wartawan, komnas HAM untuk melihat tangisan atas peristiwa Brigadir J

#Metrotv #topreviewmetrotv #ferdysambo #mahfudmd #shorts",2023-02-20T08:18:12Z,PT1M,350007,6970,0,316
x7--hrad4UY,UCPhWauyGmombVZb5VRp4wLA,tribunjabar video,"Ngaku Dilecehkan, Istri Jenderal Ferdy Sambo Naik ke Proses & Kuasa Hukum Keluarga Geram #SHORTS","Ngaku Dilecehkan, Istri Jenderal Ferdy Sambo Naik ke Proses & Kuasa Hukum Keluarga Geram #SHORTS 


TRIBUNJABARVIDEO,BANDUNG- Laporan istri dari Ferdy Sambo soal pelecehan. Sebab, kuasa hukum Brigadir J menyebut ""Orang Mati Dilaporkan ya SP3"". (*)


Penulis: Abdi Ryanda Shakti | Editor: Johnson Simanjuntak
Video Produksi: Tribun-Video/Tribun Jabar | Penyunting: ery chandra


MEDIA SOCIAL & WEB Official 
Website  : https://jabar.tribunnews.com/ 
Instagram : https://www.instagram.com/tribunjabar
Twitter  : https://twitter.com/tribunjabar
Facebook : https://www.facebook.com/tribunjabar

#tribunjabarvideo #polisi #kriminal #shorts",2022-07-21T03:07:14Z,PT1M,346206,2945,0,270
SJko3HS3WpM,UCh3Giya0S4VL8GkIdqf-j6w,QANAAT MUBARAKA,Ahmad Dhani berharap Ferdy sambo  dijadikan monumen #video #viralvideo #shorts,,2025-09-24T15:00:53Z,PT4S,1655115,1062,0,126
cjiqRZRxev4,UCPAxpUn1mrn14xU0JpsLhDg,Kompas.com,🔴BREAKING NEWS - Hakim Vonis Mati Ferdy Sambo,"Sidang perkara pembunuhan berencana terhadap Brigadir Nofriansyah Yosua Hutabarat sudah memasuki babak akhir. Terdakwa mantan Kadiv Propam Polri Ferdy Sambo dkk akan menghadapi vonis dari majelis hakim.

Jaksa telah membacakan tuntutan terhadap Ferdy Sambo pada Selasa (17/1/2023). Jaksa menuntut Ferdy Sambo dihukum penjara seumur hidup karena diyakini bersama-sama dengan terdakwa lain melakukan pembunuhan berencana terhadap Brigadir Yosua dan merusak barang bukti elektronik terkait pembunuhan Yosua.

Dalam dakwaan jaksa, Sambo melakukan pembunuhan berencana itu bersama-sama dengan istri Sambo, Putri Candrawathi, kemudian sopir keluarga Ferdy Sambo, Kuat Maruf. Tak hanya itu, jaksa juga menyebut mantan ajudan Sambo yakni Bripka Ricky Rizal dan Bharada Richard Eliezer Pudihang Lumiu juga turut terlibat dalam pembunuhan berencana tersebut.

Sidang vonis Ferdy Sambo dan Putri Candrawathi sendiri dilakukan pada Senin (13/2/2023). Kemudian sidang vonis Kuat Ma'ruf dan Ricky Rizal akan digelar pada Selasa (14/2/2023). Selanjutnya sidang vonis Richard Eliezer Pudihang Lumiu yakni pada Rabu (15/2/2023).

Selain terdakwa pembunuhan, terdakwa obstruction of justice juga akan menjalani sidang vonis pada minggu ini. Sidang vonis Arif Rachman Arifin, Agus Nurpatria, dan Hendra Kurniawan akan digelar pada Kamis (23/2/2023). Sementara sidang vonis Irfan Widyanto, Chuck Putranto, dan Baiquni Wibowo yakni pada Jumat (24/2/2023).

Simak selengkapnya dalam video berikut.



Video Jurnalis: Pramulya Sadewa
Penulis: Fitria Chusna Farisa, Aryo Putranto Saptohutomo, Adhyasta Dirgantara, Larissa Huda
Penulis Naskah: Rizkia Shindy
Host: Anasthasya
Video Editor: Dina Rahmawati
Produser: Adesari Aviningtyas
Produser Live: Andreas Lukas Altobeli


#SidangFerdySambo #SidangPutriCandrawathi #NewsUpdate
#JernihMelihatDunia #JernihkanHarapan #LivestreamingKompascom 

*****

Agar tidak ketinggalan berita-berita terkini, terlengkap, serta laporan langsung dari seluruh Indonesia, yuk subscribe channel youtube Kompas.com. Aktifkan juga lonceng supaya kamu dapat notifikasi video terbaru dari Kompas.com. 

Follow kami di media sosial: 
Facebook: https://www.facebook.com/KOMPAScom/
Instagram: https://www.instagram.com/KOMPAScom/
Twitter: https://twitter.com/kompascom
LINE: https://line.me/ti/p/kompascom
Tiktok: https://tiktok.com/@kompascom",2023-02-13T10:07:29Z,PT3H30M41S,335820,1583,0,97
6FBZWI1MYxo,UCmxAIW7RDDC88EPk4ry16Kg,Tribunnews,"Ditanya soal Kapan Ferdy Sambo akan Dieksekusi Mati, Ini Penjelasan Lengkap dari Kejaksaan Agung RI","TRIBUN-VIDEO.COM - Kejaksaan Agung menjawab soal kapan eksekusi hukuman mati akan dilakukan terhadap Ferdy Sambo, terdakwa kasus pembunuhan berencana Brigadir Nofriansyah Yosua Hutabarat alias Brigadir J.

Kapuspenkum Kejaksaan Agung Ketut Sumedana mengungkapkan, pihaknya masih menunggu apakah Ferdy Sambo akan mengajukan banding selama 7 hari ke depan.

Ketut mengungkapkan, pihak Ferdy Sambo masih memiliki waktu 14 hari, 7 hari menyatakan sikap dan 14 hari mengajukan memori pernyataan banding.

Ketut menuturkan pihaknya masih menunggu langkah hukum yang bakal diajukan oleh Ferdy Sambo atas vonis hukuman mati.

Diberitakan sebelumnya, Majelis Hakim Pengadilan Negeri (PN) Jakarta Selatan telah menjatuhkan putusan atau vonis terhadap terdakwa tewasnya Nofriansyah Yoshua Hutabarat alias Brigadir J yakni Ferdy Sambo.

Eks Kadiv Propam Polri tersebut divonis hukuman mati oleh majelis hakim.

Lebih lanjut, Hakim menyatakan perbuatan terdakwa Ferdy Sambo terbukti secara sah dan meyakinkan melakukan tindak pidana turut serta merampas nyawa seseorang dengan perencanaan terlebih dahulu sebagaimana yang didakwakan.

Dalam putusannya majelis hakim menyatakan, Ferdy Sambo bersalah melanggar Pasal 340 juncto pasal 55 ayat 1 ke-1 KUHP sebagaimana dakwaan primer dari jaksa penuntut umum (JPU).

Tak hanya itu, Ferdy Sambo juga dinyatakan bersalah melanggar Pasal 49 juncto Pasal 33 UU ITE Nomor 19 Tahun 2016 juncto pasal 55 ayat 1 ke (1) KUHP dalam kasus dugaan perintangan penyidikan atau obstraction of justice tewasnya Brigadir J. (*)


Artikel ini telah tayang di Tribunnews.com dengan judul Divonis Hukuman Mati, Kapan Jaksa Eksekusi Ferdy Sambo? Ini Penjelasan Kejagung RI, https://www.tribunnews.com/nasional/2023/02/16/divonis-hukuman-mati-kapan-jaksa-eksekusi-ferdy-sambo-ini-penjelasan-kejagung-ri.
Penulis: Igman Ibrahim
Editor: Muhammad Zulfikar
Host: Firda Ananda
VP: Yohanes Anton

#beritaterbaru #beritaterkini #beritaviral #live #breakingnews",2023-02-17T04:37:11Z,PT59S,327802,4651,0,352
LB8n03poYX8,UCdOovgmIPfj9a-o3VP5i2_g,MerdekaDotCom,"""PELANGGARAN SENJATA SAYA TINDAK TEGAS!"" Momen Ferdy Sambo saat Jabat Kadiv Propam #merdekadotcom",,2022-08-11T07:20:18Z,PT41S,327304,3711,0,864
rOe0SqfyRAA,UCKII0Ml9S5wneKbHswmUrIQ,CNN Indonesia,Ferdy Sambo Divonis Hukuman Mati,"Mantan Kepala Divisi Propam Polri Ferdy Sambo divonis pidana mati. Majelis hakim Pengadilan Negeri (PN) Jakarta Selatan menilai Sambo terbukti melakukan tindak pidana pembunuhan berencana terhadap Nofriansyah Yosua Hutabarat alias Brigadir J.
""Menjatuhkan hukuman terdakwa dengan pidana mati,"" ujar ketua majelis hakim Wahyu Iman Santoso saat membacakan amar putusan di PN Jakarta Selatan, Senin (13/2).

Website: www.cnnindonesia.com
Facebook: https://m.facebook.com/CNNIndonesia/
Instagram: https://instagram.com/cnnindonesiatv
Twitter: https://twitter.com/cnniddaily
TikTok: https://www.tiktok.com/@cnnindonesia
Spotify: CNN Indonesia",2023-02-13T08:31:35Z,PT3M6S,322990,5429,0,2588
ttNkJrKwlNE,UCdOovgmIPfj9a-o3VP5i2_g,MerdekaDotCom,🔴 LIVE Sidang Perdana Ferdy Sambo Jadi Saksi Terdakwa Bharada Eliezer,"MERDEKA.COM - Ferdy Sambo menjadi saksi di sidang lanjutan pembunuhan Brigadir Yosua Hutabarat di PN Jakarta Selatan, Rabu (7/12). Ini menjadi momen perdana sambo menjadi saksi untuk terdakwa Bharada Richard Eliezer, Bripka Ricky Rizal dan Kuat Ma'ruf.

----
#merdekadotcom

MORE VIDEOS: https://video.merdeka.com/

Produced by https://www.merdeka.com
KLN Apps ► http://www.kln.id/apps/

----
Youtube ► https://www.youtube.com/merdekacomvideonews
Vidio ► https://www.vidio.com/@merdeka
Twitter ► https://twitter.com/merdekadotcom
Facebook ► https://www.facebook.com/MDKcom
Telegram ► https://t.me/merdekacomnewsupdate",2022-12-07T10:57:13Z,PT4H28M19S,323534,2135,0,254
qc5YkgiFBcY,UCdOovgmIPfj9a-o3VP5i2_g,MerdekaDotCom,Benny DPR Tak Butuh Penjelasan Cecar Calon Hakim Agung: Atas Nama Tuhan Bapak Cabut Nyawa Sambo,"MERDEKA.COM - Komisi III DPR melakukan fit and proper tes calon hakim agung dan hakim ad hoc di Mahkamah Agung tahun 2025, pada Kamis (11/9).

Calon hakim agung dari Kamar Pidana, Hakim Pengadilan Tinggi Banjarmasin Alimin Ribut Sujono dicecar anggota Komisi III Benny K Harman. Alimin ditanya pandangannya soal pidana mati.  

Alimin merupakan salah satu hakim anggota yang menjatuhkan vonis pidana hukuman mati kepada Ferdy Sambo.

Dia mengaku sudah dua kali menjatuhkan pidana mati. Pertama dalam kasus narkotika dengan terpidana warga Pakistan yang mengendalikan dan hendak memasukan 10 ton narkorba ke Indonesia. Kedua, perkara kasus Sambo

Diketahui, Mahkamah Agung (MA) menganulir vonis mati Ferdy Sambo menjadi hukuman seumur hidup.

----
#merdekadotcom

MORE VIDEOS: https://video.merdeka.com/

Produced by https://www.merdeka.com
KLN Apps ► http://www.kln.id/apps/

----
Youtube ► https://www.youtube.com/merdekacomvideonews
Vidio ► https://www.vidio.com/@merdeka
WhatsApp Channel ►  https://whatsapp.com/channel/0029Va2aKxNAjPXQRpJGf70z
Twitter ► https://twitter.com/merdekadotcom
Facebook ► https://www.facebook.com/MDKcom
Telegram ► https://t.me/merdekacomnewsupdate",2025-09-11T09:07:41Z,PT13M12S,316415,1427,0,1988
GRJz3d5391Q,UCIgld14PpfvtV1a1l9TOx_g,Channel Horror38,photo lawas Ferdy sambo,,2022-08-16T13:59:21Z,PT16S,312518,1599,0,625
MvYE4oaTI70,UCmxAIW7RDDC88EPk4ry16Kg,Tribunnews,"🔴 Terungkap Skenario Kebohongan Ferdy Sambo, Janjikan Rp 2 M seusai Anak Buah Bunuh Brigadir J","TRIBUN-VIDEO.COM - Mantan Kadiv Propam Polri, Irjen Ferdy Sambo rupanya menjanjikan hadiah uang Rp 2 miliar pad ketiga anak buahnya seusai membantu menghabisi nyawa Brigadir Yosua Hutabarat.

Bharada E yang menjadi eksekutor utama dilaporkan dijanjikan Rp 1 miliar oleh Ferdy Sambo .

Dugaan permainan uang tersebut disampaikan oleh Deolipa Yumara, mantan kuasa hukum dari Bharada Eliezer.

Deolipa menuturkan, Bharada E dijanjikan Rp 1 miliar sementara Bripka RR dan juga Kuat Maruf sopir Putri Candrawathi dijanjikan masing-masing Rp 500 juta.

Iya (benar) itu kan omongannya si Richard, di BAP juga ada itu (diimingi uang ). Bharada E Rp 1 miliar, totalnya Rp 2 miliar,"" ucap Deolipa kepada wartawan, Jumat (12/8/2022).

Janji uang Rp ratusan juta tersebut juga dibenarkan oleh para tersangka yakni Bharada E, Bripka RR, dan KM pada penyidik.

Deolipa menjelaskan, janji pemberian uang itu juga diketahui oleh istri Ferdy Sambo .

Yang mana Putri Candrawathi mengaku akan memberikan Rp 1 miliar pada Bharada E serta masing-masing Rp 500 juta untuk Kuat dan Bripka Riky.

""Bharada E Rp 1 miliar, Ricky Rp 500 juta, Kuat Rp 500 juta,"" sambung Deolipa.

Sambo mengaku akan memberikan uang tersebut pada bulan Agustus, yakni satu bulan setelah kejadian.",2022-08-13T15:09:29Z,PT1H54M31S,300371,1825,0,165
bvOvVFFH_io,UCwFc1bMj5KFxX8BJ1wBRuzw,Tribun MedanTV,ANAK FERDY SAMBO Rayakan Valentine dengan Kenang Momen Kehangatan Bareng Keluarga,"TRIBUN-MEDAN.com – Setelah sah Ferdy Sambo divonis hukuman mati dan sang istri, Putri Candrawathi divonis 20 tahun di penjara.

Sosok Trisha Eungelica jadi sorotan publik, tampaknya masyarakat penasaran dengan reaksi Trisha terkait vonis kedua orang tuanya.

Dilansir dari Instagramnya, Selasa (14/2/2023) Trisha membagikan momen kenangan bersama dengan Ferdy Sambo dan Putri Candrawathi.

Dalam postingan itu, Trisha mengungkapkan perasaannya yang bertepatan dengan hari Valentine.

Baca selengkapnya di www.tribun-medan.com",2023-02-14T07:40:47Z,PT58S,295840,2597,0,245
DzBz11VzdZQ,UCKII0Ml9S5wneKbHswmUrIQ,CNN Indonesia,Tok! Ferdy Sambo Divonis Hukuman Mati,"Mantan Kadiv Propam Polri Ferdy Sambo menghadapi sidang vonis kasus pembunuhan berencana Nofriansyah Yosua Hutabarat (Brigadir J) di Pengadilan Negeri Jakarta Selatan pada hari ini, Senin (13/2).
Di sidang sebelumnya, jaksa menuntut agar Ferdy Sambo dihukum dengan penjara seumur hidup karena diduga melakukan pembunuhan terhadap Brigadir J serta merusak barang bukti.

Jaksa menganggap tindakan Sambo melanggar Pasal 340 subsider Pasal 338 juncto Pasal 55 ayat (1) ke-1 KUHP.

Website: www.cnnindonesia.com
Facebook: https://m.facebook.com/CNNIndonesia/
Instagram: https://instagram.com/cnnindonesiatv
Twitter: https://twitter.com/cnniddaily
TikTok: https://www.tiktok.com/@cnnindonesia
Spotify: CNN Indonesia",2023-02-13T09:19:22Z,PT7H14M41S,294798,1922,0,279
Qa9nhx7E1gM,UCKII0Ml9S5wneKbHswmUrIQ,CNN Indonesia,Merangkai Skenario Ferdy Sambo dalam Kasus Penembakan Brigadir Yosua,"Rangkaian skenario Ferdy Sambo dalam kasus penembakan Brigadir Yosua mulai terungkap. 
Butuh waktu satu bulan lebih bagi kepolisian untuk mengungkap cerita, hingga menetapkan tersangka utama.",2022-08-11T02:39:31Z,PT4M19S,293799,1665,0,341
WJALe_yTWYI,UC2O5e54YcQFGdNKaM3kI3rg,Fakta Unik,Anak Ferdy Sambo Lulus Akpol Dengan Mudah.⁉️#shorts,,2025-09-11T12:01:07Z,PT21S,653486,1372,0,92
V5rLWaoLu8M,UCB1fvlA5xmLJ0tZblpoTuaQ,VIVA.CO.ID,"Bikin Haru, Ini Pesan Ferdy Sambo Buat Keluarga Sebelum Vonis","VIVA - Beredar video cerita dari Trisha Eungelica Sambo yang merupakan putri sulung dari Ferdy Sambo dan Putri Candrawathi bahwa ayahnya telah berpesan kepada keluarga sebelum sidang vonis. (RP-MA-DA) #VIVAnewsdaily

Baca berita terbaru, terkini dan terpopuler disini https://www.viva.co.id/",2023-03-04T09:20:00Z,PT1M39S,281984,305,0,138
HphfKaY2fjA,UCqLsfkQSM0yfyGvONAGWd3Q,BeritaSatu,Terungkap! Ini Alasan Irjen Ferdy Sambo Bunuh Brigadir J,"Tim Khusus Polri membuka motif Irjen Ferdy Sambo membunuh Nofriansyah Yosua Hutabarat atau Brigadir J. Ferdy Sambo marah dan emosi karena Brigadir J melukai martabat keluarganya.
#IrjenSambo #BrigadirJ #Motif

Jangan lewatkan live streaming BeritaSatu News Channel 24 jam non stop di https://www.beritasatu.com/livestream.

Pastikan kamu subscribe dan aktifkan juga tombol lonceng untuk mendapatkan notifikasi video terbaru dari BeritaSatu.

Kunjungi juga social media channel kami :

Official Website: https://www.beritasatu.com
Twitter : https://twitter.com/Beritasatu
Facebook : https://www.facebook.com/beritasatu/
Instagram : https://www.instagram.com/beritasatu/",2022-08-12T10:45:00Z,PT2M21S,281133,1248,0,797
Tm0xj85P0xA,UCR-hohVc5y6wdrFc99Lk1_Q,Lintas iNews MNCTV,Jasad Ajudan Irjen Ferdy Sambo yang Tewas Ditembak Tiba di Rumah Duka #LintasiNewsMalam 11/07,"Tanggal Tayang: 11/07/2022

Berita bercerita menyampaikan fakta apa adanya, tanpa rekayasa. MNCTV News menyajikan berita-berita tekini dan teraktual dalam rangkaian Lintas iNews Pagi, Lintas iNews Siang, Lintas iNews Malam, dan Lintas iNews.

Subscribe iNews Official Youtube Channel:
https://www.youtube.com/OfficialiNews

Subscribe Lintas iNews Youtube Channel:
https://www.youtube.com/channel/UCR-hohVc5y6wdrFc99Lk1_Q

Follow Our Official Twitter: https://twitter.com/Lintas_MNCTV
Check Our Official Website: https://www.inews.id
Like Our Official Facebook: https://www.facebook.com/MnctvNews
Follow Our Official Instagram: https://www.instagram.com/mnctvnews

Saksikan info berita terkini di:
Lintas iNews Pagi: Senin – Sabtu Pukul 04.20 WIB
Lintas iNews Siang: Senin – Jumat Pukul 11.30 WIB
Lintas iNews Malam: Senin – Sabtu 00.30 WIB
Lintas iNews: Setiap Hari 09.00 | 10.00 | 13.00 | 14.00 | 15.00",2022-07-12T01:21:44Z,PT1M1S,276750,657,0,38
2AbufC3VFxI,UCwFc1bMj5KFxX8BJ1wBRuzw,Tribun MedanTV,RESPON Polri Usai Anak Ferdy Sambo Lulus Akpol 2023 hingga Singgung Penempatan di Kampung Brigadir J,"TRIBUN-MEDAN.COM - Kabar anak Ferdy Sambo, Tribrata Putra lulus taruna Akademi Kepolisian (Akpol) 2023 menuai atensi masyarakat.

Perihal ini, Asisten Kapolri Bidang SDM Irjen Dedi Prasetyo mengatakan jika Tribrata Putra masuk sesuai dengan kapasitasnya.

Dedi menjelaskan, pada dasarnya semua warga negara memiliki kesempatan yang sama untuk masuk sebagai anggota Polri.

Bergabung dengan channel ini untuk mendapatkan akses ke berbagai keuntungan:
https://www.youtube.com/channel/UCwFc1bMj5KFxX8BJ1wBRuzw/join",2023-07-30T10:02:47Z,PT59S,266911,2424,0,295
OikaoDfhf60,UCB1fvlA5xmLJ0tZblpoTuaQ,VIVA.CO.ID,"Banyak Polisi Menyimpang, Irjen Ferdy Sambo: Komandan Harus Jadi Teladan! || THE INTERVIEW","VIVA - Maraknya oknum polisi menyimpang menjadi tantangan dan masukan bagi institusi Polri. Propam akan mengimplementasikan program Kapolri Jenderal Listyo Sigit Prabowo yakni transformasi menuju Polri Presisi dengan transformasi bidang pengawasan.

Baca berita terbaru, terkini dan terpopuler disini https://www.viva.co.id/",2022-04-01T12:33:27Z,PT5M54S,260926,1613,0,1139
c_cVgz6n5FQ,UCRdwWPjiCuG37GIsnt4breg,KOMPASTV MAKASSAR,"Eliezer ungkap Ferdy Sambo mengatakan ""Tidak Ada Gunanya Pangkat Saya.."" #shorts",,2022-12-13T14:40:30Z,PT1M,246268,3088,0,67
QqXjW9BUZVQ,UCKII0Ml9S5wneKbHswmUrIQ,CNN Indonesia,Komnas HAM Perlihatkan Potongan Video CCTV Rumah Ferdy Sambo,"Komisi Nasional Hak Asasi Manusia mengungkap CCTV di dalam rumah pribadi Ferdy Sambo. Selain itu, ada pula foto-foto pasca penembakan Brigadir Yosua yang diungkap ke publik.",2022-09-02T09:55:17Z,PT2M7S,242631,1013,0,194
Xi0e0iSLP7M,UCwFc1bMj5KFxX8BJ1wBRuzw,Tribun MedanTV,"PREDIKSI Hotman Paris Terbukti, Ferdy Sambo Lolos dari Jeratan Hukuman Mati","TRIBUN-MEDAN.COM - Keputusan Mahkamah Agung (MA) untuk meringankan hukuman terpidana kasus pembunuhan Brigadir J menuai atensi masyarakat.

Tak terkecuali, pengacara kondang Hotman Paris yang turut mempertanyakan keputusan MA tersebut.

Dilansir dari Instagram pribadinya, Selasa (8/8/2023) Hotman Paris mengungkit peristiwa masa lalu ketika dirinya ditawari bayaran miliaran rupiah agar mau menjadi pengacara Ferdy Sambo dan kawan-kawan.

Bergabung dengan channel ini untuk mendapatkan akses ke berbagai keuntungan:
https://www.youtube.com/channel/UCwFc1bMj5KFxX8BJ1wBRuzw/join",2023-08-09T08:54:30Z,PT1M,227880,2846,0,297
A_f4kqH19hQ,UC5BMIWZe9isJXLZZWPWvBlg,KOMPASTV,Jokowi Tanggapi Diskon Vonis Mati Ferdy Sambo oleh Mahkamah Agung,"JAKARTA, KOMPAS.TV - Presiden Jokowi menanggapi soal Mahkamah Agung yang membatalkan hukuman mati Ferdy Sambo. Presiden meminta semua pihak untuk menghotmati putusan MA.

Presiden Joko Widodo angkat bicara soal keputusan kasasi Mahkamah Agung yang menganulir hukuman mati Ferdy Sambo menjadi penjara seumur hidup.

Presiden menyebut dirinya menghormati keputusan MA dan meminta semua pihak juga menghormati putusan MA.

Baca Juga Tak Hanya Ferdy Sambo, Putri Candrawathi Juga Dapat Keringanan Hukuman di https://www.kompas.tv/video/433110/tak-hanya-ferdy-sambo-putri-candrawathi-juga-dapat-keringanan-hukuman

#ferdysambo #jokowi #sambo

Artikel ini bisa dilihat di :  https://www.kompas.tv/video/433809/jokowi-angkat-bicara-terkait-mahkamah-agung-diskon-vonis-mati-ferdy-sambo",2023-08-10T23:35:30Z,PT51S,225926,681,0,903
JiFUry84BMU,UC5BMIWZe9isJXLZZWPWvBlg,KOMPASTV,Hendra Kurniawan: Kalau Ferdy Sambo Tak Mengaku Silahkan Dihadirkan #shorts,,2022-12-06T07:18:06Z,PT24S,219458,2465,0,74
FVVkaQB-XW4,UC5BMIWZe9isJXLZZWPWvBlg,KOMPASTV,DPR Komisi III Tak Pilih Hakim Vonis Mati Ferdy Sambo jadi Calon Hakim Agung,"JAKARTA, KOMPAS.TV  Komisi III DPR RI menetapkan 10 dari 16 calon hakim agung dan ad hoc Hak Asasi Manusia (HAM) yang telah mengikuti fit and proper test. Dalam Keputusan itu, Komisi III mencoret 6 calon yang salah satunya Hakim yang memvonis mati Ferdy Sambo.

Hal ini disampaikan dalam rapat Komisi III DPR RI di Kopmleks Parlemen, Senayan, Jakarta, Selasa (16/9/2025).

Palu Keputusan diketok oleh Ketua Komisi III DPR RI, Habiburokhman.

Bagaimana menurut Sahabat KompasTV terkait berita ini, tulis di kolom komentar ya!

Video Editor: Frashiva Rizaldi

Artikel ini bisa dilihat di :  https://www.kompas.tv/nasional/617972/dpr-komisi-iii-tak-pilih-hakim-vonis-mati-ferdy-sambo-jadi-calon-hakim-agung",2025-09-17T06:08:24Z,PT9M14S,218538,287,0,558
N_PkgcCBGVc,UCmxAIW7RDDC88EPk4ry16Kg,Tribunnews,"Sopir dan Ajudan Istri Irjen Ferdy Sambo Ditangkap, Polri Sebut Keduanya Sudah Ditahan di Bareskrim","BACA SELENGKAPNYA https://video.tribunnews.com/view/427716/sopir-dan-ajudan-istri-irjen-ferdy-sambo-ditangkap-polri-sebut-keduanya-sudah-ditahan-di-bareskrim

TRIBUN-VIDEO.COM - Bareskrim Polri menahan dua orang yang bekerja di keluarga mantan Kadiv Propam Polri, Irjen Ferdy Sambo.

Adapun kedua orang yang dimaksud yakni seorang sopir dan ajudan istri Ferdy Sambo.

Penahanan ini berkaitan dengan kasus kematian Brigadir J di rumah dinas Sambo pada Juli lalu.

Host: Agung Laksono
VP: Reza Nova

#brigadirj #istriferdysambo #ferdysambo #polri #bharadae",2022-08-07T12:54:56Z,PT3M45S,200156,917,0,245
ttNkJrKwlNE,UCdOovgmIPfj9a-o3VP5i2_g,MerdekaDotCom,🔴 LIVE Sidang Perdana Ferdy Sambo Jadi Saksi Terdakwa Bharada Eliezer,"MERDEKA.COM - Ferdy Sambo menjadi saksi di sidang lanjutan pembunuhan Brigadir Yosua Hutabarat di PN Jakarta Selatan, Rabu (7/12). Ini menjadi momen perdana sambo menjadi saksi untuk terdakwa Bharada Richard Eliezer, Bripka Ricky Rizal dan Kuat Ma'ruf.

----
#merdekadotcom

MORE VIDEOS: https://video.merdeka.com/

Produced by https://www.merdeka.com
KLN Apps ► http://www.kln.id/apps/

----
Youtube ► https://www.youtube.com/merdekacomvideonews
Vidio ► https://www.vidio.com/@merdeka
Twitter ► https://twitter.com/merdekadotcom
Facebook ► https://www.facebook.com/MDKcom
Telegram ► https://t.me/merdekacomnewsupdate",2022-12-07T10:57:13Z,PT4H28M19S,323533,2135,0,254
qc5YkgiFBcY,UCdOovgmIPfj9a-o3VP5i2_g,MerdekaDotCom,Benny DPR Tak Butuh Penjelasan Cecar Calon Hakim Agung: Atas Nama Tuhan Bapak Cabut Nyawa Sambo,"MERDEKA.COM - Komisi III DPR melakukan fit and proper tes calon hakim agung dan hakim ad hoc di Mahkamah Agung tahun 2025, pada Kamis (11/9).

Calon hakim agung dari Kamar Pidana, Hakim Pengadilan Tinggi Banjarmasin Alimin Ribut Sujono dicecar anggota Komisi III Benny K Harman. Alimin ditanya pandangannya soal pidana mati.  

Alimin merupakan salah satu hakim anggota yang menjatuhkan vonis pidana hukuman mati kepada Ferdy Sambo.

Dia mengaku sudah dua kali menjatuhkan pidana mati. Pertama dalam kasus narkotika dengan terpidana warga Pakistan yang mengendalikan dan hendak memasukan 10 ton narkorba ke Indonesia. Kedua, perkara kasus Sambo

Diketahui, Mahkamah Agung (MA) menganulir vonis mati Ferdy Sambo menjadi hukuman seumur hidup.

----
#merdekadotcom

MORE VIDEOS: https://video.merdeka.com/

Produced by https://www.merdeka.com
KLN Apps ► http://www.kln.id/apps/

----
Youtube ► https://www.youtube.com/merdekacomvideonews
Vidio ► https://www.vidio.com/@merdeka
WhatsApp Channel ►  https://whatsapp.com/channel/0029Va2aKxNAjPXQRpJGf70z
Twitter ► https://twitter.com/merdekadotcom
Facebook ► https://www.facebook.com/MDKcom
Telegram ► https://t.me/merdekacomnewsupdate",2025-09-11T09:07:41Z,PT13M12S,316415,1427,0,1988
GRJz3d5391Q,UCIgld14PpfvtV1a1l9TOx_g,Channel Horror38,photo lawas Ferdy sambo,,2022-08-16T13:59:21Z,PT16S,312518,1599,0,625
MvYE4oaTI70,UCmxAIW7RDDC88EPk4ry16Kg,Tribunnews,"🔴 Terungkap Skenario Kebohongan Ferdy Sambo, Janjikan Rp 2 M seusai Anak Buah Bunuh Brigadir J","TRIBUN-VIDEO.COM - Mantan Kadiv Propam Polri, Irjen Ferdy Sambo rupanya menjanjikan hadiah uang Rp 2 miliar pad ketiga anak buahnya seusai membantu menghabisi nyawa Brigadir Yosua Hutabarat.

Bharada E yang menjadi eksekutor utama dilaporkan dijanjikan Rp 1 miliar oleh Ferdy Sambo .

Dugaan permainan uang tersebut disampaikan oleh Deolipa Yumara, mantan kuasa hukum dari Bharada Eliezer.

Deolipa menuturkan, Bharada E dijanjikan Rp 1 miliar sementara Bripka RR dan juga Kuat Maruf sopir Putri Candrawathi dijanjikan masing-masing Rp 500 juta.

Iya (benar) itu kan omongannya si Richard, di BAP juga ada itu (diimingi uang ). Bharada E Rp 1 miliar, totalnya Rp 2 miliar,"" ucap Deolipa kepada wartawan, Jumat (12/8/2022).

Janji uang Rp ratusan juta tersebut juga dibenarkan oleh para tersangka yakni Bharada E, Bripka RR, dan KM pada penyidik.

Deolipa menjelaskan, janji pemberian uang itu juga diketahui oleh istri Ferdy Sambo .

Yang mana Putri Candrawathi mengaku akan memberikan Rp 1 miliar pada Bharada E serta masing-masing Rp 500 juta untuk Kuat dan Bripka Riky.

""Bharada E Rp 1 miliar, Ricky Rp 500 juta, Kuat Rp 500 juta,"" sambung Deolipa.

Sambo mengaku akan memberikan uang tersebut pada bulan Agustus, yakni satu bulan setelah kejadian.",2022-08-13T15:09:29Z,PT1H54M31S,300371,1825,0,165
bvOvVFFH_io,UCwFc1bMj5KFxX8BJ1wBRuzw,Tribun MedanTV,ANAK FERDY SAMBO Rayakan Valentine dengan Kenang Momen Kehangatan Bareng Keluarga,"TRIBUN-MEDAN.com – Setelah sah Ferdy Sambo divonis hukuman mati dan sang istri, Putri Candrawathi divonis 20 tahun di penjara.

Sosok Trisha Eungelica jadi sorotan publik, tampaknya masyarakat penasaran dengan reaksi Trisha terkait vonis kedua orang tuanya.

Dilansir dari Instagramnya, Selasa (14/2/2023) Trisha membagikan momen kenangan bersama dengan Ferdy Sambo dan Putri Candrawathi.

Dalam postingan itu, Trisha mengungkapkan perasaannya yang bertepatan dengan hari Valentine.

Baca selengkapnya di www.tribun-medan.com",2023-02-14T07:40:47Z,PT58S,295840,2597,0,245
DzBz11VzdZQ,UCKII0Ml9S5wneKbHswmUrIQ,CNN Indonesia,Tok! Ferdy Sambo Divonis Hukuman Mati,"Mantan Kadiv Propam Polri Ferdy Sambo menghadapi sidang vonis kasus pembunuhan berencana Nofriansyah Yosua Hutabarat (Brigadir J) di Pengadilan Negeri Jakarta Selatan pada hari ini, Senin (13/2).
Di sidang sebelumnya, jaksa menuntut agar Ferdy Sambo dihukum dengan penjara seumur hidup karena diduga melakukan pembunuhan terhadap Brigadir J serta merusak barang bukti.

Jaksa menganggap tindakan Sambo melanggar Pasal 340 subsider Pasal 338 juncto Pasal 55 ayat (1) ke-1 KUHP.

Website: www.cnnindonesia.com
Facebook: https://m.facebook.com/CNNIndonesia/
Instagram: https://instagram.com/cnnindonesiatv
Twitter: https://twitter.com/cnniddaily
TikTok: https://www.tiktok.com/@cnnindonesia
Spotify: CNN Indonesia",2023-02-13T09:19:22Z,PT7H14M41S,294798,1922,0,279
Qa9nhx7E1gM,UCKII0Ml9S5wneKbHswmUrIQ,CNN Indonesia,Merangkai Skenario Ferdy Sambo dalam Kasus Penembakan Brigadir Yosua,"Rangkaian skenario Ferdy Sambo dalam kasus penembakan Brigadir Yosua mulai terungkap. 
Butuh waktu satu bulan lebih bagi kepolisian untuk mengungkap cerita, hingga menetapkan tersangka utama.",2022-08-11T02:39:31Z,PT4M19S,293799,1665,0,341
WJALe_yTWYI,UC2O5e54YcQFGdNKaM3kI3rg,Fakta Unik,Anak Ferdy Sambo Lulus Akpol Dengan Mudah.⁉️#shorts,,2025-09-11T12:01:07Z,PT21S,653486,1372,0,92
V5rLWaoLu8M,UCB1fvlA5xmLJ0tZblpoTuaQ,VIVA.CO.ID,"Bikin Haru, Ini Pesan Ferdy Sambo Buat Keluarga Sebelum Vonis","VIVA - Beredar video cerita dari Trisha Eungelica Sambo yang merupakan putri sulung dari Ferdy Sambo dan Putri Candrawathi bahwa ayahnya telah berpesan kepada keluarga sebelum sidang vonis. (RP-MA-DA) #VIVAnewsdaily

Baca berita terbaru, terkini dan terpopuler disini https://www.viva.co.id/",2023-03-04T09:20:00Z,PT1M39S,281984,305,0,138
HphfKaY2fjA,UCqLsfkQSM0yfyGvONAGWd3Q,BeritaSatu,Terungkap! Ini Alasan Irjen Ferdy Sambo Bunuh Brigadir J,"Tim Khusus Polri membuka motif Irjen Ferdy Sambo membunuh Nofriansyah Yosua Hutabarat atau Brigadir J. Ferdy Sambo marah dan emosi karena Brigadir J melukai martabat keluarganya.
#IrjenSambo #BrigadirJ #Motif

Jangan lewatkan live streaming BeritaSatu News Channel 24 jam non stop di https://www.beritasatu.com/livestream.

Pastikan kamu subscribe dan aktifkan juga tombol lonceng untuk mendapatkan notifikasi video terbaru dari BeritaSatu.

Kunjungi juga social media channel kami :

Official Website: https://www.beritasatu.com
Twitter : https://twitter.com/Beritasatu
Facebook : https://www.facebook.com/beritasatu/
Instagram : https://www.instagram.com/beritasatu/",2022-08-12T10:45:00Z,PT2M21S,281133,1248,0,797
Tm0xj85P0xA,UCR-hohVc5y6wdrFc99Lk1_Q,Lintas iNews MNCTV,Jasad Ajudan Irjen Ferdy Sambo yang Tewas Ditembak Tiba di Rumah Duka #LintasiNewsMalam 11/07,"Tanggal Tayang: 11/07/2022

Berita bercerita menyampaikan fakta apa adanya, tanpa rekayasa. MNCTV News menyajikan berita-berita tekini dan teraktual dalam rangkaian Lintas iNews Pagi, Lintas iNews Siang, Lintas iNews Malam, dan Lintas iNews.

Subscribe iNews Official Youtube Channel:
https://www.youtube.com/OfficialiNews

Subscribe Lintas iNews Youtube Channel:
https://www.youtube.com/channel/UCR-hohVc5y6wdrFc99Lk1_Q

Follow Our Official Twitter: https://twitter.com/Lintas_MNCTV
Check Our Official Website: https://www.inews.id
Like Our Official Facebook: https://www.facebook.com/MnctvNews
Follow Our Official Instagram: https://www.instagram.com/mnctvnews

Saksikan info berita terkini di:
Lintas iNews Pagi: Senin – Sabtu Pukul 04.20 WIB
Lintas iNews Siang: Senin – Jumat Pukul 11.30 WIB
Lintas iNews Malam: Senin – Sabtu 00.30 WIB
Lintas iNews: Setiap Hari 09.00 | 10.00 | 13.00 | 14.00 | 15.00",2022-07-12T01:21:44Z,PT1M1S,276750,657,0,38
2AbufC3VFxI,UCwFc1bMj5KFxX8BJ1wBRuzw,Tribun MedanTV,RESPON Polri Usai Anak Ferdy Sambo Lulus Akpol 2023 hingga Singgung Penempatan di Kampung Brigadir J,"TRIBUN-MEDAN.COM - Kabar anak Ferdy Sambo, Tribrata Putra lulus taruna Akademi Kepolisian (Akpol) 2023 menuai atensi masyarakat.

Perihal ini, Asisten Kapolri Bidang SDM Irjen Dedi Prasetyo mengatakan jika Tribrata Putra masuk sesuai dengan kapasitasnya.

Dedi menjelaskan, pada dasarnya semua warga negara memiliki kesempatan yang sama untuk masuk sebagai anggota Polri.

Bergabung dengan channel ini untuk mendapatkan akses ke berbagai keuntungan:
https://www.youtube.com/channel/UCwFc1bMj5KFxX8BJ1wBRuzw/join",2023-07-30T10:02:47Z,PT59S,266911,2424,0,295
OikaoDfhf60,UCB1fvlA5xmLJ0tZblpoTuaQ,VIVA.CO.ID,"Banyak Polisi Menyimpang, Irjen Ferdy Sambo: Komandan Harus Jadi Teladan! || THE INTERVIEW","VIVA - Maraknya oknum polisi menyimpang menjadi tantangan dan masukan bagi institusi Polri. Propam akan mengimplementasikan program Kapolri Jenderal Listyo Sigit Prabowo yakni transformasi menuju Polri Presisi dengan transformasi bidang pengawasan.

Baca berita terbaru, terkini dan terpopuler disini https://www.viva.co.id/",2022-04-01T12:33:27Z,PT5M54S,260926,1613,0,1139
c_cVgz6n5FQ,UCRdwWPjiCuG37GIsnt4breg,KOMPASTV MAKASSAR,"Eliezer ungkap Ferdy Sambo mengatakan ""Tidak Ada Gunanya Pangkat Saya.."" #shorts",,2022-12-13T14:40:30Z,PT1M,246268,3088,0,67
QqXjW9BUZVQ,UCKII0Ml9S5wneKbHswmUrIQ,CNN Indonesia,Komnas HAM Perlihatkan Potongan Video CCTV Rumah Ferdy Sambo,"Komisi Nasional Hak Asasi Manusia mengungkap CCTV di dalam rumah pribadi Ferdy Sambo. Selain itu, ada pula foto-foto pasca penembakan Brigadir Yosua yang diungkap ke publik.",2022-09-02T09:55:17Z,PT2M7S,242631,1013,0,194
Xi0e0iSLP7M,UCwFc1bMj5KFxX8BJ1wBRuzw,Tribun MedanTV,"PREDIKSI Hotman Paris Terbukti, Ferdy Sambo Lolos dari Jeratan Hukuman Mati","TRIBUN-MEDAN.COM - Keputusan Mahkamah Agung (MA) untuk meringankan hukuman terpidana kasus pembunuhan Brigadir J menuai atensi masyarakat.

Tak terkecuali, pengacara kondang Hotman Paris yang turut mempertanyakan keputusan MA tersebut.

Dilansir dari Instagram pribadinya, Selasa (8/8/2023) Hotman Paris mengungkit peristiwa masa lalu ketika dirinya ditawari bayaran miliaran rupiah agar mau menjadi pengacara Ferdy Sambo dan kawan-kawan.

Bergabung dengan channel ini untuk mendapatkan akses ke berbagai keuntungan:
https://www.youtube.com/channel/UCwFc1bMj5KFxX8BJ1wBRuzw/join",2023-08-09T08:54:30Z,PT1M,227880,2846,0,297
A_f4kqH19hQ,UC5BMIWZe9isJXLZZWPWvBlg,KOMPASTV,Jokowi Tanggapi Diskon Vonis Mati Ferdy Sambo oleh Mahkamah Agung,"JAKARTA, KOMPAS.TV - Presiden Jokowi menanggapi soal Mahkamah Agung yang membatalkan hukuman mati Ferdy Sambo. Presiden meminta semua pihak untuk menghotmati putusan MA.

Presiden Joko Widodo angkat bicara soal keputusan kasasi Mahkamah Agung yang menganulir hukuman mati Ferdy Sambo menjadi penjara seumur hidup.

Presiden menyebut dirinya menghormati keputusan MA dan meminta semua pihak juga menghormati putusan MA.

Baca Juga Tak Hanya Ferdy Sambo, Putri Candrawathi Juga Dapat Keringanan Hukuman di https://www.kompas.tv/video/433110/tak-hanya-ferdy-sambo-putri-candrawathi-juga-dapat-keringanan-hukuman

#ferdysambo #jokowi #sambo

Artikel ini bisa dilihat di :  https://www.kompas.tv/video/433809/jokowi-angkat-bicara-terkait-mahkamah-agung-diskon-vonis-mati-ferdy-sambo",2023-08-10T23:35:30Z,PT51S,225926,681,0,903
JiFUry84BMU,UC5BMIWZe9isJXLZZWPWvBlg,KOMPASTV,Hendra Kurniawan: Kalau Ferdy Sambo Tak Mengaku Silahkan Dihadirkan #shorts,,2022-12-06T07:18:06Z,PT24S,219458,2465,0,74
FVVkaQB-XW4,UC5BMIWZe9isJXLZZWPWvBlg,KOMPASTV,DPR Komisi III Tak Pilih Hakim Vonis Mati Ferdy Sambo jadi Calon Hakim Agung,"JAKARTA, KOMPAS.TV  Komisi III DPR RI menetapkan 10 dari 16 calon hakim agung dan ad hoc Hak Asasi Manusia (HAM) yang telah mengikuti fit and proper test. Dalam Keputusan itu, Komisi III mencoret 6 calon yang salah satunya Hakim yang memvonis mati Ferdy Sambo.

Hal ini disampaikan dalam rapat Komisi III DPR RI di Kopmleks Parlemen, Senayan, Jakarta, Selasa (16/9/2025).

Palu Keputusan diketok oleh Ketua Komisi III DPR RI, Habiburokhman.

Bagaimana menurut Sahabat KompasTV terkait berita ini, tulis di kolom komentar ya!

Video Editor: Frashiva Rizaldi

Artikel ini bisa dilihat di :  https://www.kompas.tv/nasional/617972/dpr-komisi-iii-tak-pilih-hakim-vonis-mati-ferdy-sambo-jadi-calon-hakim-agung",2025-09-17T06:08:24Z,PT9M14S,218540,287,0,558
N_PkgcCBGVc,UCmxAIW7RDDC88EPk4ry16Kg,Tribunnews,"Sopir dan Ajudan Istri Irjen Ferdy Sambo Ditangkap, Polri Sebut Keduanya Sudah Ditahan di Bareskrim","BACA SELENGKAPNYA https://video.tribunnews.com/view/427716/sopir-dan-ajudan-istri-irjen-ferdy-sambo-ditangkap-polri-sebut-keduanya-sudah-ditahan-di-bareskrim

TRIBUN-VIDEO.COM - Bareskrim Polri menahan dua orang yang bekerja di keluarga mantan Kadiv Propam Polri, Irjen Ferdy Sambo.

Adapun kedua orang yang dimaksud yakni seorang sopir dan ajudan istri Ferdy Sambo.

Penahanan ini berkaitan dengan kasus kematian Brigadir J di rumah dinas Sambo pada Juli lalu.

Host: Agung Laksono
VP: Reza Nova

#brigadirj #istriferdysambo #ferdysambo #polri #bharadae",2022-08-07T12:54:56Z,PT3M45S,200156,917,0,245
A3g-caxMpb4,UCdOovgmIPfj9a-o3VP5i2_g,MerdekaDotCom,BREAKING NEWS  - Hakim Vonis Ferdy Sambo Hukuman Mati,"MERDEKA.COM - Majelis Hakim memvonis Ferdy Sambo hukuman mati dalam kasus pembunuhan Yosua Hutabarat alias Brigadir J. 

Sidang digelar Pengadilan Negeri Jakarta Selatan, Senin (13/2). Vonis hakim lebih berat dari tuntutan jaksa.

----
#merdekadotcom

MORE VIDEOS: https://video.merdeka.com/

Produced by https://www.merdeka.com
KLN Apps ► http://www.kln.id/apps/

----
Youtube ► https://www.youtube.com/merdekacomvideonews
Vidio ► https://www.vidio.com/@merdeka
Twitter ► https://twitter.com/merdekadotcom
Facebook ► https://www.facebook.com/MDKcom
Telegram ► https://t.me/merdekacomnewsupdate",2023-02-13T08:26:16Z,PT1M43S,195245,2256,0,1273
-7_ZNX4d5-E,UC0sHaomxzMVLd26tIXe7NQA,LINTAS INDONESIA,Ferdy Sambo Bebas❓️Ahirnya Terbongkar Ternyata Begini Kondisi Sel Tahanan Sambo,#ferdysambo #brigadirj #ferdysambodanbrigadirj #ferdysambotersangka #sidangkasusbrigadirj #sidangkasussambo #sidangsambo #putricandrawathi #polisi #bharadae,2023-01-22T04:42:50Z,PT3M36S,190024,1405,0,446
ovp1iTOgIXE,UC1-w7r-SV7iw2w2-NOrI5Uw,Poros Jakarta,🔴 Ferdy Sambo Divonis Hukuman Mati,"Mantan Kepala Divisi Propam Polri Ferdy Sambo divonis pidana mati. Majelis hakim Pengadilan Negeri (PN) Jakarta Selatan menilai Sambo terbukti melakukan tindak pidana pembunuhan berencana terhadap Nofriansyah Yosua Hutabarat alias Brigadir J.

🔴 Ferdy Sambo Divonis Hukuman Mati 

""Menjatuhkan hukuman terdakwa dengan pidana mati,"" ujar ketua majelis hakim Wahyu Iman Santoso saat membacakan amar putusan di PN Jakarta Selatan, Senin (13/2/2023).

-'-----------------------
Tag:
short video, shorts video, short video ferdy sambo, short video sambo, 
short video brigadir j, short video putri candrawathi, ferdy sambo, kasus ferdy sambo, brigadir j, nofriansyah yosua hutabarat, polisi tembak polisi, sidang ferdy sambo, sidang vonis ferdy sambo, hukuman mati sambo, ferdy sambo divonis pidana mati, vonis sambo, ferdy sambo terbaru hari ini, brigadir josua hutabarat, 
brigadir j terbaru hari ini, hukuman putri candrawathi, vonis putri candrawathi, putri candrawathi divonis 20 tahun, poros jakarta, porosjakarta, 

#shortvideo  #sambo #ferdysambo #ferdysambodanbrigadirj #vonissambo #sidangsambo",2023-02-14T04:02:11Z,PT57S,188396,1616,0,15
1XIKOCXvIzo,UCdOovgmIPfj9a-o3VP5i2_g,MerdekaDotCom,INTIP GAJI FERDY SAMBO saat jabat Kadiv Propam Pangkat Inspektur Jenderal Polisi #merdekadotcom,,2022-08-11T10:29:15Z,PT1M1S,188401,1572,0,68
-Pcc1aqPP_0,UCKII0Ml9S5wneKbHswmUrIQ,CNN Indonesia,LIVE! Sidang Kasus Ferdy Sambo: Pemeriksaan Saksi Ahli,"Dalam sidang kasus pembunuhan Brigadir J alias Yosua Hutabarat dengan terdakwa Ferdy Sambo kali ini sederet saksi ahli dimintai keterangan. Para saksi ahli ini antara lain:

1. Febrianti Ar-Rosyid, ahli puslabfor 

2. Sirajul Umam ahli biologi forensik

3. Fira Sania ahli DNA 

4. Arid Sumirat ahli balistik 

5. Heri Priyanto ahli digital forensik

Website: www.cnnindonesia.com
Facebook: https://m.facebook.com/CNNIndonesia/
Instagram: https://instagram.com/cnnindonesiatv
Twitter: https://twitter.com/cnniddaily
TikTok: https://www.tiktok.com/@cnnindonesia
Spotify: CNN Indonesia",2022-12-14T06:54:33Z,PT4H40M11S,180492,1131,0,107
ZPBhKe6ljr4,UCmxAIW7RDDC88EPk4ry16Kg,Tribunnews,"Beredar Video Anak Ferdy Sambo Dikawal Ajudan saat Jenguk Orangtuanya, Sosok Polisi Brewok Bertato","BACA SELENGKAPNYA https://video.tribunnews.com/view/491169/beredar-video-anak-ferdy-sambo-dikawal-ajudan-saat-jenguk-orangtuanya-sosok-polisi-brewok-bertato

TRIBUN-VIDEO.COM - Sebuah video yang diduga potret anak dari Ferdy Sambo kala menjenguk Eks Kadiv Propam Polri tersebut beredar.

Namun momen itu lantas menjadi sorotan lantaran anak perempuan Putri Candrawathi dan Ferdy Sambo itu tampak masih dikawal oleh ajudan,

Ajudan yang mengawal putri Sambo itu diketahui diduga merupakan Bripka Mathius Marey.

Host: Nila Irda
Video Production: Adam Sukmana

#beritaterbaru #beritaterkini #beritaviral #anaksambo
#ferdysambo #putricandrawathi",2022-11-11T05:16:44Z,PT3M,178225,959,0,1299
mGk2DiR6qpg,UC1VBOObpFMoqduxFdzJrnvA,Tribun Jogja Official,"Rekaman CCTV Terungkap, Irjen Ferdy Sambo Diduga Ada di Sekitar Lokasi Kejadian","Rekaman CCTV Terungkap, Irjen Ferdy Sambo Diduga Ada di Sekitar Lokasi Kejadian


Pasca pihak kepolisian mengungkap rekaman CCTV , keberadaan Irjen Ferdy Sambo kini dipertanyakan.

Sebelumnya polisi mengungkap rekaman CCTV yang ada di sejumlah titik termasuk di rumah Irjen Ferdy Sambo .

Diketahui CCTV tersebut berasal dari Umah Saguling III.

Dalam rekaman tersebut, diketahui rombongan pulang dari Magelang pukul 15.30 WIB.

Sumber : Tribunnews

Editor video : Bhayu Ramanditya
Narator : Prisca Ruri
Editor Naskah : Bramasto Adhy
Produser : Ribut Raharjo
(bhy)


#tribunjogjanews #FerdySambo #RekamanCCTV",2022-07-27T17:48:29Z,PT1M49S,175805,653,0,385
z77vop0RztQ,UCD4mYEJsyoMWsZsXApoJnzw,TribunJakarta Official,"Jokowi Bicara Ferdy Sambo di Depan Pejabat Polisi Se-Indonesia, Tak Singgung Tragedi Kanjuruhan","TRIBUN-VIDEO.COM - Presiden Jokowi mengumpulkan ratusan pejabat polisi dari tingkat Kapolres, Kapolda hingga pejabat tinggi Mabes di Istana Negara, Jakarta, pada Jumat (14/10/2022).

Kendati pemanggilan para petinggi Polri itu terjadi di tengah suasana duka meninggalnya 132 nyawa Tragedi Kanjuruhan, namun isu tersebut tidak disinggung sama sekali.

Sejak awal, Jokowi langsung menitikberatkan arahannya tentang kondisi kepercayaan masyarakat terhadap Polri yang terjun bebas.

Setelah mengapresiasi Polri tentang kinerjanya dalam vaksinasi Covid-19 di masa pandemi, Jokowi berubah masam saat bicara soal Ferdy Sambo.

Menurut orang nomor satu di Indonesia itu, Polri sempat menyandang institusi hukum paling dipercaya masyarakat.

Hal itu saat Korps Bhayangkara terjun langsung membantu masyarakat kala pandemi Covid-19.

Namun citra baik Polri dirusak oleh kasus Ferdy Sambo.

Polisi yang saat itu menjabat Kadiv Propam dengan pangkat Irjen, namun tega menghabisi nyawa ajudannya sendiri, Nofriansyah Yosua Hutabarat alias Brigadir J.

""Pertama-tama Saya ingin menyampaikan penghargaan dan apresiasi yang tinggi atas kerja keras Polri beserta seluruh jajaran TNI, jajaran pemerintah dan seluruh komponen masyarakat dalam menangani covid.""

""itu dilihat masyarakat, dan itu juga saya lihat dan saya rasakan, kerja keras itu. Dan hasilnya juga sangat signifikan. Sampai hari ini, yang mendorong paling kuat memang dari Polri, telah 440 juta dosis vaksin yang telah disuntikkan kepada masyarakat dan hasilnya pandemi covid mereda, dan hasilnya ekonomi kita bisa tumbuh 5,44 persen dan hasilnya indeks kepercayaan masyarakat juga menempatkan Polri di puncak teratas pada saat itu.""

""Tetapi begitu ada peristiwa FS (Ferdy Sambo) runyam semuanya dan jatuh ke angka yang paling rendah,"" kata Jokowi kepada pejabat polisi yang videonya diunggah Youtube Sekretariat Presiden, Sabtu (15/10/2022).

Jokowi menekankan, Polri harus bisa meraih kepercayaan masyarakat kembali.

(*)

Artikel ini telah tayang di TribunJakarta.com dengan judul Tak Singgung Tragedi Kanjuruhan, Jokowi Bicara Ferdy Sambo di Depan Pejabat Polisi Se-Indonesia, https://jakarta.tribunnews.com/2022/10/15/tak-singgung-tragedi-kanjuruhan-jokowi-bicara-ferdy-sambo-di-depan-pejabat-polisi-se-indonesia?page=all.",2022-10-15T10:08:51Z,PT49S,173021,2557,0,187
arXRdU5SxFI,UCAMpZJJNQPZ6q7ZYKJV1igQ,Nusantara TV,[FULL] Benny DPR Soroti Alasan Calon Hakim Agung Beri Vonis Mati Ferdy Sambo | NTV,"https://nusantaratv.com/ - [FULL] Benny DPR Soroti Alasan Calon Hakim Agung Beri Vonis Mati Ferdy Sambo | NTV

Anggota Komisi III DPR RI Benny K Harman mencecar calon hakim agung Alimin Ribut Sujono terkait vonis hukuman mati yang diberikan kepada terdakwa Ferdy Sambo. Benny mempertanyakan alasan Alimin memberikan vonis hukuman mati kepada Sambo. Hal itu disampaikan Benny dalam fit and proper test calon hakim agung dan calon hakim ad hoc HAM di MA yang digelar Komisi III DPR, di kompleks parlemen, Senayan, Jakarta, Kamis (11/9/2025).

#bennykharman #ferdysambo #hakimagung #nusantaratv

DKANTV

Saksikan live streaming Nusantara TV hanya di https://nusantaratv.com/live
Dan follow akun media sosial Nusantara TV untuk mendapatkan beragam informasi terkini:

Facebook: https://www.facebook.com/nusantaratv
Instagram: https://www.instagram.com/officialnusantaratv
Tiktok: https://www.tiktok.com/@nusantaratvofficial
X: https://x.com/officialntv_
Website: https://nusantaratv.com/",2025-09-11T14:30:03Z,PT12M57S,181064,1113,0,1923
wFwndpPdsGE,UCgkqlHkZPSKQ5hMEA2KtsLg,tribuntimur com,"SHORT | Ferdy Sambo Divonis Mati, Bagaimana Tahapan Eksekusi Mati bagi Terpidana?","#tribuntimurcom #ferdysambo #shorts 

TRIBUN-TIMUR.COM - Terpidana kasus pembunuhan berencana, Ferdy Sambo dijatuhi vonis hukuman mati oleh majelis hakim pada Senin kemarin.

Sambo menambah satu lagi daftar jenderal yang dijatuhi hukuman mati di Indonesia.

Lantas kapan eksekusi Sambo bisa dilaksanakan?

Mungkin ini menjadi pertanyaan bagi publik Indonesia sekarang.

Juga bagaimana tahapan eksekusi mati itu dilakukan.

Seorang mantan algojo eksekutor narapidana dengan vonis mati menceritakan pengalamannya mengeksekusi para terpidana mati.

Tak banyak yang tahu tentang urutan eksekusi mati yang harus dilalui para terpidana.

Pemerintah Indonesia menetapkan lokasi eksekusi hukuman mati di kompleks penjara pulau Nusa Kambangan yang terletak di lepas pantai Cilacap, Jawa Tengah.

Hukuman mati di Indonesia sudah dijatuhkan pada beberapa terpidana kasus narkoba, bahkan sudah ada yang pada tahap eksekusi.

Penjara Pulau Nusa Kambangan dapat menampung lebih dari 1.500 narapidana, termasuk mereka yang ditahan karena perdagangan narkoba dan terorisme.

Penjara Pulau Nusa Kambangan yang memiliki keamanan tingkat tinggi, yang dikenal oleh penduduk setempat sebagai Pulau Hantu.

Tempat eksekusi hukuman mati bisa dilakukan di beberapa wilayah sepi yang ada di Pulau Nusa Kambangan.

Akan tetapi, tempat yang paling terkenal adalah Situs Nirbaya dan Limus Buntu.

Ada beberapa urutan untuk proses eksekusi para terpidana hukuman mati.

Para terpidana mati biasanya ditempatkan di ruang isolasi terlebih dahulu.

Sebelum memasuki sel isolasi, mereka akan diberitahu kapan mereka akan dieksekusi dan diminta untuk menentukan 'tiga permintaan terakhir'.

Menurut hukum Indonesia, narapidana harus diberitahu kapan eksekusi mereka akan terjadi setidaknya 72 jam sebelum eksekusi hukuman mati dilakukan.

Tugas dari eksekusi hukuman mati itu dilakukan oleh regu tembak yang berjumlah 12 orang.

Dikutip dari Intisari dan The Guardian, berikut urutan hukuman eksekusi mati, menurut mantan algojo.

1. Sebuah regu tembak berjumlah 12 orang yang terdiri atas penembak yang sangat terlatih dipilih, dengan dua orang tambahan siap siaga.

Mereka secara khusus yang dipilih memiliki usia 20-an, secara fisik dan mental juga harus cocok untuk tugas tersebut.

2. Para tahanan ditutup matanya dan kebanyakan mengarah ke salah satu dari dua bidang eksekusi, yakni Nirbaya atau Limus Buntu.

3. Narapidana diberikan pilihan untuk duduk, berdiri, atau berlutut sebelum dieksekusi.

4. Para penembak kemudian akan menembak secara bersamaan ke arah terpidana, membidik lurus ke jantungnya.

Mereka jarang menembak meleset karena sebelumnya diberikan pelatihan tambahan untuk mengasah keterampilan menembak.

Menurut beberapa sumber, hanya tiga senapan laras panjang yang diisi peluru, sementara sembilan senapan lain diisi peluru hampa.

5. Narapidana harus mati dalam satu menit.

6. Jika terpidana tidak langsung mati, seorang penembak dapat diminta untuk menembak kepala terpidana, tepat di atas telinganya.

Narator : Wa Ode Nurmin
Editor : Muhamad Asrul

(TRIBUN-TIMUR.COM)
Ingat SUBSCRIBE, SHARE dan tinggalkan jejak di kolom KOMENTAR.
Nonton konten viral lainnya di Youtube Channel:
Tribun Timur: http://bit.ly/tribuntimurmks
Update info terkini via: http://tribun-timur.com
Instagram Tribun Timur: http://bit.ly/IGTribunTimur
Twitter Tribun Timur: http://bit.ly/twitterTribunTimur
Facebook Tribun Timur: http://bit.ly/FBTribunTimurMks
YouTube Business Inquiries: 081347061237",2023-02-17T08:41:33Z,PT58S,177297,1780,0,29
lxMiGpaM3p8,UCKII0Ml9S5wneKbHswmUrIQ,CNN Indonesia,Viral Isu Ferdy Sambo Tidak Ditahan Di Lapas Salemba,"Viral di media sosial pernyataan pengacara, Alvin Lim dalam sebuah wawancara, yang menyebut mantan Kepala Divisi Profesi Dan Pengamanan Polri Ferdy Sambo, tidak pernah mendekam Di Lapas Salemba. Pernyataan Alvin Lim tersebut, dibantah oleh Kalapas Salemba.

======
Website: www.cnnindonesia.com
Facebook: https://m.facebook.com/CNNIndonesia/
Instagram: https://instagram.com/cnnindonesiatv
Twitter: https://twitter.com/cnniddaily
TikTok: https://www.tiktok.com/@cnnindonesia
Spotify: CNN Indonesia",2024-01-05T07:51:09Z,PT3M59S,163959,1230,0,872
zUB1u4wWpPE,UCu9g2ID__kol_6aqQJTn9kg,Tribun Pontianak,🔴 Lima Jenderal Polisi Ini Satu Suara Putuskan Pemecatan Irjen Ferdy Sambo #shorts #viral #trending,"Lima jenderal polisi sepakat teken pemecatan alias pemberhentian dengan tidak hormat Irjen Ferdy Sambo. Siapa saja mereka?

Seperti diberitakan, sidang Kode Etik Profesi Polri (KEPP) terhadap mantan Kadiv Propam Irjen Ferdy Sambo selesai telah digelar.

Ferdy Sambo akhirnya diputuskan dipecat dari Polri setelah 5 jenderal sepakat mendatangani keputusan sidang etik.

Siapa saja lima jenderal tersebut?

Kumpulan video menarik, unik, viral, hiburan, dunia selebriti, gaya hidup, sport dan peristiwa terkini untuk Anda.

Simak berita selengkapnya di http://pontianak.tribunnews.com/
Simak Video Viral lainnya https://www.youtube.com/c/TribunSingkawang1

#jenderal #polisi #ferdysambo #irjenferdysambo 

Follow us:

Instagram: https://www.instagram.com/tribunpontianak/
Facebook: https://www.facebook.com/TribunPontianakInteraktif/
Twitter: https://twitter.com/tribunpontianak
TikTok: tiktok.com/@tribunpontianak

Terima Kasih Telah Subscribe, Like, dan comment konten-konten menarik dari Kami.",2022-08-26T03:03:33Z,PT58S,158719,1186,0,12
itx6BZSiD-k,UCER4rvDnRBPr_ncYW4UCZjg,tvOneNews ,[FULL] Sidang Vonis Ferdy Sambo | Breaking News tvOne,"Breaking News, https://www.tvOnenews.com - [FULL] Sidang Vonis Ferdy Sambo | Breaking News tvOne

Breaking News, https://www.tvOnenews.com - Catat 13 Pertimbangan Hakim, Kamaruddin: Sambo Telah Ngeprank Semuanya | Breaking News tvOne

Majelis hakim Pengadilan Negeri (PN) Jakarta Selatan menjatuhkan vonis hukuman mati terhadap Ferdy Sambo atas kasus pembunuhan Brigadir , dalam sidang, Senin (13/2/2023).

""Menjatuhkan hukuman terdakwa dengan pidana mati,"" ujar ketua majelis hakim Wahyu Iman Santoso saat membacakan amar putusan di PN Jakarta Selatan, Senin (13/2/2023).

Hakim Ketua Sidang Ferdy Sambo di Pengadilan Negeri Jakarta Selatan (PN Jaksel), Wahyu Iman Santoso, menyatakan bahwa unsur perencanaan pembunuhan Brigadir Nofriansyah Yosua Hutabarat (Brigadir J) telah terpenuhi. 

""Unsur dengan rencana terlebih dahulu telah nyata terpenuhi,"" tutur Wahyu dalam sidang pembacaan putusan terhadap Ferdy Sambo di Pengadilan Negeri Jakarta Selatan, Jakarta, Senin (13/2/2023).

Hakim Wahyu menjelaskan bahwa perencanaan tersebut didasari rasa sakit hati Ferdy Sambo setelah mendengar aduan dari istrinya, Putri Candrawathi, mengenai pelecehan seksual yang ia alami.

Atas dasar tersebut, perencanaan pembunuhan pun dimulai setelah Ferdy Sambo mengetahui Ricky Rizal mengamankan senjata api HS milik Yosua. 

Wahyu menilai, hal lainnya yang menunjukkan bahwa Ferdy Sambo telah merencanakan pembunuhan terhadap Brigadir J perintah Ferdy Sambo kepada Richard Eliezer atau Bharada E untuk menambahkan peluru dalam senjatanya, serta meminta Eliezer untuk mengambil senjata HS milik Yosua dan memberikannya kepada Ferdy Sambo.

Dia juga meyakini terdakwa Ferdy Sambo turut menembak Yosua Hutabarat alias Brigadir J menggunakan sarung tangan hitam.

Sebelumnya, Ferdy Sambo dituntut hukuman penjara seumur hidup oleh jaksa penuntut umum (JPU).

Namun, ternyata vonis yang ditetapkan majelis hakim lebih berat dari tuntutan JPU.

Ferdy Sambo dinyatakan melanggar Pasal 340 subsider Pasal 338 juncto Pasal 55 ayat (1) ke-1 KUHP dan Pasal 49 juncto Pasal 33 UU Nomor 19/2016 tentang Perubahan atas UU Nomor 11/2008 tentang ITE juncto Pasal 55 ayat (1) ke-1 KUHP.

#ferdysambo #Brigadirj #vonismati

Saksikan live streaming tvOne hanya di https://www.tvonenews.com/live",2023-02-13T13:41:47Z,PT4H51M26S,153198,872,0,129
Pw-GJigca6I,UCoSkllfpgmFHtbVK835QaQg,Official iNews,Ferdy Sambo Divonis Hukuman Mati #Shorts,"Jakarta, 13 Februari 2023, dalam sidang putusan kasus pembunuhan berencana atas terdakwa Ferdy Sambo, Majelis Hakim Jakarta Selatan memutuskan menvonis Ferdy Sambo dengan hukuman maksimal hukuman mati setelah menolak semua pembelaan dari Ferdy Sambo dan tim kuasa hukum terdakwa baik di persidangan maupun saat pleidoi. AFR

#iNews #News #SidangPutusan #FerdySambo #Yosua #Eliezer",2023-02-13T08:50:36Z,PT59S,152304,3399,0,259
iGlliKlZhZU,UCD4mYEJsyoMWsZsXApoJnzw,TribunJakarta Official,"Tribrata Ditemani Kursi Kosong Bertulis Ferdy Sambo di Kelulusan, Sikap Orangtua Murid Lain Terkuak","TRIBUN-VIDEO.COM - Putra Ferdy Sambo dan Putri Candrawathi, Tribrata Putra Sambo lulus dari SMA Taruna Nusantara Magelang pada Sabtu, 6 Mei 2023.

Beda dari murid lain yang ditemani orangtua, Tribrata nyatanya hanya didampingi dua kursi kosong.

Kursi kosong berbalut kain putih tersebut bertuliskan nama Ferdy Sambo dan Putri Candrawathi.

Di atas kursi kosong tersebut ada sebuah goodie bag warna biru.

Goodie bag tersebut masih rapi tak tersentuh. Hal itu menandakan si empunya kursi tidak hadir.

Ferdy Sambo dan Putri Candrawathi tidak bisa hadir di momen kelulusan Tribarta.

Mengingat saat ini keduanya tengah menjalani hukuman berat terkait kasus pembunuhan Brigadir J.

Sekedar informasi, Ferdy Sambo divonis mati, sementara Putri Candrawathi 20 tahun penjara.

Keduanya tidak mendapatkan izin untuk menghadiri kelulusan Tribrata.

Momen mengharukan tersebut terekam di video yang diunggah oleh akun TikTok @boxx.sambo pada Rabu, 10 Mei 2023.

""Ada yang buat sedih di hari kelulusan Mas Brata.

Di mana bapak dan ibu tidak bisa hadir di hari kelulusan Mas Brata.

Hanya sebuah nama,"" tulis keterangan video.

Kesedihan tentu dirasakan Tribrata Putra mendapati kedua orang tuanya tak bisa datang di hari kelulusan.

Meski begitu, di video tersebut ia terlihat tegar.

Pantauan TribunJakarta beberapa orang tua murid yang lain tampak menghampiri Tribrata.

Mereka memberikan ucapan selamat kepada Tribrata.

Beberapa orang tua murid bahkan tampak mengajak Tribrata berfoto.

Mereka lalu mengelus pundaknya Tribrata seolah memberikan semangat untuk pemuda tersebut.

""Tetapi ada orang tua siswa yang mengajak Mas Brata untuk ikut foto.

Layaknya anak yang lain di hari kelulusan foto bersama orang tuanya.

Orang tua siswa memberi support ke Mas Brata dan mengajak Mas Brata foto bersama lagi,"" lanjutnya.

Sejumlah netizen kemudian tampak memberikan komentar pada postingan tersebut.

Banyak yang memahami sedihnya sendirian di momen kelulusan.

Tak sedikit pula yang memberi support kepada Tribrata Putra.

@jayyy - hari kelulusan tanpa kehadiran wali itu sakit banget woee pliss

@Dera 53 - anaknya kan gak salah

@i will always love u. - anaknya ga salah, semangat terus mas brataa GBU

@kartikawidya695 - anak-anaknya gak salah tetap semangat buat putra putri Pak Sambo doa terbaik buat kalian

@Ronny_sita - Tuhan menjagamu, menyertaimu slalu Mas Brata, tuk gapai cita cita mu.

SMA Taruna Nusantara yang berbasis semi-militer ini dikenal sebagai sekolah yang telah banyak menghasilkan TNI dan Polri unggulan melalui jalur pendidikan Akademi Kepolisian dan Akademi TNI.

Dengan menyekolahkan Tribrata Putra ke sekolah tersebut, Ferdy Sambo sepertinya ingin sang anak melanjutkan jejaknya di kepolisian.

Tribrata Putra merupakan anak ketiga Ferdy Sambo dan Putri Candrawathi dari empat bersaudara.

Sang putri sulung Trisha Eungelica, kedua Trishanna Datia, ketiga Tribrata Putra, dan si bungsu Triardana Arka.

Artikel ini telah tayang di TribunJakarta.com dengan judul Tribrata Ditemani Kursi Kosong Bertulis Ferdy Sambo di Kelulusan, Sikap Orangtua Murid Lain Terkuak, https://jakarta.tribunnews.com/2023/05/11/tribrata-ditemani-kursi-kosong-bertulis-ferdy-sambo-di-kelulusan-sikap-orangtua-murid-lain-terkuak?page=all.
Penulis: Rr Dewi Kartika H | Editor: Yogi Jakarta",2023-05-11T11:24:58Z,PT50S,173335,1437,0,148
Lg4dpAsxBK4,UCER4rvDnRBPr_ncYW4UCZjg,tvOneNews ,Perjalanan Karir Ferdy Sambo hingga Menjadi Tersangka Pembunuhan | Kabar Pagi tvOne,"Jakarta, https://www.tvOnenews.com - Perjalanan Karir Ferdy Sambo hingga Menjadi Tersangka Pembunuhan | Kabar Pagi tvOne

Karir moncer, mantan Kadiv Propam Polri Irjen Pol Ferdy Sambo terancam tamat setelah ia resmi ditetapkan sebagai tersangka kasus pembunuhan terhadap Brigadir Noviansyah Yosua Hutabarat.  Jenderal bintang dua tersebut pernah menangani sejumlah kasus besar diantaranya bom Sarina,  kasus kebakaran gedung Kejaksaan Agung, hingga insiden di tol Jakarta-Cikampek yang menewaskan enam anggota FPI.

Saksikan live streaming tvOne hanya di https://www.tvonenews.com/live",2022-08-11T02:29:55Z,PT3M23S,139985,976,0,393
s46Xb7yN74k,UC1QpnGo11epfexw1bIiTHTg,Liputan6,Benny DPR Cecar Calon Hakim Agung Pernah Vonis Mati Ferdy Sambo | Liputan6,"Liputan6 - Benny DPR Cecar Calon Hakim Agung Pernah Vonis Mati Ferdy Sambo | Liputan6

Komisi III DPR melakukan fit and proper tes calon hakim agung dan hakim ad hoc di Mahkamah Agung tahun 2025, pada Kamis (11/9).

Hakim Pengadilan Tinggi Banjarmasin Alimin Ribut Sujono dicecar anggota Komisi III Benny K Harman. Alimin ditanya pandangannya soal pidana mati.  


Update video lainnya dari SCTV dan Liputan 6, klik: https://www.vidio.com/@sctv

Simak konten Liputan 6 lainnya di https://www.youtube.com/channel/UC1QpnGo11epfexw1bIiTHTg/videos

Perbaharui informasi dari sejumlah daerah di Indonesia, klik: https://www.youtube.com/@Liputan6Daerah

Liputan 6 SCTV adalah program berita televisi nasional yang berada di bawah naungan Elang Mahkota Teknologi (Emtek) Group. Liputan 6 SCTV juga menyajikan informasi dalam bentuk live report dan breaking news. Tayang siaran langsung, setiap hari di saluran tv SCTV pada program Liputan 6 Pagi, Liputan 6 Siang, Liputan 6 Petang Terkini, dan Liputan 6 Malam.

Ikuti media sosial Liputan 6 SCTV untuk mendapatkan informasi Aktual, Tajam, Terpercaya. 

Liputan 6 SCTV Official Instagram: https://www.instagram.com/liputan6.sctv/
Liputan 6 SCTV Official Tiktok: https://www.tiktok.com/@liputan6.sctv
Liputan 6 SCTV Official Facebook : https://www.facebook.com/Liputan6SCTV
SCTV Facebook Fanpage: https://www.facebook.com/SCTV
SCTV Official Twitter: https://twitter.com/SCTV

#newssctv #liputan6pagi #liputan6sctv #liputan6siang #liputan6 #liputan6daerah #viral #liputan6bandung #liputan6semarang #berita #beritabola #beritabolaterbaru #beritaterkini #beritaterbaru #beritaviral #beritahariini #beritaupdate #beritaterbaruhariini #beritapolitik #berandafypシ #beranda #berandayoutube #berandayt",2025-09-11T09:10:53Z,PT12M59S,139499,728,0,1206
NoYDVQqJfvc,UCr7nwF05Z0uJY66U73IcK-A,Mas Bejos,Rumah Ferdy Sambo Terbengkalai #shorts,Beginilah Rumah Ferdy Sambo Terbengkalai sekarang ini. Simak suasana lokasi penembakan yang dulu sangat terkenal dalam video shorts berikut.,2025-01-12T02:29:46Z,PT43S,143508,993,0,24
FvTNAT38vxs,UCmxAIW7RDDC88EPk4ry16Kg,Tribunnews,"DPR Coret Hakim yang Beri Vonis Mati Ferdy Sambo dari Calon Hakim Agung, Banjir Kritik Warganet","Baca Selengkapnya di https://video.tribunnews.com/news/868875/dpr-coret-hakim-yang-beri-vonis-mati-ferdy-sambo-dari-calon-hakim-agung-banjir-kritik-warganet

Download aplikasi berita TribunX di Play Store atau App Store untuk dapatkan pengalaman baru

TRIBUN-VIDEO.COM - DPR mencoret hakim yang menjatuhkan vonis mati Ferdy Sambo dari calon Hakim Agung.

Ia adalah Alimin Ribut Sujono, Hakim Tinggi Pengadilan Banjarmasin.

Palu Keputusan diketok oleh Ketua Komisi III DPR RI, Habiburokhman dalam rapat di Kompleks Parlemen Senayan Jakarta pada Selasa (16/9/2025). (Tribun-Video.com)

Program: Tribunnews Update
Host: Nila Irda
Editor: Dedhi Ajib Ramadhani
Uploader: Panji Anggoro Putro",2025-09-18T10:23:54Z,PT6S,454656,967,0,481
oULiC1NC_GI,UC5BMIWZe9isJXLZZWPWvBlg,KOMPASTV,Persiapan Regu Penembak Jitu Untuk Eksekusi Ferdy Sambo | NEWS OR HOAX,"Beredar sebuah video yang memperlihatkan latihan regu penembak jitu yang diklaim sebagai regu penembak yang disiapkan untuk mengeksekusi mati mantan Kepala Divisi Profesi dan Pengamanan Polisi Republik Indonesia, Ferdy Sambo.

Namun setelah ditelusuri, video tersebut berasal dari salah satu stasiun televisi yang diketahui dengan adanya logo program dalam video tersebut.

Selain itu terdapat pula video serupa yang telah diunggah di YouTube pada 17 Januari 2015 dengan judul ""6 Regu Tembak Disiapkan untuk Ekeskusi Mati"".

Dalam video pembawa berita mengatakan bahwa enam regu tembak tersebut disiapkan untuk eksekusi pada 17 Januari 2015.

Dilansir dari BBC Indonesia, terdapat enam terpidana mati kasus narkoba yang dieksekusi di Nusakambangan dan Boyolali pada Minggu, 18 Januari 2015. 

Oleh sebab itu, video dengan narasi yang mengklaim persiapan regu penembak untuk eksekusi mantan Kadiv Propam Polri, Ferdy Sambo dapat dikatakan tidak benar alias hoax.

Artikel ini bisa dilihat di :  https://www.kompas.tv/article/382423/persiapan-regu-penembak-jitu-untuk-eksekusi-ferdy-sambo-news-or-hoax",2023-02-26T10:31:21Z,PT1M52S,135574,385,0,126
-7_ZNX4d5-E,UC0sHaomxzMVLd26tIXe7NQA,LINTAS INDONESIA,Ferdy Sambo Bebas❓️Ahirnya Terbongkar Ternyata Begini Kondisi Sel Tahanan Sambo,#ferdysambo #brigadirj #ferdysambodanbrigadirj #ferdysambotersangka #sidangkasusbrigadirj #sidangkasussambo #sidangsambo #putricandrawathi #polisi #bharadae,2023-01-22T04:42:50Z,PT3M36S,190024,1405,0,446
ovp1iTOgIXE,UC1-w7r-SV7iw2w2-NOrI5Uw,Poros Jakarta,🔴 Ferdy Sambo Divonis Hukuman Mati,"Mantan Kepala Divisi Propam Polri Ferdy Sambo divonis pidana mati. Majelis hakim Pengadilan Negeri (PN) Jakarta Selatan menilai Sambo terbukti melakukan tindak pidana pembunuhan berencana terhadap Nofriansyah Yosua Hutabarat alias Brigadir J.

🔴 Ferdy Sambo Divonis Hukuman Mati 

""Menjatuhkan hukuman terdakwa dengan pidana mati,"" ujar ketua majelis hakim Wahyu Iman Santoso saat membacakan amar putusan di PN Jakarta Selatan, Senin (13/2/2023).

-'-----------------------
Tag:
short video, shorts video, short video ferdy sambo, short video sambo, 
short video brigadir j, short video putri candrawathi, ferdy sambo, kasus ferdy sambo, brigadir j, nofriansyah yosua hutabarat, polisi tembak polisi, sidang ferdy sambo, sidang vonis ferdy sambo, hukuman mati sambo, ferdy sambo divonis pidana mati, vonis sambo, ferdy sambo terbaru hari ini, brigadir josua hutabarat, 
brigadir j terbaru hari ini, hukuman putri candrawathi, vonis putri candrawathi, putri candrawathi divonis 20 tahun, poros jakarta, porosjakarta, 

#shortvideo  #sambo #ferdysambo #ferdysambodanbrigadirj #vonissambo #sidangsambo",2023-02-14T04:02:11Z,PT57S,188396,1616,0,15
1XIKOCXvIzo,UCdOovgmIPfj9a-o3VP5i2_g,MerdekaDotCom,INTIP GAJI FERDY SAMBO saat jabat Kadiv Propam Pangkat Inspektur Jenderal Polisi #merdekadotcom,,2022-08-11T10:29:15Z,PT1M1S,188401,1572,0,68
-Pcc1aqPP_0,UCKII0Ml9S5wneKbHswmUrIQ,CNN Indonesia,LIVE! Sidang Kasus Ferdy Sambo: Pemeriksaan Saksi Ahli,"Dalam sidang kasus pembunuhan Brigadir J alias Yosua Hutabarat dengan terdakwa Ferdy Sambo kali ini sederet saksi ahli dimintai keterangan. Para saksi ahli ini antara lain:

1. Febrianti Ar-Rosyid, ahli puslabfor 

2. Sirajul Umam ahli biologi forensik

3. Fira Sania ahli DNA 

4. Arid Sumirat ahli balistik 

5. Heri Priyanto ahli digital forensik

Website: www.cnnindonesia.com
Facebook: https://m.facebook.com/CNNIndonesia/
Instagram: https://instagram.com/cnnindonesiatv
Twitter: https://twitter.com/cnniddaily
TikTok: https://www.tiktok.com/@cnnindonesia
Spotify: CNN Indonesia",2022-12-14T06:54:33Z,PT4H40M11S,180492,1131,0,107
ZPBhKe6ljr4,UCmxAIW7RDDC88EPk4ry16Kg,Tribunnews,"Beredar Video Anak Ferdy Sambo Dikawal Ajudan saat Jenguk Orangtuanya, Sosok Polisi Brewok Bertato","BACA SELENGKAPNYA https://video.tribunnews.com/view/491169/beredar-video-anak-ferdy-sambo-dikawal-ajudan-saat-jenguk-orangtuanya-sosok-polisi-brewok-bertato

TRIBUN-VIDEO.COM - Sebuah video yang diduga potret anak dari Ferdy Sambo kala menjenguk Eks Kadiv Propam Polri tersebut beredar.

Namun momen itu lantas menjadi sorotan lantaran anak perempuan Putri Candrawathi dan Ferdy Sambo itu tampak masih dikawal oleh ajudan,

Ajudan yang mengawal putri Sambo itu diketahui diduga merupakan Bripka Mathius Marey.

Host: Nila Irda
Video Production: Adam Sukmana

#beritaterbaru #beritaterkini #beritaviral #anaksambo
#ferdysambo #putricandrawathi",2022-11-11T05:16:44Z,PT3M,178225,959,0,1299
mGk2DiR6qpg,UC1VBOObpFMoqduxFdzJrnvA,Tribun Jogja Official,"Rekaman CCTV Terungkap, Irjen Ferdy Sambo Diduga Ada di Sekitar Lokasi Kejadian","Rekaman CCTV Terungkap, Irjen Ferdy Sambo Diduga Ada di Sekitar Lokasi Kejadian


Pasca pihak kepolisian mengungkap rekaman CCTV , keberadaan Irjen Ferdy Sambo kini dipertanyakan.

Sebelumnya polisi mengungkap rekaman CCTV yang ada di sejumlah titik termasuk di rumah Irjen Ferdy Sambo .

Diketahui CCTV tersebut berasal dari Umah Saguling III.

Dalam rekaman tersebut, diketahui rombongan pulang dari Magelang pukul 15.30 WIB.

Sumber : Tribunnews

Editor video : Bhayu Ramanditya
Narator : Prisca Ruri
Editor Naskah : Bramasto Adhy
Produser : Ribut Raharjo
(bhy)


#tribunjogjanews #FerdySambo #RekamanCCTV",2022-07-27T17:48:29Z,PT1M49S,175805,653,0,385
z77vop0RztQ,UCD4mYEJsyoMWsZsXApoJnzw,TribunJakarta Official,"Jokowi Bicara Ferdy Sambo di Depan Pejabat Polisi Se-Indonesia, Tak Singgung Tragedi Kanjuruhan","TRIBUN-VIDEO.COM - Presiden Jokowi mengumpulkan ratusan pejabat polisi dari tingkat Kapolres, Kapolda hingga pejabat tinggi Mabes di Istana Negara, Jakarta, pada Jumat (14/10/2022).

Kendati pemanggilan para petinggi Polri itu terjadi di tengah suasana duka meninggalnya 132 nyawa Tragedi Kanjuruhan, namun isu tersebut tidak disinggung sama sekali.

Sejak awal, Jokowi langsung menitikberatkan arahannya tentang kondisi kepercayaan masyarakat terhadap Polri yang terjun bebas.

Setelah mengapresiasi Polri tentang kinerjanya dalam vaksinasi Covid-19 di masa pandemi, Jokowi berubah masam saat bicara soal Ferdy Sambo.

Menurut orang nomor satu di Indonesia itu, Polri sempat menyandang institusi hukum paling dipercaya masyarakat.

Hal itu saat Korps Bhayangkara terjun langsung membantu masyarakat kala pandemi Covid-19.

Namun citra baik Polri dirusak oleh kasus Ferdy Sambo.

Polisi yang saat itu menjabat Kadiv Propam dengan pangkat Irjen, namun tega menghabisi nyawa ajudannya sendiri, Nofriansyah Yosua Hutabarat alias Brigadir J.

""Pertama-tama Saya ingin menyampaikan penghargaan dan apresiasi yang tinggi atas kerja keras Polri beserta seluruh jajaran TNI, jajaran pemerintah dan seluruh komponen masyarakat dalam menangani covid.""

""itu dilihat masyarakat, dan itu juga saya lihat dan saya rasakan, kerja keras itu. Dan hasilnya juga sangat signifikan. Sampai hari ini, yang mendorong paling kuat memang dari Polri, telah 440 juta dosis vaksin yang telah disuntikkan kepada masyarakat dan hasilnya pandemi covid mereda, dan hasilnya ekonomi kita bisa tumbuh 5,44 persen dan hasilnya indeks kepercayaan masyarakat juga menempatkan Polri di puncak teratas pada saat itu.""

""Tetapi begitu ada peristiwa FS (Ferdy Sambo) runyam semuanya dan jatuh ke angka yang paling rendah,"" kata Jokowi kepada pejabat polisi yang videonya diunggah Youtube Sekretariat Presiden, Sabtu (15/10/2022).

Jokowi menekankan, Polri harus bisa meraih kepercayaan masyarakat kembali.

(*)

Artikel ini telah tayang di TribunJakarta.com dengan judul Tak Singgung Tragedi Kanjuruhan, Jokowi Bicara Ferdy Sambo di Depan Pejabat Polisi Se-Indonesia, https://jakarta.tribunnews.com/2022/10/15/tak-singgung-tragedi-kanjuruhan-jokowi-bicara-ferdy-sambo-di-depan-pejabat-polisi-se-indonesia?page=all.",2022-10-15T10:08:51Z,PT49S,173021,2557,0,187
arXRdU5SxFI,UCAMpZJJNQPZ6q7ZYKJV1igQ,Nusantara TV,[FULL] Benny DPR Soroti Alasan Calon Hakim Agung Beri Vonis Mati Ferdy Sambo | NTV,"https://nusantaratv.com/ - [FULL] Benny DPR Soroti Alasan Calon Hakim Agung Beri Vonis Mati Ferdy Sambo | NTV

Anggota Komisi III DPR RI Benny K Harman mencecar calon hakim agung Alimin Ribut Sujono terkait vonis hukuman mati yang diberikan kepada terdakwa Ferdy Sambo. Benny mempertanyakan alasan Alimin memberikan vonis hukuman mati kepada Sambo. Hal itu disampaikan Benny dalam fit and proper test calon hakim agung dan calon hakim ad hoc HAM di MA yang digelar Komisi III DPR, di kompleks parlemen, Senayan, Jakarta, Kamis (11/9/2025).

#bennykharman #ferdysambo #hakimagung #nusantaratv

DKANTV

Saksikan live streaming Nusantara TV hanya di https://nusantaratv.com/live
Dan follow akun media sosial Nusantara TV untuk mendapatkan beragam informasi terkini:

Facebook: https://www.facebook.com/nusantaratv
Instagram: https://www.instagram.com/officialnusantaratv
Tiktok: https://www.tiktok.com/@nusantaratvofficial
X: https://x.com/officialntv_
Website: https://nusantaratv.com/",2025-09-11T14:30:03Z,PT12M57S,181054,1113,0,1923
wFwndpPdsGE,UCgkqlHkZPSKQ5hMEA2KtsLg,tribuntimur com,"SHORT | Ferdy Sambo Divonis Mati, Bagaimana Tahapan Eksekusi Mati bagi Terpidana?","#tribuntimurcom #ferdysambo #shorts 

TRIBUN-TIMUR.COM - Terpidana kasus pembunuhan berencana, Ferdy Sambo dijatuhi vonis hukuman mati oleh majelis hakim pada Senin kemarin.

Sambo menambah satu lagi daftar jenderal yang dijatuhi hukuman mati di Indonesia.

Lantas kapan eksekusi Sambo bisa dilaksanakan?

Mungkin ini menjadi pertanyaan bagi publik Indonesia sekarang.

Juga bagaimana tahapan eksekusi mati itu dilakukan.

Seorang mantan algojo eksekutor narapidana dengan vonis mati menceritakan pengalamannya mengeksekusi para terpidana mati.

Tak banyak yang tahu tentang urutan eksekusi mati yang harus dilalui para terpidana.

Pemerintah Indonesia menetapkan lokasi eksekusi hukuman mati di kompleks penjara pulau Nusa Kambangan yang terletak di lepas pantai Cilacap, Jawa Tengah.

Hukuman mati di Indonesia sudah dijatuhkan pada beberapa terpidana kasus narkoba, bahkan sudah ada yang pada tahap eksekusi.

Penjara Pulau Nusa Kambangan dapat menampung lebih dari 1.500 narapidana, termasuk mereka yang ditahan karena perdagangan narkoba dan terorisme.

Penjara Pulau Nusa Kambangan yang memiliki keamanan tingkat tinggi, yang dikenal oleh penduduk setempat sebagai Pulau Hantu.

Tempat eksekusi hukuman mati bisa dilakukan di beberapa wilayah sepi yang ada di Pulau Nusa Kambangan.

Akan tetapi, tempat yang paling terkenal adalah Situs Nirbaya dan Limus Buntu.

Ada beberapa urutan untuk proses eksekusi para terpidana hukuman mati.

Para terpidana mati biasanya ditempatkan di ruang isolasi terlebih dahulu.

Sebelum memasuki sel isolasi, mereka akan diberitahu kapan mereka akan dieksekusi dan diminta untuk menentukan 'tiga permintaan terakhir'.

Menurut hukum Indonesia, narapidana harus diberitahu kapan eksekusi mereka akan terjadi setidaknya 72 jam sebelum eksekusi hukuman mati dilakukan.

Tugas dari eksekusi hukuman mati itu dilakukan oleh regu tembak yang berjumlah 12 orang.

Dikutip dari Intisari dan The Guardian, berikut urutan hukuman eksekusi mati, menurut mantan algojo.

1. Sebuah regu tembak berjumlah 12 orang yang terdiri atas penembak yang sangat terlatih dipilih, dengan dua orang tambahan siap siaga.

Mereka secara khusus yang dipilih memiliki usia 20-an, secara fisik dan mental juga harus cocok untuk tugas tersebut.

2. Para tahanan ditutup matanya dan kebanyakan mengarah ke salah satu dari dua bidang eksekusi, yakni Nirbaya atau Limus Buntu.

3. Narapidana diberikan pilihan untuk duduk, berdiri, atau berlutut sebelum dieksekusi.

4. Para penembak kemudian akan menembak secara bersamaan ke arah terpidana, membidik lurus ke jantungnya.

Mereka jarang menembak meleset karena sebelumnya diberikan pelatihan tambahan untuk mengasah keterampilan menembak.

Menurut beberapa sumber, hanya tiga senapan laras panjang yang diisi peluru, sementara sembilan senapan lain diisi peluru hampa.

5. Narapidana harus mati dalam satu menit.

6. Jika terpidana tidak langsung mati, seorang penembak dapat diminta untuk menembak kepala terpidana, tepat di atas telinganya.

Narator : Wa Ode Nurmin
Editor : Muhamad Asrul

(TRIBUN-TIMUR.COM)
Ingat SUBSCRIBE, SHARE dan tinggalkan jejak di kolom KOMENTAR.
Nonton konten viral lainnya di Youtube Channel:
Tribun Timur: http://bit.ly/tribuntimurmks
Update info terkini via: http://tribun-timur.com
Instagram Tribun Timur: http://bit.ly/IGTribunTimur
Twitter Tribun Timur: http://bit.ly/twitterTribunTimur
Facebook Tribun Timur: http://bit.ly/FBTribunTimurMks
YouTube Business Inquiries: 081347061237",2023-02-17T08:41:33Z,PT58S,177297,1780,0,29
lxMiGpaM3p8,UCKII0Ml9S5wneKbHswmUrIQ,CNN Indonesia,Viral Isu Ferdy Sambo Tidak Ditahan Di Lapas Salemba,"Viral di media sosial pernyataan pengacara, Alvin Lim dalam sebuah wawancara, yang menyebut mantan Kepala Divisi Profesi Dan Pengamanan Polri Ferdy Sambo, tidak pernah mendekam Di Lapas Salemba. Pernyataan Alvin Lim tersebut, dibantah oleh Kalapas Salemba.

======
Website: www.cnnindonesia.com
Facebook: https://m.facebook.com/CNNIndonesia/
Instagram: https://instagram.com/cnnindonesiatv
Twitter: https://twitter.com/cnniddaily
TikTok: https://www.tiktok.com/@cnnindonesia
Spotify: CNN Indonesia",2024-01-05T07:51:09Z,PT3M59S,163959,1230,0,872
zUB1u4wWpPE,UCu9g2ID__kol_6aqQJTn9kg,Tribun Pontianak,🔴 Lima Jenderal Polisi Ini Satu Suara Putuskan Pemecatan Irjen Ferdy Sambo #shorts #viral #trending,"Lima jenderal polisi sepakat teken pemecatan alias pemberhentian dengan tidak hormat Irjen Ferdy Sambo. Siapa saja mereka?

Seperti diberitakan, sidang Kode Etik Profesi Polri (KEPP) terhadap mantan Kadiv Propam Irjen Ferdy Sambo selesai telah digelar.

Ferdy Sambo akhirnya diputuskan dipecat dari Polri setelah 5 jenderal sepakat mendatangani keputusan sidang etik.

Siapa saja lima jenderal tersebut?

Kumpulan video menarik, unik, viral, hiburan, dunia selebriti, gaya hidup, sport dan peristiwa terkini untuk Anda.

Simak berita selengkapnya di http://pontianak.tribunnews.com/
Simak Video Viral lainnya https://www.youtube.com/c/TribunSingkawang1

#jenderal #polisi #ferdysambo #irjenferdysambo 

Follow us:

Instagram: https://www.instagram.com/tribunpontianak/
Facebook: https://www.facebook.com/TribunPontianakInteraktif/
Twitter: https://twitter.com/tribunpontianak
TikTok: tiktok.com/@tribunpontianak

Terima Kasih Telah Subscribe, Like, dan comment konten-konten menarik dari Kami.",2022-08-26T03:03:33Z,PT58S,158719,1186,0,12
itx6BZSiD-k,UCER4rvDnRBPr_ncYW4UCZjg,tvOneNews ,[FULL] Sidang Vonis Ferdy Sambo | Breaking News tvOne,"Breaking News, https://www.tvOnenews.com - [FULL] Sidang Vonis Ferdy Sambo | Breaking News tvOne

Breaking News, https://www.tvOnenews.com - Catat 13 Pertimbangan Hakim, Kamaruddin: Sambo Telah Ngeprank Semuanya | Breaking News tvOne

Majelis hakim Pengadilan Negeri (PN) Jakarta Selatan menjatuhkan vonis hukuman mati terhadap Ferdy Sambo atas kasus pembunuhan Brigadir , dalam sidang, Senin (13/2/2023).

""Menjatuhkan hukuman terdakwa dengan pidana mati,"" ujar ketua majelis hakim Wahyu Iman Santoso saat membacakan amar putusan di PN Jakarta Selatan, Senin (13/2/2023).

Hakim Ketua Sidang Ferdy Sambo di Pengadilan Negeri Jakarta Selatan (PN Jaksel), Wahyu Iman Santoso, menyatakan bahwa unsur perencanaan pembunuhan Brigadir Nofriansyah Yosua Hutabarat (Brigadir J) telah terpenuhi. 

""Unsur dengan rencana terlebih dahulu telah nyata terpenuhi,"" tutur Wahyu dalam sidang pembacaan putusan terhadap Ferdy Sambo di Pengadilan Negeri Jakarta Selatan, Jakarta, Senin (13/2/2023).

Hakim Wahyu menjelaskan bahwa perencanaan tersebut didasari rasa sakit hati Ferdy Sambo setelah mendengar aduan dari istrinya, Putri Candrawathi, mengenai pelecehan seksual yang ia alami.

Atas dasar tersebut, perencanaan pembunuhan pun dimulai setelah Ferdy Sambo mengetahui Ricky Rizal mengamankan senjata api HS milik Yosua. 

Wahyu menilai, hal lainnya yang menunjukkan bahwa Ferdy Sambo telah merencanakan pembunuhan terhadap Brigadir J perintah Ferdy Sambo kepada Richard Eliezer atau Bharada E untuk menambahkan peluru dalam senjatanya, serta meminta Eliezer untuk mengambil senjata HS milik Yosua dan memberikannya kepada Ferdy Sambo.

Dia juga meyakini terdakwa Ferdy Sambo turut menembak Yosua Hutabarat alias Brigadir J menggunakan sarung tangan hitam.

Sebelumnya, Ferdy Sambo dituntut hukuman penjara seumur hidup oleh jaksa penuntut umum (JPU).

Namun, ternyata vonis yang ditetapkan majelis hakim lebih berat dari tuntutan JPU.

Ferdy Sambo dinyatakan melanggar Pasal 340 subsider Pasal 338 juncto Pasal 55 ayat (1) ke-1 KUHP dan Pasal 49 juncto Pasal 33 UU Nomor 19/2016 tentang Perubahan atas UU Nomor 11/2008 tentang ITE juncto Pasal 55 ayat (1) ke-1 KUHP.

#ferdysambo #Brigadirj #vonismati

Saksikan live streaming tvOne hanya di https://www.tvonenews.com/live",2023-02-13T13:41:47Z,PT4H51M26S,153198,872,0,129
Pw-GJigca6I,UCoSkllfpgmFHtbVK835QaQg,Official iNews,Ferdy Sambo Divonis Hukuman Mati #Shorts,"Jakarta, 13 Februari 2023, dalam sidang putusan kasus pembunuhan berencana atas terdakwa Ferdy Sambo, Majelis Hakim Jakarta Selatan memutuskan menvonis Ferdy Sambo dengan hukuman maksimal hukuman mati setelah menolak semua pembelaan dari Ferdy Sambo dan tim kuasa hukum terdakwa baik di persidangan maupun saat pleidoi. AFR

#iNews #News #SidangPutusan #FerdySambo #Yosua #Eliezer",2023-02-13T08:50:36Z,PT59S,152304,3399,0,259
iGlliKlZhZU,UCD4mYEJsyoMWsZsXApoJnzw,TribunJakarta Official,"Tribrata Ditemani Kursi Kosong Bertulis Ferdy Sambo di Kelulusan, Sikap Orangtua Murid Lain Terkuak","TRIBUN-VIDEO.COM - Putra Ferdy Sambo dan Putri Candrawathi, Tribrata Putra Sambo lulus dari SMA Taruna Nusantara Magelang pada Sabtu, 6 Mei 2023.

Beda dari murid lain yang ditemani orangtua, Tribrata nyatanya hanya didampingi dua kursi kosong.

Kursi kosong berbalut kain putih tersebut bertuliskan nama Ferdy Sambo dan Putri Candrawathi.

Di atas kursi kosong tersebut ada sebuah goodie bag warna biru.

Goodie bag tersebut masih rapi tak tersentuh. Hal itu menandakan si empunya kursi tidak hadir.

Ferdy Sambo dan Putri Candrawathi tidak bisa hadir di momen kelulusan Tribarta.

Mengingat saat ini keduanya tengah menjalani hukuman berat terkait kasus pembunuhan Brigadir J.

Sekedar informasi, Ferdy Sambo divonis mati, sementara Putri Candrawathi 20 tahun penjara.

Keduanya tidak mendapatkan izin untuk menghadiri kelulusan Tribrata.

Momen mengharukan tersebut terekam di video yang diunggah oleh akun TikTok @boxx.sambo pada Rabu, 10 Mei 2023.

""Ada yang buat sedih di hari kelulusan Mas Brata.

Di mana bapak dan ibu tidak bisa hadir di hari kelulusan Mas Brata.

Hanya sebuah nama,"" tulis keterangan video.

Kesedihan tentu dirasakan Tribrata Putra mendapati kedua orang tuanya tak bisa datang di hari kelulusan.

Meski begitu, di video tersebut ia terlihat tegar.

Pantauan TribunJakarta beberapa orang tua murid yang lain tampak menghampiri Tribrata.

Mereka memberikan ucapan selamat kepada Tribrata.

Beberapa orang tua murid bahkan tampak mengajak Tribrata berfoto.

Mereka lalu mengelus pundaknya Tribrata seolah memberikan semangat untuk pemuda tersebut.

""Tetapi ada orang tua siswa yang mengajak Mas Brata untuk ikut foto.

Layaknya anak yang lain di hari kelulusan foto bersama orang tuanya.

Orang tua siswa memberi support ke Mas Brata dan mengajak Mas Brata foto bersama lagi,"" lanjutnya.

Sejumlah netizen kemudian tampak memberikan komentar pada postingan tersebut.

Banyak yang memahami sedihnya sendirian di momen kelulusan.

Tak sedikit pula yang memberi support kepada Tribrata Putra.

@jayyy - hari kelulusan tanpa kehadiran wali itu sakit banget woee pliss

@Dera 53 - anaknya kan gak salah

@i will always love u. - anaknya ga salah, semangat terus mas brataa GBU

@kartikawidya695 - anak-anaknya gak salah tetap semangat buat putra putri Pak Sambo doa terbaik buat kalian

@Ronny_sita - Tuhan menjagamu, menyertaimu slalu Mas Brata, tuk gapai cita cita mu.

SMA Taruna Nusantara yang berbasis semi-militer ini dikenal sebagai sekolah yang telah banyak menghasilkan TNI dan Polri unggulan melalui jalur pendidikan Akademi Kepolisian dan Akademi TNI.

Dengan menyekolahkan Tribrata Putra ke sekolah tersebut, Ferdy Sambo sepertinya ingin sang anak melanjutkan jejaknya di kepolisian.

Tribrata Putra merupakan anak ketiga Ferdy Sambo dan Putri Candrawathi dari empat bersaudara.

Sang putri sulung Trisha Eungelica, kedua Trishanna Datia, ketiga Tribrata Putra, dan si bungsu Triardana Arka.

Artikel ini telah tayang di TribunJakarta.com dengan judul Tribrata Ditemani Kursi Kosong Bertulis Ferdy Sambo di Kelulusan, Sikap Orangtua Murid Lain Terkuak, https://jakarta.tribunnews.com/2023/05/11/tribrata-ditemani-kursi-kosong-bertulis-ferdy-sambo-di-kelulusan-sikap-orangtua-murid-lain-terkuak?page=all.
Penulis: Rr Dewi Kartika H | Editor: Yogi Jakarta",2023-05-11T11:24:58Z,PT50S,173335,1437,0,148
Lg4dpAsxBK4,UCER4rvDnRBPr_ncYW4UCZjg,tvOneNews ,Perjalanan Karir Ferdy Sambo hingga Menjadi Tersangka Pembunuhan | Kabar Pagi tvOne,"Jakarta, https://www.tvOnenews.com - Perjalanan Karir Ferdy Sambo hingga Menjadi Tersangka Pembunuhan | Kabar Pagi tvOne

Karir moncer, mantan Kadiv Propam Polri Irjen Pol Ferdy Sambo terancam tamat setelah ia resmi ditetapkan sebagai tersangka kasus pembunuhan terhadap Brigadir Noviansyah Yosua Hutabarat.  Jenderal bintang dua tersebut pernah menangani sejumlah kasus besar diantaranya bom Sarina,  kasus kebakaran gedung Kejaksaan Agung, hingga insiden di tol Jakarta-Cikampek yang menewaskan enam anggota FPI.

Saksikan live streaming tvOne hanya di https://www.tvonenews.com/live",2022-08-11T02:29:55Z,PT3M23S,139985,976,0,393
s46Xb7yN74k,UC1QpnGo11epfexw1bIiTHTg,Liputan6,Benny DPR Cecar Calon Hakim Agung Pernah Vonis Mati Ferdy Sambo | Liputan6,"Liputan6 - Benny DPR Cecar Calon Hakim Agung Pernah Vonis Mati Ferdy Sambo | Liputan6

Komisi III DPR melakukan fit and proper tes calon hakim agung dan hakim ad hoc di Mahkamah Agung tahun 2025, pada Kamis (11/9).

Hakim Pengadilan Tinggi Banjarmasin Alimin Ribut Sujono dicecar anggota Komisi III Benny K Harman. Alimin ditanya pandangannya soal pidana mati.  


Update video lainnya dari SCTV dan Liputan 6, klik: https://www.vidio.com/@sctv

Simak konten Liputan 6 lainnya di https://www.youtube.com/channel/UC1QpnGo11epfexw1bIiTHTg/videos

Perbaharui informasi dari sejumlah daerah di Indonesia, klik: https://www.youtube.com/@Liputan6Daerah

Liputan 6 SCTV adalah program berita televisi nasional yang berada di bawah naungan Elang Mahkota Teknologi (Emtek) Group. Liputan 6 SCTV juga menyajikan informasi dalam bentuk live report dan breaking news. Tayang siaran langsung, setiap hari di saluran tv SCTV pada program Liputan 6 Pagi, Liputan 6 Siang, Liputan 6 Petang Terkini, dan Liputan 6 Malam.

Ikuti media sosial Liputan 6 SCTV untuk mendapatkan informasi Aktual, Tajam, Terpercaya. 

Liputan 6 SCTV Official Instagram: https://www.instagram.com/liputan6.sctv/
Liputan 6 SCTV Official Tiktok: https://www.tiktok.com/@liputan6.sctv
Liputan 6 SCTV Official Facebook : https://www.facebook.com/Liputan6SCTV
SCTV Facebook Fanpage: https://www.facebook.com/SCTV
SCTV Official Twitter: https://twitter.com/SCTV

#newssctv #liputan6pagi #liputan6sctv #liputan6siang #liputan6 #liputan6daerah #viral #liputan6bandung #liputan6semarang #berita #beritabola #beritabolaterbaru #beritaterkini #beritaterbaru #beritaviral #beritahariini #beritaupdate #beritaterbaruhariini #beritapolitik #berandafypシ #beranda #berandayoutube #berandayt",2025-09-11T09:10:53Z,PT12M59S,139499,728,0,1206
NoYDVQqJfvc,UCr7nwF05Z0uJY66U73IcK-A,Mas Bejos,Rumah Ferdy Sambo Terbengkalai #shorts,Beginilah Rumah Ferdy Sambo Terbengkalai sekarang ini. Simak suasana lokasi penembakan yang dulu sangat terkenal dalam video shorts berikut.,2025-01-12T02:29:46Z,PT43S,143508,993,0,24
FvTNAT38vxs,UCmxAIW7RDDC88EPk4ry16Kg,Tribunnews,"DPR Coret Hakim yang Beri Vonis Mati Ferdy Sambo dari Calon Hakim Agung, Banjir Kritik Warganet","Baca Selengkapnya di https://video.tribunnews.com/news/868875/dpr-coret-hakim-yang-beri-vonis-mati-ferdy-sambo-dari-calon-hakim-agung-banjir-kritik-warganet

Download aplikasi berita TribunX di Play Store atau App Store untuk dapatkan pengalaman baru

TRIBUN-VIDEO.COM - DPR mencoret hakim yang menjatuhkan vonis mati Ferdy Sambo dari calon Hakim Agung.

Ia adalah Alimin Ribut Sujono, Hakim Tinggi Pengadilan Banjarmasin.

Palu Keputusan diketok oleh Ketua Komisi III DPR RI, Habiburokhman dalam rapat di Kompleks Parlemen Senayan Jakarta pada Selasa (16/9/2025). (Tribun-Video.com)

Program: Tribunnews Update
Host: Nila Irda
Editor: Dedhi Ajib Ramadhani
Uploader: Panji Anggoro Putro",2025-09-18T10:23:54Z,PT6S,454656,967,0,481
oULiC1NC_GI,UC5BMIWZe9isJXLZZWPWvBlg,KOMPASTV,Persiapan Regu Penembak Jitu Untuk Eksekusi Ferdy Sambo | NEWS OR HOAX,"Beredar sebuah video yang memperlihatkan latihan regu penembak jitu yang diklaim sebagai regu penembak yang disiapkan untuk mengeksekusi mati mantan Kepala Divisi Profesi dan Pengamanan Polisi Republik Indonesia, Ferdy Sambo.

Namun setelah ditelusuri, video tersebut berasal dari salah satu stasiun televisi yang diketahui dengan adanya logo program dalam video tersebut.

Selain itu terdapat pula video serupa yang telah diunggah di YouTube pada 17 Januari 2015 dengan judul ""6 Regu Tembak Disiapkan untuk Ekeskusi Mati"".

Dalam video pembawa berita mengatakan bahwa enam regu tembak tersebut disiapkan untuk eksekusi pada 17 Januari 2015.

Dilansir dari BBC Indonesia, terdapat enam terpidana mati kasus narkoba yang dieksekusi di Nusakambangan dan Boyolali pada Minggu, 18 Januari 2015. 

Oleh sebab itu, video dengan narasi yang mengklaim persiapan regu penembak untuk eksekusi mantan Kadiv Propam Polri, Ferdy Sambo dapat dikatakan tidak benar alias hoax.

Artikel ini bisa dilihat di :  https://www.kompas.tv/article/382423/persiapan-regu-penembak-jitu-untuk-eksekusi-ferdy-sambo-news-or-hoax",2023-02-26T10:31:21Z,PT1M52S,135574,385,0,126
pOdnq60PNoY,UC5BMIWZe9isJXLZZWPWvBlg,KOMPASTV,Saat Ferdy Sambo Tak Terima dan Merasa Eliezer Limpahkan Kesalahan Kepadanya,"JAKARTA, KOMPAS.TV -  Saat bersaksi, Ferdy Sambo menceritakan bagaimana posisinya saat Richard Eliezer ubah keterangan dan mengungkapkan bahwa ia juga ikut menembak Yosua Hutabarat.

Sidang perintangan penyidikan kembali digelar Kamis (22/12) hingga malam hari.

Sidang menghadirkan Sambo sebagai saksi mahkota untuk Baiquni, Arif Rachman, dan Chuck.

Pada sidang, Sambo mengungkapkan anak buahnya tidak akan berani menolak perintahnya.

Ferdy Sambo mengungkapkan bahwa ia bersalah memberi perintah yang tidak benar ke anak buahnya.

Ia beralasan pada saat itu tidak berpikir skenario penembakan akan terungkap.

Artikel ini bisa dilihat di :  https://www.kompas.tv/article/361154/saat-ferdy-sambo-tak-terima-dan-merasa-eliezer-limpahkan-kesalahan-kepadanya",2022-12-22T16:29:34Z,PT3M34S,134014,783,0,283
tvKUXS9zEbM,UCoSkllfpgmFHtbVK835QaQg,Official iNews,"Apa Benar Ferdy Sambo Dikabarkan Sudah Dieksekusi Mati, Cek Faktanya","Sebuah postingan di Tiktok mengatakan bahwa Ferdy Sambo telah dieksekusi mati. Postingan ini diunggah oleh akun Tiktok sultan.99.channel pada bulan Maret 2024 dan sudah dilihat lebih dari 7 juta. 

Postingan ini juga menampilkan Presiden Jokowi dan foto Ferdy Sambo yang diletakkan pada bingkai.

Benar gak sih narasi tersebut dan bisa dipertanggungjawabkan? 

Saksikan pembahasan selengkapnya dalam program Viral Tapi Hoaks bersama pemeriksa fakta dari Aliansi Jurnalis Independen (AJI) Jakarta Asnil Bambani Amri dan host Gaib Maruto Sigit di YouTube Official iNews.

Video Editor: Furqon Al Fauzi/#FRQ 
Desain Grafis: Abdi Usman/#ABD 

Yuk Subscribe https://www.youtube.com/c/OfficialiNews

Tanggal Tayang: 24 April 2024

Dapatkan sajian berita-berita liputan langsung dari lapangan dan peristiwa terkini secara cepat dan akurat dari seluruh Indonesia. Baca berita-berita terpopuler di sini:

iNews https://www.inews.id 
Okezone https://www.okezone.com 
Sindonews https://www.sindonews.com 
IDX Channel https://www.idxchannel.com 

Jangan lewatkan juga berbagai program talk show yang mengupas berbagai masalah yang tengah hangat di masyarakat, baik di bidang sosial, ekonomi, hingga dunia hukum dan politik. Semuanya dikemas secara apik, mendalam, menyentuh dan tetap kritis. 

Subscribe iNews Official Youtube Channel https://www.youtube.com/OfficialiNews
Follow our Official TikTok https://www.tiktok.com/@officialinews
Follow our Official Twitter https://twitter.com/officialinews_
Like our Official Facebook https://www.facebook.com/OfficialiNews
Follow our Official Instagram https://www.instagram.com/officialiNews

#BreakingNews #cekfakta #viraltapihoaks #ferdysambo #sambo",2024-04-24T13:00:07Z,PT5M24S,133199,469,0,192
zuKRY3Wont8,UCwFc1bMj5KFxX8BJ1wBRuzw,Tribun MedanTV,TRISHA  EUNGELICA Curhat Soal Kondisi Rumahnya Usai Ferdy Sambo dan Putri Candrawathi Dipenjara,"TRIBUN-MEDAN.com –Putri sulung Ferdy Sambo, Trisha Eungelica curhat di media sosial tentang kondisi rumahnya usai orang tua dipenjara.

Diketahui, Ferdy Sambo divonis hukuman mati.

Sementara Putri Candrawathi divonis 20 tahun penjara dalam kasus pembunuhan berencana terhadap eks ajudannya, Nofriansyah Yosua Hutabarat.

Baca selengkapnya di www.tribun-medan.com
https://medan.tribunnews.com/2023/02/26/trisha-eungelica-curhat-soal-kondisi-rumahnya-usai-ferdy-sambo-dan-putri-candrawathi-dipenjara",2023-02-26T13:59:28Z,PT57S,133122,1346,0,119
Dtq5FLG7o_w,UCKII0Ml9S5wneKbHswmUrIQ,CNN Indonesia,"Hasil Putusan Sidang Kode Etik, Irjen Ferdy Sambo Diberhentikan Secara Tidak Hormat","Nasib status Irjen Ferdy Sambo sebagai anggota polri ditentukan lewat sidang komite etik profesi di Mabes Polri. Selain dijerat pidana pasal pembunuhan berencana, ia pun diduga melanggar etik profesi Polri. 

Irjen Ferdy Sambo memasuki ruang sidang di Gedung TNCC pada Kamis pukul 9 pagi. Sesuai pasal 56 Peraturan Kepolisian Nomor 7 Tahun 2022, Ferdi Sambo sebagai pelanggar dalam sidang KKEP ini mengenakan pakaian dinas harian tanpa atribut divisi selain lencana pangkat bintang dua sebagai inspektur jenderal. 

Sidang pelanggaran etik yang dipimpin Komisaris Jenderal Ahmad Dofiri ini berkaitan dengan tidak profesionalnya Ferdi Sambo dalam penanganan perkara pembunuhan Brigadir Yosua Hutabarat. Ia juga disebut merintangi proses hukum dengan membuat skenario baku tembak dan menghilangkan barang bukti di antaranya merusak rekaman CCTV dari dekat TKP.",2022-08-26T01:38:13Z,PT29M12S,131100,1086,0,258
kYMAI-kiueg,UC1QpnGo11epfexw1bIiTHTg,Liputan6,"Lengkap, Animasi Reka Adegan Ulang Ferdy Sambo Tembak Brigadir J | Liputan6","Liputan6 - Lengkap, Animasi Reka Adegan Ulang Ferdy Sambo Tembak Brigadir J | Liputan6

Rekonstruksi kasus terbunuhnya Brigadir J digelar hari Selasa (30/8) siang, menghadirkan para tersangka. Berikut animasi reka ulang adegan yang terjadi di rumah dinas Ferdy Sambo.

#ferdysambo #putricandrawathi #brigadirj #liputan6sctv #liputan6 
------------------------------------
Simak berita lainnya di: https://www.youtube.com/channel/UC1QpnGo11epfexw1bIiTHTg/videos

Liputan 6 SCTV adalah program berita televisi nasional yang berada di bawah naungan Elang Mahkota Teknologi (Emtek) Group. Liputan 6 SCTV juga menyajikan informasi dalam bentuk live report dan breaking news. Tayang siaran langsung, setiap hari di saluran tv SCTV pada program Liputan 6 Pagi, Liputan 6 Siang, Liputan 6 Petang Terkini, dan Liputan 6 Malam.

Ikuti media sosial Liputan 6 SCTV untuk mendapatkan informasi Aktual, Tajam, Terpercaya. 

Liputan 6 SCTV Official Instagram: https://www.instagram.com/liputan6.sctv/
Liputan 6 SCTV Official Tiktok: https://www.tiktok.com/@liputan6.sctv
Liputan 6 SCTV Official Facebook : https://www.facebook.com/Liputan6SCTV
SCTV Facebook Fanpage: https://www.facebook.com/SCTV
SCTV Official Twitter: https://twitter.com/SCTV",2022-08-31T01:07:00Z,PT2M10S,128746,404,0,42
pG_OP2xykFI,UC5BMIWZe9isJXLZZWPWvBlg,KOMPASTV,JPU ke Diryanto: Hebatnya kedekatanmu dengan Ferdy Sambo!,,2022-11-03T08:19:30Z,PT51S,127276,1952,0,97
s8W59uyTkr4,UCm2Fz7aL464TC_0uG_yagng,kumparan,[LIVE] Sidang Dakwaan Ferdy Sambo di PN Jakarta Selatan,"Ferdy Sambo, Putri Candrawathi, dkk menjalani sidang perdana kasus pembunuhan berencana terhadap Brigadir Yosua. Sidang digelar di PN Jakarta Selatan, pada Senin 17 Oktober 2022. Simak isi dakwaan jaksa penuntut umum kepada Ferdy Sambo, Putri Candrawathi, dkk di Channel Youtube kumparan. #focus #sidangsambo #ls 

Homepage: https://kumparan.com
Twitter : https://twitter.com/kumparan
Facebook : https://www.facebook.com/kumparancom
Instagram : https://www.instagram.com/kumparancom",2022-10-17T11:12:34Z,PT8H3M52S,124269,989,0,45
PUdXMhtifFI,UC1QpnGo11epfexw1bIiTHTg,Liputan6,Detik-Detik Anak Ferdy Sambo Dinyatakan Lulus dari SMA Taruna Nusantara #Shorts,"Liputan6 - Detik-Detik Anak Ferdy Sambo Dinyatakan Lulus dari SMA Taruna Nusantara #Shorts

Tribrata Putra Sambo anak dari Ferdy Sambo dan Putri Candrawathi baru saja lulus dari sekolah Taruna Nusantara. Kehadirannya menarik perhatian lantaran tak didampingi orangtua. Momen tersebut dibagikan oleh sang adik. Warganet pun berikan komentarnya.

Simak berita lainnya di: https://www.youtube.com/channel/UC1QpnGo11epfexw1bIiTHTg/videos

Liputan 6 SCTV adalah program berita televisi nasional yang berada di bawah naungan Elang Mahkota Teknologi (Emtek) Group. Liputan 6 SCTV juga menyajikan informasi dalam bentuk live report dan breaking news. Tayang siaran langsung, setiap hari di saluran tv SCTV pada program Liputan 6 Pagi, Liputan 6 Siang, Liputan 6 Petang Terkini, dan Liputan 6 Malam.

Ikuti media sosial Liputan 6 SCTV untuk mendapatkan informasi Aktual, Tajam, Terpercaya. 

Liputan 6 SCTV Official Instagram: https://www.instagram.com/liputan6.sctv/
Liputan 6 SCTV Official Tiktok: https://www.tiktok.com/@liputan6.sctv
Liputan 6 SCTV Official Facebook : https://www.facebook.com/Liputan6SCTV
SCTV Facebook Fanpage: https://www.facebook.com/SCTV
SCTV Official Twitter: https://twitter.com/SCTV",2023-05-11T10:15:02Z,PT1M,121230,1395,0,147
X5BKbI9nJ8s,UCkCoHqyT1IqmY2AOEs0kN_g,KapanLagiDotCom,"Trisha Anak Ferdy Sambo Disorot Karena Bisa Beraktivitas Biasa, Sejujurnya...","#shorts 
KAPANLAGI.COM - KLovers,
Putri sulung Ferdy Sambo dan Putri Candrawathi, Trisha Eungelica, menjadi sorotan netizen. Banyak yang mempertanyakan aktivitas Trisha di platform TikTok seolah ia tidak terpengaruh atas hukuman mati yang dijatuhkan kepada ayahnya. Namun, Trisha sempat mengatakan jika dirinya sedang merasa hilang harapan dan berdoa 'semoga tahun ini masih bertahan hidup'. Ia juga harus menelan kepahitan karena orangtuanya tak bisa mendampingi ketika dirinya dinyatakan menjadi seorang Sarjana Kedokteran.
Simak terus video terupdate dari dunia artis, selebritis, dan entertainment hanya di KapanLagi! Like, Comment, dan Subscribe ya KLovers!
#TrishaEungelica #FerdySambo #videokapanlagi

MORE VIDEOS ► 
https://www.youtube.com/user/KapanLagicomVideo/videos

Produced by http://www.kapanlagi.com/
KapanLagi Youniverse
---
SOCIALS:
Facebook: http://bit.ly/FacebookKapanLagi
Instagram: http://bit.ly/InstagramKapanLagi
Twitter: http://bit.ly/TwitterKapanLagi
TikTok: http://bit.ly/TikTokKapanLagi
Telegram: https://t.me/kapanlagicomupdate",2023-02-15T10:14:20Z,PT38S,119983,1055,0,155
x3pyZCTpSbI,UC5BMIWZe9isJXLZZWPWvBlg,KOMPASTV,Jadwal Sidang Ferdy Sambo dan Tersangka Lain Sudah Keluar!,"JAKARTA, KOMPAS.TV - Jadwal sidang perdana Ferdy Sambo dan tersangka lainnya sudah keluar pada Senin (10/10) malam usai pelimpahan surat dakwaan dan penentuan majelis hakim.

Surat dakwaan sudah siap dan sudah dilimpahkan.

Baca Juga Ferdy Sambo Sebut Putri Candrawathi Tidak Bersalah dalam Kasus Pembunuhan Brigadir J di https://www.kompas.tv/article/336509/ferdy-sambo-sebut-putri-candrawathi-tidak-bersalah-dalam-kasus-pembunuhan-brigadir-j

Pengadilan Negeri Jakarta Selatan melakukan sejumlah persiapan bersama dengan Kejari Jakarta Selatan dan Polres Metro Jakarta Selatan guna memetakan pengamanan persidangan yang diperkirakan akan dimulai pekan depan.

Sidang akan digelar pada Senin pekan depan. Sidang akan dilakukan terpisah sesuai dengan perkara kasus pembunuhan berencana dan kasus obstruction of justice.

Komisi kejaksaan sudah berkoordinasi dengan pihak PN Jakarta Selatan terkait sidang Ferdy Sambo dan kawan-kawan.

Hasilnya ada lima anggota komisi kejaksaan yang akan memantau langsung seluruh proses sidang.

Pengawasan dilakukan untuk memastikan seluruh persidangan berjalan sesuai ketentuan.

Artikel ini bisa dilihat di :  https://www.kompas.tv/article/336845/jadwal-sidang-ferdy-sambo-dan-tersangka-lain-sudah-keluar",2022-10-10T23:15:52Z,PT2M14S,119114,742,0,136
FZVT_VJRkK4,UC5BMIWZe9isJXLZZWPWvBlg,KOMPASTV,"Menangis di Persidangan, Ferdy Sambo: Karier 28 Tahun Terhenti, Saya Malu!","JAKARTA, KOMPAS.TV - Mantan Kepala Divisi Profesi dan Pengamanan Polri Ferdy Sambo menjalani sidang kasus pembunuhan berencana terhadap Nofriansyah Yosua Hutabarat atau Brigadir J dengan agenda pemeriksaan terdakwa, pada Selasa (10/01/2023).

Ferdy Sambo terisak dan mengaku malu karena kariernya di kepolisian harus terhenti akibat kasus pembunuhan Yosua.

Hal ini disampaikan Sambo, menjawab pertanyaan penasihat hukumnya, Rasamala Aritonang.

Baca Juga Belum Ada Kejutan Soal Capres untuk Pemilu 2024, Megawati: Capres Urusan Saya! di https://www.kompas.tv/article/366804/belum-ada-kejutan-soal-capres-untuk-pemilu-2024-megawati-capres-urusan-saya

___

Jangan lewatkan live streaming KompasTV 24 jam nonstop di https:www.kompas.tv,live

Agar tidak ketinggalan berita-berita terkini, terlengkap, serta laporan langsung dari berbagai daerah di Indonesia.

Yuk, subscribe channel youtube KompasTV!

Aktifkan juga lonceng supaya kamu dapat notifikasi video terbaru dari KompasTV.

Sahabat KompasTV juga bisa memperoleh informasi terkini melalui website: https:www.kompas.tv

Artikel ini bisa dilihat di :  https://www.kompas.tv/article/366806/menangis-di-persidangan-ferdy-sambo-karier-28-tahun-terhenti-saya-malu",2023-01-10T17:21:35Z,PT1M30S,118466,401,0,213
SKphR15-zTk,UCVWNW-N7eDOVNx3SIakxkGg,Short News,Hubungan Erat Tito Karnavian dan Ferdy Sambo Disenggol Hacker Bjorka,,2022-09-13T09:36:50Z,PT25S,117305,713,0,46
aIJd_gU54bQ,UCmxAIW7RDDC88EPk4ry16Kg,Tribunnews,Detik-detik Ferdy Sambo Divonis Hukuman Mati dalam Kasus Pembunuhan Brigadir J,"TRIBUN-VIDEO.COM - Terdakwa Ferdy Sambo menerima vonis dalam sidang pembunuhan Brigadir J pada Senin (13/2/2023).

Dalam kasus tersebut, Ferdy Sambo mendapatkan vonis hukuman mati pembunuhan Brigadir J.

Hakim meyakini motif dari pembunuhan tersebut adalah rasa sakit hati yang diderita oleh putri Candrawathi.

Ferdy Sambo diyakini hakim memang memerintahkan Bharada E untuk menembak korban.

Ferdy Sambo adalah dalang di balik kasus pembunuhan Brigadir J.

EKs Kadiv Propam tersebut juga terbukti melakukan skenario dalam kasus pembunuhan Brigadir J.

Dalam kasus ini, eks Kadiv Propam Polri dan istrinya itu menjadi terdakwa bersama dengan dua ajudannya, Richard Eliezer atau Bharada E dan Ricky Rizal atau Bripka RR. 

Selain itu, seorang asisten rumah tangga (ART) sekaligus sopir keluarga Ferdy Sambo, Kuat Ma’ruf juga turut menjadi terdakwa dalam kasus ini. 

Berdasarkan surat tuntutan jaksa, kelimanya dinilai terbukti secara sah dan meyakinkan bersalah melakukan tindak pidana pembunuhan terhadap Brigadir J yang direncanakan terlebih dahulu.

Mereka dinilai telah melanggar Pasal 340 Kitab Undang-Undang Hukum Pidana (KUHP) juncto Pasal 55 Ayat (1) ke 1 KUHP. 

Eks Kadiv Propam itu terlibat obstruction of justice atau perintangan penyidikan pengusutan kasus kematian Brigadir J.

(Tribun-Video.com)

#putricandrawathi #bharadae #kuatmaruf #brigadiryosua #rickyrizal #sidang #cctv #pnjaksel #pengadilan #sidangsambo #brigadirj #sambo #ferdysambo #brigadirjoshua #vonissambo #vonisputri",2023-02-13T10:07:12Z,PT1M,114925,2674,0,159
TAc9os0FH1k,UCm2Fz7aL464TC_0uG_yagng,kumparan,Ajudan Irjen Ferdy Sambo Menuai Sorotan hingga Bambang Soesatyo Dilaporkan ke MKD,"Bripka Matius Marey, salah satu dari delapan ajudan Irjen Ferdy Sambo yang menuai sorotan. Bripka Matius tampil nyentrik dengan cambang atau jenggot serta bertato. Informasi lainnya datang dari Bambang Soesatyo dilaporkan ke Mahkamah Kehormatan Dewan oleh DPP Pembela Kesatuan Tanah Air karena pernyataannya yang seolah menggiring narasi agar Irjen Ferdy Sambo dan keluarga tak disalahkan. Selengkapnya, simak video di atas. #Ferdysambo #Witansulaeman #Bambangsoesatyo

Homepage: https://kumparan.com
Twitter : https://twitter.com/kumparan
Facebook : https://www.facebook.com/kumparancom
Instagram : https://www.instagram.com/kumparancom",2022-08-09T13:00:25Z,PT1M57S,112537,573,0,199
j015UoUPEAs,UCwFc1bMj5KFxX8BJ1wBRuzw,Tribun MedanTV,"DULU DIMANJA, Anak Ferdy Sambo Harus Turun Tangan Mengurus Rumah hingga Sampah","TRIBUN-MEDAN.com – Kini turun tangan urus sampah, putri sulung Ferdy Sambo bandingkan hidupnya sebelum orang tuanya dipenjara.

Trisha Eungelica kini curhat pusingnya jadi anak tertua.

Dulu selalu ongkang-ongkang jadi tuan putri, Trisha merasa hidupnya kini berubah total usai kedua orangtuanya dibui.

Dilansir dari TikToknya, Trisha mengaku dulu dirinya kerap menanyakan tanggal liburan hingga kabar terbaru band Korea BTS.

Kini semuanya berubah, Trisha sebagai anak tertua harus mengurus keperluan rumah dan kebutuhan tiga adiknya.

Bergabung dengan channel ini untuk mendapatkan akses ke berbagai keuntungan:
https://www.youtube.com/channel/UCwFc1bMj5KFxX8BJ1wBRuzw/join",2023-05-21T10:20:12Z,PT59S,110320,1081,0,87
byfvO5NoFBM,UCmxAIW7RDDC88EPk4ry16Kg,Tribunnews,"Hakim Vonis Mati Ferdy Sambo Gagal Lolos Seleksi Hakim Agung, Dapat Nol Suara di Komisi III DPR","Download aplikasi berita TribunX di Play Store atau App Store untuk dapatkan pengalaman baru

TRIBUN-VIDEO.COM - Hakim Alimin Ribut Sujono gagal melangkah dalam seleksi calon hakim agung tahun 2025.

Namanya sempat populer setelah menjatuhkan vonis mati kepada Ferdy Sambo, namun ia tidak memperoleh dukungan di DPR.

Dalam rapat pleno Komisi III DPR RI, Selasa (16/9/2025), Alimin tidak mendapat satu pun suara dari anggota dewan.

Dari 16 calon yang mengikuti uji kelayakan, hanya 10 nama yang dinyatakan layak untuk diajukan lebih lanjut.

Ketua Komisi III DPR RI, Habiburokhman, menyebut proses seleksi telah dilakukan terbuka sejak 9 hingga 15 September 2025.

Para calon diuji mulai dari rekam jejak, integritas, hingga pandangan mengenai penegakan hukum.

Alimin menjadi sorotan ketika ditanya soal pandangannya terhadap hukuman mati

 Anggota Komisi III, Benny Kabur Harman, mempertanyakan apakah vonis mati berarti menempatkan diri sebagai wakil Tuhan.

Menjawab hal itu, Alimin menegaskan keputusannya dijatuhkan demi keadilan sesuai hukum, bukan berdasarkan keyakinan pribadi.

Ia berpendapat hukuman mati sah secara hukum positif yang berlaku di Indonesia.

Meski begitu, pernyataan itu tampaknya tidak cukup meyakinkan anggota DPR.

Dengan hasil nol suara, langkah Alimin dipastikan terhenti.

Program: Tribunnews Update
Host: Tita Syarif
Editor Video : Nathanael Moer Rahardian
Uploader: Bintang Nur Rahman
Artikel ini telah tayang di WartaKotalive.com dengan judul Hakim Vonis Mati Ferdy Sambo Gagal Lolos Seleksi Hakim Agung, https://wartakota.tribunnews.com/nasional/867948/hakim-vonis-mati-ferdy-sambo-gagal-lolos-seleksi-hakim-agung#google_vignette.

#FerdySambo #HakimAgung #AliminRibutSujono #KomisiIIIDPR #SeleksiHakim #PutusanMati",2025-09-18T12:57:43Z,PT6S,385828,715,0,275
bs6AAhMd5a4,UCKII0Ml9S5wneKbHswmUrIQ,CNN Indonesia,Sidang Ferdy Sambo dan Putri Candrawathi: Pemeriksaan Saksi - CNN INDONESIA TV POOL,"Sidang kasus pembunuhan Brigadir J atau Yosua Hutabarat kembali digelar di PN Jakarta Selatan. Sidang Selasa, 8 November 2022, ini mengagendakan pemeriksaan saksi untuk terdakwa Ferdy Sambo dan Putri Candrawathi.

Pengadilan Negeri Jakarta Selatan tidak memperkenankan audio di ruang persidangan saat agenda pemeriksaan saksi disiarkan secara langsung.

Website: www.cnnindonesia.com
Facebook: https://m.facebook.com/CNNIndonesia/
Instagram: https://instagram.com/cnnindonesiatv
Twitter: https://twitter.com/cnniddaily
TikTok: https://www.tiktok.com/@cnnindonesia
Spotify: CNN Indonesia",2022-11-08T14:49:11Z,PT11H54M58S,107848,445,0,4
vGNA1wwyCGg,UCDXxEb5Wa_Y7hyGI2BzCdjA,KOMPASTV ACEH,Ferdy Sambo Sempat Tertunduk saat Hakim Beri Vonis Hukuman Mati!,"Sahabat Kompas TV Aceh jangan lupa like, comment, dan subscribe channel YouTube Kompas TV Aceh, juga aktifkan lonceng notifikasi agar tidak ketinggalan update mengenai isu-isu terkini di Indonesia.

Jangan lewatkan live streaming Kompas TV 24 jam non stop di https://www.kompas.tv/live. 
Ikuti sosial media Kompas TV Aceh:
https://www.instagram.com/kompastv.aceh
https://www.facebook.com/biro.kompastvaceh

KOMPAS TV
INDEPENDEN | TERPERCAYA 
24 UHF BANDA ACEH",2023-02-13T12:50:15Z,PT1M22S,106818,512,0,119
GbVgKSTerU4,UCyEOlSJXwV22TN1P1v57G6g,DNR OFFICIAL,Potret keluarga Ferdy Sambo dulu dan sekarang,Foto lawas keluarga ferdy sambo dan foto sekarang,2022-08-14T13:01:30Z,PT15S,106034,705,0,49
aNy1RVBJuOA,UCB1fvlA5xmLJ0tZblpoTuaQ,VIVA.CO.ID,"Polisi Usir Pengacara Brigadir J dari Rumah Ferdy Sambo, Ada Apa?","VIVA -  Pengacara keluarga Brigadir J, Kamaruddin Simanjuntak mengaku telah diusir dari lokasi rekonstruksi pembunuhan Brigadir J di rumah Irjen Ferdy Sambo. Seperti diketahui, proses rekonstruksi ulang dihadiri lima tersangka untuk kepentingan penyidikan. (RK--MA-SW) #VIVAnewsdaily

Baca berita terbaru, terkini dan terpopuler disini https://www.viva.co.id/",2022-08-30T06:06:22Z,PT2M29S,103429,821,0,624
tvKUXS9zEbM,UCoSkllfpgmFHtbVK835QaQg,Official iNews,"Apa Benar Ferdy Sambo Dikabarkan Sudah Dieksekusi Mati, Cek Faktanya","Sebuah postingan di Tiktok mengatakan bahwa Ferdy Sambo telah dieksekusi mati. Postingan ini diunggah oleh akun Tiktok sultan.99.channel pada bulan Maret 2024 dan sudah dilihat lebih dari 7 juta. 

Postingan ini juga menampilkan Presiden Jokowi dan foto Ferdy Sambo yang diletakkan pada bingkai.

Benar gak sih narasi tersebut dan bisa dipertanggungjawabkan? 

Saksikan pembahasan selengkapnya dalam program Viral Tapi Hoaks bersama pemeriksa fakta dari Aliansi Jurnalis Independen (AJI) Jakarta Asnil Bambani Amri dan host Gaib Maruto Sigit di YouTube Official iNews.

Video Editor: Furqon Al Fauzi/#FRQ 
Desain Grafis: Abdi Usman/#ABD 

Yuk Subscribe https://www.youtube.com/c/OfficialiNews

Tanggal Tayang: 24 April 2024

Dapatkan sajian berita-berita liputan langsung dari lapangan dan peristiwa terkini secara cepat dan akurat dari seluruh Indonesia. Baca berita-berita terpopuler di sini:

iNews https://www.inews.id 
Okezone https://www.okezone.com 
Sindonews https://www.sindonews.com 
IDX Channel https://www.idxchannel.com 

Jangan lewatkan juga berbagai program talk show yang mengupas berbagai masalah yang tengah hangat di masyarakat, baik di bidang sosial, ekonomi, hingga dunia hukum dan politik. Semuanya dikemas secara apik, mendalam, menyentuh dan tetap kritis. 

Subscribe iNews Official Youtube Channel https://www.youtube.com/OfficialiNews
Follow our Official TikTok https://www.tiktok.com/@officialinews
Follow our Official Twitter https://twitter.com/officialinews_
Like our Official Facebook https://www.facebook.com/OfficialiNews
Follow our Official Instagram https://www.instagram.com/officialiNews

#BreakingNews #cekfakta #viraltapihoaks #ferdysambo #sambo",2024-04-24T13:00:07Z,PT5M24S,133199,469,0,192
zuKRY3Wont8,UCwFc1bMj5KFxX8BJ1wBRuzw,Tribun MedanTV,TRISHA  EUNGELICA Curhat Soal Kondisi Rumahnya Usai Ferdy Sambo dan Putri Candrawathi Dipenjara,"TRIBUN-MEDAN.com –Putri sulung Ferdy Sambo, Trisha Eungelica curhat di media sosial tentang kondisi rumahnya usai orang tua dipenjara.

Diketahui, Ferdy Sambo divonis hukuman mati.

Sementara Putri Candrawathi divonis 20 tahun penjara dalam kasus pembunuhan berencana terhadap eks ajudannya, Nofriansyah Yosua Hutabarat.

Baca selengkapnya di www.tribun-medan.com
https://medan.tribunnews.com/2023/02/26/trisha-eungelica-curhat-soal-kondisi-rumahnya-usai-ferdy-sambo-dan-putri-candrawathi-dipenjara",2023-02-26T13:59:28Z,PT57S,133122,1346,0,119
Dtq5FLG7o_w,UCKII0Ml9S5wneKbHswmUrIQ,CNN Indonesia,"Hasil Putusan Sidang Kode Etik, Irjen Ferdy Sambo Diberhentikan Secara Tidak Hormat","Nasib status Irjen Ferdy Sambo sebagai anggota polri ditentukan lewat sidang komite etik profesi di Mabes Polri. Selain dijerat pidana pasal pembunuhan berencana, ia pun diduga melanggar etik profesi Polri. 

Irjen Ferdy Sambo memasuki ruang sidang di Gedung TNCC pada Kamis pukul 9 pagi. Sesuai pasal 56 Peraturan Kepolisian Nomor 7 Tahun 2022, Ferdi Sambo sebagai pelanggar dalam sidang KKEP ini mengenakan pakaian dinas harian tanpa atribut divisi selain lencana pangkat bintang dua sebagai inspektur jenderal. 

Sidang pelanggaran etik yang dipimpin Komisaris Jenderal Ahmad Dofiri ini berkaitan dengan tidak profesionalnya Ferdi Sambo dalam penanganan perkara pembunuhan Brigadir Yosua Hutabarat. Ia juga disebut merintangi proses hukum dengan membuat skenario baku tembak dan menghilangkan barang bukti di antaranya merusak rekaman CCTV dari dekat TKP.",2022-08-26T01:38:13Z,PT29M12S,131100,1086,0,258
kYMAI-kiueg,UC1QpnGo11epfexw1bIiTHTg,Liputan6,"Lengkap, Animasi Reka Adegan Ulang Ferdy Sambo Tembak Brigadir J | Liputan6","Liputan6 - Lengkap, Animasi Reka Adegan Ulang Ferdy Sambo Tembak Brigadir J | Liputan6

Rekonstruksi kasus terbunuhnya Brigadir J digelar hari Selasa (30/8) siang, menghadirkan para tersangka. Berikut animasi reka ulang adegan yang terjadi di rumah dinas Ferdy Sambo.

#ferdysambo #putricandrawathi #brigadirj #liputan6sctv #liputan6 
------------------------------------
Simak berita lainnya di: https://www.youtube.com/channel/UC1QpnGo11epfexw1bIiTHTg/videos

Liputan 6 SCTV adalah program berita televisi nasional yang berada di bawah naungan Elang Mahkota Teknologi (Emtek) Group. Liputan 6 SCTV juga menyajikan informasi dalam bentuk live report dan breaking news. Tayang siaran langsung, setiap hari di saluran tv SCTV pada program Liputan 6 Pagi, Liputan 6 Siang, Liputan 6 Petang Terkini, dan Liputan 6 Malam.

Ikuti media sosial Liputan 6 SCTV untuk mendapatkan informasi Aktual, Tajam, Terpercaya. 

Liputan 6 SCTV Official Instagram: https://www.instagram.com/liputan6.sctv/
Liputan 6 SCTV Official Tiktok: https://www.tiktok.com/@liputan6.sctv
Liputan 6 SCTV Official Facebook : https://www.facebook.com/Liputan6SCTV
SCTV Facebook Fanpage: https://www.facebook.com/SCTV
SCTV Official Twitter: https://twitter.com/SCTV",2022-08-31T01:07:00Z,PT2M10S,128746,404,0,42
pG_OP2xykFI,UC5BMIWZe9isJXLZZWPWvBlg,KOMPASTV,JPU ke Diryanto: Hebatnya kedekatanmu dengan Ferdy Sambo!,,2022-11-03T08:19:30Z,PT51S,127276,1952,0,97
s8W59uyTkr4,UCm2Fz7aL464TC_0uG_yagng,kumparan,[LIVE] Sidang Dakwaan Ferdy Sambo di PN Jakarta Selatan,"Ferdy Sambo, Putri Candrawathi, dkk menjalani sidang perdana kasus pembunuhan berencana terhadap Brigadir Yosua. Sidang digelar di PN Jakarta Selatan, pada Senin 17 Oktober 2022. Simak isi dakwaan jaksa penuntut umum kepada Ferdy Sambo, Putri Candrawathi, dkk di Channel Youtube kumparan. #focus #sidangsambo #ls 

Homepage: https://kumparan.com
Twitter : https://twitter.com/kumparan
Facebook : https://www.facebook.com/kumparancom
Instagram : https://www.instagram.com/kumparancom",2022-10-17T11:12:34Z,PT8H3M52S,124269,989,0,45
PUdXMhtifFI,UC1QpnGo11epfexw1bIiTHTg,Liputan6,Detik-Detik Anak Ferdy Sambo Dinyatakan Lulus dari SMA Taruna Nusantara #Shorts,"Liputan6 - Detik-Detik Anak Ferdy Sambo Dinyatakan Lulus dari SMA Taruna Nusantara #Shorts

Tribrata Putra Sambo anak dari Ferdy Sambo dan Putri Candrawathi baru saja lulus dari sekolah Taruna Nusantara. Kehadirannya menarik perhatian lantaran tak didampingi orangtua. Momen tersebut dibagikan oleh sang adik. Warganet pun berikan komentarnya.

Simak berita lainnya di: https://www.youtube.com/channel/UC1QpnGo11epfexw1bIiTHTg/videos

Liputan 6 SCTV adalah program berita televisi nasional yang berada di bawah naungan Elang Mahkota Teknologi (Emtek) Group. Liputan 6 SCTV juga menyajikan informasi dalam bentuk live report dan breaking news. Tayang siaran langsung, setiap hari di saluran tv SCTV pada program Liputan 6 Pagi, Liputan 6 Siang, Liputan 6 Petang Terkini, dan Liputan 6 Malam.

Ikuti media sosial Liputan 6 SCTV untuk mendapatkan informasi Aktual, Tajam, Terpercaya. 

Liputan 6 SCTV Official Instagram: https://www.instagram.com/liputan6.sctv/
Liputan 6 SCTV Official Tiktok: https://www.tiktok.com/@liputan6.sctv
Liputan 6 SCTV Official Facebook : https://www.facebook.com/Liputan6SCTV
SCTV Facebook Fanpage: https://www.facebook.com/SCTV
SCTV Official Twitter: https://twitter.com/SCTV",2023-05-11T10:15:02Z,PT1M,121230,1395,0,147
X5BKbI9nJ8s,UCkCoHqyT1IqmY2AOEs0kN_g,KapanLagiDotCom,"Trisha Anak Ferdy Sambo Disorot Karena Bisa Beraktivitas Biasa, Sejujurnya...","#shorts 
KAPANLAGI.COM - KLovers,
Putri sulung Ferdy Sambo dan Putri Candrawathi, Trisha Eungelica, menjadi sorotan netizen. Banyak yang mempertanyakan aktivitas Trisha di platform TikTok seolah ia tidak terpengaruh atas hukuman mati yang dijatuhkan kepada ayahnya. Namun, Trisha sempat mengatakan jika dirinya sedang merasa hilang harapan dan berdoa 'semoga tahun ini masih bertahan hidup'. Ia juga harus menelan kepahitan karena orangtuanya tak bisa mendampingi ketika dirinya dinyatakan menjadi seorang Sarjana Kedokteran.
Simak terus video terupdate dari dunia artis, selebritis, dan entertainment hanya di KapanLagi! Like, Comment, dan Subscribe ya KLovers!
#TrishaEungelica #FerdySambo #videokapanlagi

MORE VIDEOS ► 
https://www.youtube.com/user/KapanLagicomVideo/videos

Produced by http://www.kapanlagi.com/
KapanLagi Youniverse
---
SOCIALS:
Facebook: http://bit.ly/FacebookKapanLagi
Instagram: http://bit.ly/InstagramKapanLagi
Twitter: http://bit.ly/TwitterKapanLagi
TikTok: http://bit.ly/TikTokKapanLagi
Telegram: https://t.me/kapanlagicomupdate",2023-02-15T10:14:20Z,PT38S,119983,1055,0,155
x3pyZCTpSbI,UC5BMIWZe9isJXLZZWPWvBlg,KOMPASTV,Jadwal Sidang Ferdy Sambo dan Tersangka Lain Sudah Keluar!,"JAKARTA, KOMPAS.TV - Jadwal sidang perdana Ferdy Sambo dan tersangka lainnya sudah keluar pada Senin (10/10) malam usai pelimpahan surat dakwaan dan penentuan majelis hakim.

Surat dakwaan sudah siap dan sudah dilimpahkan.

Baca Juga Ferdy Sambo Sebut Putri Candrawathi Tidak Bersalah dalam Kasus Pembunuhan Brigadir J di https://www.kompas.tv/article/336509/ferdy-sambo-sebut-putri-candrawathi-tidak-bersalah-dalam-kasus-pembunuhan-brigadir-j

Pengadilan Negeri Jakarta Selatan melakukan sejumlah persiapan bersama dengan Kejari Jakarta Selatan dan Polres Metro Jakarta Selatan guna memetakan pengamanan persidangan yang diperkirakan akan dimulai pekan depan.

Sidang akan digelar pada Senin pekan depan. Sidang akan dilakukan terpisah sesuai dengan perkara kasus pembunuhan berencana dan kasus obstruction of justice.

Komisi kejaksaan sudah berkoordinasi dengan pihak PN Jakarta Selatan terkait sidang Ferdy Sambo dan kawan-kawan.

Hasilnya ada lima anggota komisi kejaksaan yang akan memantau langsung seluruh proses sidang.

Pengawasan dilakukan untuk memastikan seluruh persidangan berjalan sesuai ketentuan.

Artikel ini bisa dilihat di :  https://www.kompas.tv/article/336845/jadwal-sidang-ferdy-sambo-dan-tersangka-lain-sudah-keluar",2022-10-10T23:15:52Z,PT2M14S,119114,742,0,136
FZVT_VJRkK4,UC5BMIWZe9isJXLZZWPWvBlg,KOMPASTV,"Menangis di Persidangan, Ferdy Sambo: Karier 28 Tahun Terhenti, Saya Malu!","JAKARTA, KOMPAS.TV - Mantan Kepala Divisi Profesi dan Pengamanan Polri Ferdy Sambo menjalani sidang kasus pembunuhan berencana terhadap Nofriansyah Yosua Hutabarat atau Brigadir J dengan agenda pemeriksaan terdakwa, pada Selasa (10/01/2023).

Ferdy Sambo terisak dan mengaku malu karena kariernya di kepolisian harus terhenti akibat kasus pembunuhan Yosua.

Hal ini disampaikan Sambo, menjawab pertanyaan penasihat hukumnya, Rasamala Aritonang.

Baca Juga Belum Ada Kejutan Soal Capres untuk Pemilu 2024, Megawati: Capres Urusan Saya! di https://www.kompas.tv/article/366804/belum-ada-kejutan-soal-capres-untuk-pemilu-2024-megawati-capres-urusan-saya

___

Jangan lewatkan live streaming KompasTV 24 jam nonstop di https:www.kompas.tv,live

Agar tidak ketinggalan berita-berita terkini, terlengkap, serta laporan langsung dari berbagai daerah di Indonesia.

Yuk, subscribe channel youtube KompasTV!

Aktifkan juga lonceng supaya kamu dapat notifikasi video terbaru dari KompasTV.

Sahabat KompasTV juga bisa memperoleh informasi terkini melalui website: https:www.kompas.tv

Artikel ini bisa dilihat di :  https://www.kompas.tv/article/366806/menangis-di-persidangan-ferdy-sambo-karier-28-tahun-terhenti-saya-malu",2023-01-10T17:21:35Z,PT1M30S,118466,401,0,213
SKphR15-zTk,UCVWNW-N7eDOVNx3SIakxkGg,Short News,Hubungan Erat Tito Karnavian dan Ferdy Sambo Disenggol Hacker Bjorka,,2022-09-13T09:36:50Z,PT25S,117305,713,0,46
aIJd_gU54bQ,UCmxAIW7RDDC88EPk4ry16Kg,Tribunnews,Detik-detik Ferdy Sambo Divonis Hukuman Mati dalam Kasus Pembunuhan Brigadir J,"TRIBUN-VIDEO.COM - Terdakwa Ferdy Sambo menerima vonis dalam sidang pembunuhan Brigadir J pada Senin (13/2/2023).

Dalam kasus tersebut, Ferdy Sambo mendapatkan vonis hukuman mati pembunuhan Brigadir J.

Hakim meyakini motif dari pembunuhan tersebut adalah rasa sakit hati yang diderita oleh putri Candrawathi.

Ferdy Sambo diyakini hakim memang memerintahkan Bharada E untuk menembak korban.

Ferdy Sambo adalah dalang di balik kasus pembunuhan Brigadir J.

EKs Kadiv Propam tersebut juga terbukti melakukan skenario dalam kasus pembunuhan Brigadir J.

Dalam kasus ini, eks Kadiv Propam Polri dan istrinya itu menjadi terdakwa bersama dengan dua ajudannya, Richard Eliezer atau Bharada E dan Ricky Rizal atau Bripka RR. 

Selain itu, seorang asisten rumah tangga (ART) sekaligus sopir keluarga Ferdy Sambo, Kuat Ma’ruf juga turut menjadi terdakwa dalam kasus ini. 

Berdasarkan surat tuntutan jaksa, kelimanya dinilai terbukti secara sah dan meyakinkan bersalah melakukan tindak pidana pembunuhan terhadap Brigadir J yang direncanakan terlebih dahulu.

Mereka dinilai telah melanggar Pasal 340 Kitab Undang-Undang Hukum Pidana (KUHP) juncto Pasal 55 Ayat (1) ke 1 KUHP. 

Eks Kadiv Propam itu terlibat obstruction of justice atau perintangan penyidikan pengusutan kasus kematian Brigadir J.

(Tribun-Video.com)

#putricandrawathi #bharadae #kuatmaruf #brigadiryosua #rickyrizal #sidang #cctv #pnjaksel #pengadilan #sidangsambo #brigadirj #sambo #ferdysambo #brigadirjoshua #vonissambo #vonisputri",2023-02-13T10:07:12Z,PT1M,114925,2674,0,159
TAc9os0FH1k,UCm2Fz7aL464TC_0uG_yagng,kumparan,Ajudan Irjen Ferdy Sambo Menuai Sorotan hingga Bambang Soesatyo Dilaporkan ke MKD,"Bripka Matius Marey, salah satu dari delapan ajudan Irjen Ferdy Sambo yang menuai sorotan. Bripka Matius tampil nyentrik dengan cambang atau jenggot serta bertato. Informasi lainnya datang dari Bambang Soesatyo dilaporkan ke Mahkamah Kehormatan Dewan oleh DPP Pembela Kesatuan Tanah Air karena pernyataannya yang seolah menggiring narasi agar Irjen Ferdy Sambo dan keluarga tak disalahkan. Selengkapnya, simak video di atas. #Ferdysambo #Witansulaeman #Bambangsoesatyo

Homepage: https://kumparan.com
Twitter : https://twitter.com/kumparan
Facebook : https://www.facebook.com/kumparancom
Instagram : https://www.instagram.com/kumparancom",2022-08-09T13:00:25Z,PT1M57S,112537,573,0,199
j015UoUPEAs,UCwFc1bMj5KFxX8BJ1wBRuzw,Tribun MedanTV,"DULU DIMANJA, Anak Ferdy Sambo Harus Turun Tangan Mengurus Rumah hingga Sampah","TRIBUN-MEDAN.com – Kini turun tangan urus sampah, putri sulung Ferdy Sambo bandingkan hidupnya sebelum orang tuanya dipenjara.

Trisha Eungelica kini curhat pusingnya jadi anak tertua.

Dulu selalu ongkang-ongkang jadi tuan putri, Trisha merasa hidupnya kini berubah total usai kedua orangtuanya dibui.

Dilansir dari TikToknya, Trisha mengaku dulu dirinya kerap menanyakan tanggal liburan hingga kabar terbaru band Korea BTS.

Kini semuanya berubah, Trisha sebagai anak tertua harus mengurus keperluan rumah dan kebutuhan tiga adiknya.

Bergabung dengan channel ini untuk mendapatkan akses ke berbagai keuntungan:
https://www.youtube.com/channel/UCwFc1bMj5KFxX8BJ1wBRuzw/join",2023-05-21T10:20:12Z,PT59S,110320,1081,0,87
byfvO5NoFBM,UCmxAIW7RDDC88EPk4ry16Kg,Tribunnews,"Hakim Vonis Mati Ferdy Sambo Gagal Lolos Seleksi Hakim Agung, Dapat Nol Suara di Komisi III DPR","Download aplikasi berita TribunX di Play Store atau App Store untuk dapatkan pengalaman baru

TRIBUN-VIDEO.COM - Hakim Alimin Ribut Sujono gagal melangkah dalam seleksi calon hakim agung tahun 2025.

Namanya sempat populer setelah menjatuhkan vonis mati kepada Ferdy Sambo, namun ia tidak memperoleh dukungan di DPR.

Dalam rapat pleno Komisi III DPR RI, Selasa (16/9/2025), Alimin tidak mendapat satu pun suara dari anggota dewan.

Dari 16 calon yang mengikuti uji kelayakan, hanya 10 nama yang dinyatakan layak untuk diajukan lebih lanjut.

Ketua Komisi III DPR RI, Habiburokhman, menyebut proses seleksi telah dilakukan terbuka sejak 9 hingga 15 September 2025.

Para calon diuji mulai dari rekam jejak, integritas, hingga pandangan mengenai penegakan hukum.

Alimin menjadi sorotan ketika ditanya soal pandangannya terhadap hukuman mati

 Anggota Komisi III, Benny Kabur Harman, mempertanyakan apakah vonis mati berarti menempatkan diri sebagai wakil Tuhan.

Menjawab hal itu, Alimin menegaskan keputusannya dijatuhkan demi keadilan sesuai hukum, bukan berdasarkan keyakinan pribadi.

Ia berpendapat hukuman mati sah secara hukum positif yang berlaku di Indonesia.

Meski begitu, pernyataan itu tampaknya tidak cukup meyakinkan anggota DPR.

Dengan hasil nol suara, langkah Alimin dipastikan terhenti.

Program: Tribunnews Update
Host: Tita Syarif
Editor Video : Nathanael Moer Rahardian
Uploader: Bintang Nur Rahman
Artikel ini telah tayang di WartaKotalive.com dengan judul Hakim Vonis Mati Ferdy Sambo Gagal Lolos Seleksi Hakim Agung, https://wartakota.tribunnews.com/nasional/867948/hakim-vonis-mati-ferdy-sambo-gagal-lolos-seleksi-hakim-agung#google_vignette.

#FerdySambo #HakimAgung #AliminRibutSujono #KomisiIIIDPR #SeleksiHakim #PutusanMati",2025-09-18T12:57:43Z,PT6S,385828,715,0,275
bs6AAhMd5a4,UCKII0Ml9S5wneKbHswmUrIQ,CNN Indonesia,Sidang Ferdy Sambo dan Putri Candrawathi: Pemeriksaan Saksi - CNN INDONESIA TV POOL,"Sidang kasus pembunuhan Brigadir J atau Yosua Hutabarat kembali digelar di PN Jakarta Selatan. Sidang Selasa, 8 November 2022, ini mengagendakan pemeriksaan saksi untuk terdakwa Ferdy Sambo dan Putri Candrawathi.

Pengadilan Negeri Jakarta Selatan tidak memperkenankan audio di ruang persidangan saat agenda pemeriksaan saksi disiarkan secara langsung.

Website: www.cnnindonesia.com
Facebook: https://m.facebook.com/CNNIndonesia/
Instagram: https://instagram.com/cnnindonesiatv
Twitter: https://twitter.com/cnniddaily
TikTok: https://www.tiktok.com/@cnnindonesia
Spotify: CNN Indonesia",2022-11-08T14:49:11Z,PT11H54M58S,107848,445,0,4
vGNA1wwyCGg,UCDXxEb5Wa_Y7hyGI2BzCdjA,KOMPASTV ACEH,Ferdy Sambo Sempat Tertunduk saat Hakim Beri Vonis Hukuman Mati!,"Sahabat Kompas TV Aceh jangan lupa like, comment, dan subscribe channel YouTube Kompas TV Aceh, juga aktifkan lonceng notifikasi agar tidak ketinggalan update mengenai isu-isu terkini di Indonesia.

Jangan lewatkan live streaming Kompas TV 24 jam non stop di https://www.kompas.tv/live. 
Ikuti sosial media Kompas TV Aceh:
https://www.instagram.com/kompastv.aceh
https://www.facebook.com/biro.kompastvaceh

KOMPAS TV
INDEPENDEN | TERPERCAYA 
24 UHF BANDA ACEH",2023-02-13T12:50:15Z,PT1M22S,106818,512,0,119
GbVgKSTerU4,UCyEOlSJXwV22TN1P1v57G6g,DNR OFFICIAL,Potret keluarga Ferdy Sambo dulu dan sekarang,Foto lawas keluarga ferdy sambo dan foto sekarang,2022-08-14T13:01:30Z,PT15S,106034,705,0,49
aNy1RVBJuOA,UCB1fvlA5xmLJ0tZblpoTuaQ,VIVA.CO.ID,"Polisi Usir Pengacara Brigadir J dari Rumah Ferdy Sambo, Ada Apa?","VIVA -  Pengacara keluarga Brigadir J, Kamaruddin Simanjuntak mengaku telah diusir dari lokasi rekonstruksi pembunuhan Brigadir J di rumah Irjen Ferdy Sambo. Seperti diketahui, proses rekonstruksi ulang dihadiri lima tersangka untuk kepentingan penyidikan. (RK--MA-SW) #VIVAnewsdaily

Baca berita terbaru, terkini dan terpopuler disini https://www.viva.co.id/",2022-08-30T06:06:22Z,PT2M29S,103429,821,0,624
1XAncPQNEWk,UCD4mYEJsyoMWsZsXApoJnzw,TribunJakarta Official,"Makna Gelagat Ferdy Sambo di Persidangan, Pegang Mikrofon Pakai Dua Tangan, Ini Kata Pakar Ekspresi","TRIBUN-VIDEO.COM - Gestur Ferdy Sambo saat bersaksi di Pengadilan Negeri Jakarta Selatan, Rabu (7/12/2022), menarik perhatian.

Pasalnya, saat berbicara di depan hakim untuk terdakwa Richard Eliezer alias Bharada E, Bripka Ricky Rizal dan Kuat Maruf itu, eks Kadiv Propam hampir selalu menggenggam mikrofon menggunakan dua tangan.

Gaya memegang mikrofon itu berbeda dengan saksi atau terdakwa lain yang berbicara di kasus pembunuhan berencana Nofriansyah Yosua Hutabarat atau Brigadir J itu.



Padahal secara logika mikrofon itu tak berat sehingga tak perlu dipegang sampai menggunakan dua tangan.

Pakar Mikro Ekspresi, Monica Kumalasari juga menyoroti gestur Ferdy Sambo itu.


Kata Monica, dalam sudut pandang mikro ekspresi, apa yang diperlihatkan Ferdy Sambo itu seakan dia sedang berusaha mempertahankan apa yang disampaikannya kepada majelis hakim.

""Digenggam ini adalah bahas non verbal yang biasanya menekankan infomasi yang saya sampaikan harus dipertahankan kuat-kuat, harus tetap konsisten saya pegang,"" kata Monica dilansir dari Youtube Kompas TV, Kamis (8/12/2022).


Selain itu, gestur tersebut juga menunjukan seseorang yang sedang menghindari adanya pertanyaan lain dari apa yang diucapkannya.

""Ketika dihadapkan pernyataan menurut saksi lain informasinya tidak seperti itu, maka yang beliau lakukan mencoba menghindari menjawab itu dengan menyatakan ""Menurut saya begini"" jadi tidak ada pertanyaan lain,"" ujar Monica.

Pernyataan Ferdy Sambo Dinilai Janggal

Dalam persidangan kemarin, majelis hakim menilai janggal keterangan dari Ferdy Sambo.

Pertama, seperti pada pernyataan Ferdy Sambo yang mengatakan bahwa istrinya, Putri Candrawathi sedang tidak enak badan.

Namun, pernyataan tersebut tidak tampak dalam CCTV yang dijadikan bukti.

Pernyataan Ferdy Sambo kedua yang diragukan hakim adalah terkait Putri Candrawathi yang hendak isolasi mandiri.

Dalam pernyataannya, Ferdy Sambo mengaku tidak tahu mengenai siapa saja yang ikut mengantarkan istrinya yang mau isolasi mandiri tersebut.


Kemudian hakim meragukan pernyatan tersebut karena dianggap tidak masuk akal.

Mengenai kecurigaan majelis hakim, Monica menyebut bahwa sang pengadil berpacu pada teknik yang dipegangya untuk mengetahui kejujuran dari seseorang.

""Ada 19 kriteria (teknik yang jadi acuan majelis hakim menilai kejujuran seseorang) dimana 1-5 harus terpenuhi.

Nomor 1 itu konsisten,"" ujar Monica.

Selain konsisten, gestur seseorang apakah sedang berbicara jujur atau bohong, lanjut Monica, terlihat dari spontanitas dia berbicara, kedetailan inforamasi yang disampaikan maupun adanya kesinkronan dari beberapa pihak.


""Ketika tidak melihat hal ini maka hakim mengatakan ini tidak cukup akurat dan kredibel untuk dilanjutkan lagi.

Sudah boleh ambil kesimpulan kalau infomasi yang disampaikan tidak cukup kredibel,"" kata Monica.

Secara keseluruhan, Monica juga melihat gestur Ferdy Sambo saat memberikan kesaksian begitu berbeda dibanding sidang-sidang sebelumnya.

""Nada atau intonasi suaranya sudah agak lambat, menggunakan suara dalam.

Ini beda dengan beliau biasanya di sidang sebelumnya,"" kata Monica.

Menurut Monica, hal itu menjadi indikasi jika seseorang, dalam hal ini Ferdy Sambo berbohong.

""Salah satu indikasi jika dia berbohong adalah keluar dari kebiasaan.

Salah satunya suara yang meninggi sekali atau suara yang dalam, pelan atau ragu,"" ujar Monica.



Artikel ini telah tayang di TribunJakarta.com dengan judul Gestur Pegang Mikrofon 2 Tangan Ferdy Sambo Dibongkar Pakar Ekspresi, Ternyata Terkait Konsistensi, https://jakarta.tribunnews.com/2022/12/09/gestur-pegang-mikrofon-2-tangan-ferdy-sambo-dibongkar-pakar-ekspresi-ternyata-terkait-konsistensi?page=all.
Penulis: Elga Hikari Putra | Editor: Jaisy Rahman Tohir",2022-12-09T11:25:03Z,PT57S,101536,445,0,55
Acxvy0OkOdk,UCPISc_gA9NmXEFBj8PBXAhQ,Pasal dan Masalah,BUKAN KARENA PELECEHAN?! Motif Asli Ferdy Sambo Bikin Merinding! Alasan Ferdy Sambo Bunuh Brigadir J,"BUKAN KARENA PELECEHAN?! Motif Asli Ferdy Sambo Bikin Merinding!
Fakta Mengejutkan! Alasan Sebenarnya Ferdy Sambo Bunuh Brigadir J!

📍 Kasus Pembunuhan Brigadir J oleh Ferdy Sambo: Terungkap Fakta Mengerikan!

Kasus pembunuhan Brigadir Nofriansyah Yosua Hutabarat alias Brigadir J oleh mantan Kadiv Propam Polri, Ferdy Sambo, menjadi salah satu skandal terbesar dalam sejarah kepolisian Indonesia. Pada tanggal 8 Juli 2022, Brigadir J tewas ditembak di rumah dinas Sambo, Jakarta Selatan. Dalam video ini, kami mengungkap kronologi lengkap, motif tersembunyi, dan peran setiap pelaku dalam kasus yang mengguncang publik nasional.

Motif awal yang diklaim sebagai pelecehan seksual oleh Putri Candrawathi terbukti penuh rekayasa. Bukti forensik, rekaman CCTV, serta hasil autopsi kedua membantah narasi awal yang disampaikan kepolisian. Fakta-fakta mengejutkan pun muncul, termasuk dugaan kuat adanya obstruction of justice oleh petinggi Polri.

Kami akan membahas peran Bharada E sebagai eksekutor, keterlibatan Bripka Ricky dan Kuat Ma’ruf, serta dinamika persidangan hingga vonis seumur hidup Ferdy Sambo oleh Mahkamah Agung.

Video ini juga membahas dampak sosial dan politik, termasuk tekanan publik terhadap institusi Polri dan seruan reformasi besar-besaran di tubuh kepolisian. Saksikan hingga akhir untuk memahami mengapa kasus ini begitu penting dalam sejarah penegakan hukum di Indonesia.

⚠️ Jangan lupa like, share, dan subscribe untuk mendapatkan update terkini kasus-kasus besar lainnya!
________________________________________
#FerdySambo #BrigadirJ #KasusSambo #ObstructionOfJustice #PutriCandrawathi #BharadaE #PersidanganSambo #KronologiPembunuhan #FaktaMengerikan #ReformasiPolri
________________________________________
alasan ferdy sambo bunuh brigadir j, kronologi ferdy sambo bunuh brigadir j, ferdy sambo mengakui menembak brigadir j, mengapa ferdy sambo menembak brigadir j, ferdy sambo tembak brigadir j, ferdy sambo bertemu keluarga brigadir j, ferdy sambo apakah sudah dieksekusi, ferdy sambo apa sudah dieksekusi, ferdy sambo apakah masih hidup, ferdy sambo reka adegan, apa ferdy sambo sudah dieksekusi, anak ferdy sambo, anak ferdy sambo lulus akpol, apakah ferdy sambo sudah ditembak, apa kabar ferdy sambo sekarang, ajudan ferdy sambo, awal mula kasus ferdy sambo, berita ferdy sambo, berita ferdy sambo dieksekusi, berita eksekusi ferdy sambo, berita terbaru ferdy sambo hari ini, berapa tahun hukuman ferdy sambo, berita terkini ferdy sambo hari ini, ferdy sambo putri candrawathi, ferdy sambo dan putri candrawathi, cctv rumah ferdy sambo,",2025-07-08T11:30:14Z,PT7M5S,100846,647,0,95
dMS1uKbPmRI,UCPAxpUn1mrn14xU0JpsLhDg,Kompas.com,"Ferdy Sambo, Jenderal Bintang Dua Termuda yang Ahli di Bidang Reserse","Sosok Kepala Divisi Profesi dan Pengamanan (Propam) Polri Irjen Ferdy Sambo tengah disorot. Ini karena insiden baku tembak yang terjadi di rumah dinas Ferdy di kawasan Duren Tiga, Jakarta Selatan, yang melibatkan dua personel kepolisian, Brigadir Nopryansyah Yosua Hutabarat alias Brigadir J dan Bharada E.

 Dalam peristiwa yang berlangsung pada Jumat (8/7/2022) tersebut, Brigadir J tewas dengan 4 luka tembak.

Belakangan, Polri mengungkap bahwa Brigadir J merupakan personel Badan Reserse Kriminal (Bareskrim) Polri yang diperbantukan di Propam sebagai sopir Irjen Ferdy Sambo. 

Sementara, Bharada E adalah anggota Brimob yang diperbantukan sebagai asisten pengawal pribadi Ferdy. 

Lantas, siapakah sebenarnya Irjen Ferdy Sambo? 

Lalu kasus besar apa saja yang pernah ditangani Ferdy Sambo selama di kepolisian?

Simak selengkapnya dalam video berikut.

Penulis: Fitria Chusna Farisa
Video Junalis: Pramulya Sadewa
Penulis Naskah: Rizkia Shindy
Narator: Putri Aulia
Video Editor: Dina Rahmawati
Produser: Sherly Puspita

Music: Skaler - Mike relm, Tak - Bobby Richards
#FerdySambo #BakuTembakPolisi #OhBegitu #JernihkanHarapan",2022-08-01T12:15:07Z,PT3M55S,99877,424,0,139
5FG4K8uuLUI,UC5BMIWZe9isJXLZZWPWvBlg,KOMPASTV,Inilah Momen Kocak di Sidang Ferdy Sambo!,"JAKARTA, KOMPAS.TV - Serangkaian panjang sidang Ferdy Sambo tidak hanya memancing ketegangan, tetapi juga gelak tawa pengunjung sidang di pengadilan Negeri Jakarta Selatan.

Momen lucu dalam persidangan, muncul saat ajudan Sambo Adzan Romer dan ART Sambo, Susi bersaksi.

Baca Juga Apa Arah Politik Jokowi dan Surya Paloh Semakin Jelas usai Partai Nasdem Usung Anies Baswedan? di https://www.kompas.tv/article/347572/apa-arah-politik-jokowi-dan-surya-paloh-semakin-jelas-usai-partai-nasdem-usung-anies-baswedan

_____

Jangan lewatkan live streaming Kompas TV 24 jam nonstop di https:www.kompas.tv/live

Agar tidak ketinggalan berita-berita terkini, terlengkap, serta laporan langsung dari berbagai daerah di Indonesia.

Yuk, subscribe channel Youtube Kompas TV!

Aktifkan juga lonceng supaya kamu dapat notifikasi video terbaru dari Kompas TV.

Sahabat Kompas TV juga bisa memperoleh informasi terkini melalui website: https:www.kompas.tv

Artikel ini bisa dilihat di :  https://www.kompas.tv/article/347574/inilah-momen-kocak-di-sidang-ferdy-sambo",2022-11-11T17:05:26Z,PT2M45S,97389,462,0,93
ZhbgSxco6CQ,UCB1fvlA5xmLJ0tZblpoTuaQ,VIVA.CO.ID,LIVE BREAKING NEWS : Sidang Perdana Ferdy Sambo CS,"VIVA  - Pengadilan Negeri (PN) Jakarta Selatan akan menggelar sidang perdana dengan agenda pembacaan surat dakwaan terhadap mantan kepala Divisi Profesi dan Pengamanan Polri Ferdy Sambo dan terdakwa lainnya pada Senin, 17 Oktober 2022. #sambo #brigadirj #putricandrawathi",2022-10-17T08:55:53Z,PT6H20M34S,96976,722,0,25
A2QJ_Xn2hZ8,UCm2Fz7aL464TC_0uG_yagng,kumparan,Ferdy Sambo Keceplosan Sebut Tembak Punggung Brigadir Yosua?,"Ferdy Sambo mengaku tidak ikut menembak Brigadir Yosua. Namun, dalam satu kesempatan, Sambo terdengar keceplosan menyebut 'menembak ke punggung Yosua'. Pengakuan itu terlontar dari mulut Ferdy Sambo dalam sidang konfrontir dengan Richard Eliezer, Ricky Rizal dan Kuat Ma'ruf, Rabu (7/12) lalu. Kala itu, di akhir pemeriksaan, jaksa mengkonfirmasi sejumlah bukti kepada Sambo. Apakah Ferdy Sambo Keceplosan? Selengkapnya, simak video di atas. #newsupdate #sidangsambo #news #newsflash

Homepage: https://kumparan.com
Twitter : https://twitter.com/kumparan
Facebook : https://www.facebook.com/kumparancom
Instagram : https://www.instagram.com/kumparancom",2022-12-09T14:23:27Z,PT1M42S,95261,432,0,212
xeGaMnSgFEY,UCkB-tL3qX-TmLOQiMPp-0yA,Katadata Indonesia,Ayah Mirna Sebut Ferdy Sambo Tak Terlibat dalam Kasus Kopi Sianida,"KATADATA - https://www.katadata.co.id

Kasus kopi sianida yang menewaskan Wayan Mirna dengan terpidana Jessica Kumala Wongso kerap jadi perbincangan setelah tayangnya film Ice Cold: Murder, Coffee and Jessica Wongso di Netflix beberapa waktu lalu.

Ayah kandung Mirna yakni Edi Darmawan dihadirkan dalam wawancara eksklusif dengan Karni Ilyas untuk membahas kasus putrinya pada Sabtu (7/10).

Edi buka suara soal kasus kopi sianida yang dikaitkan dengan Ferdy Sambo. Dia mengklaim bahwa mantan Kadiv Propam Polri itu tidak terlibat sama sekali dalam penyelidikan kasus tersebut.

“Pak Sambo, kita kenal baik sama beliau, tapi enggak ada ikut campur dia. Sama sekali. Boleh dibilang mendekati nol. Jadi tolonglah, jangan dikait-kaitkan, itu Pak Sambo gak ada urusannya,” kata Edi.

Saat kasus ini bergulir pada 2016, Ferdy Sambo menjabat sebagai Wakil Direktur Reserse Kriminal Umum. Sementara atasan Sambo adalah Krishna Murti Direktur Reserse Kriminal Umum Polda Metro Jaya.

Edi menyebutkan bahwa kasus kopi sianida pada 2016 ditangani oleh Unit 1 Subdit Jatanras Polda Metro Jaya yang kala itu dipimpin oleh Hendro Sukmono.

======================================================

#Katadata #KatadataIndonesia

Pantau dan Subscribe Katadata Indonesia.

Instagram : https://www.instagram.com/katadatacoid
Facebook : https://www.facebook.com/katadatacoid/
Twitter : https://twitter.com/katadatacoid
Tiktok : https://www.tiktok.com/@katadatacoid
Spotify : https://spoti.fi/3ipaxGY",2023-10-09T13:14:00Z,PT58S,96288,879,0,242
0E-XsJGoXzM,UCmxAIW7RDDC88EPk4ry16Kg,Tribunnews,"Naik Pangkat, 7 Polisi di Kasus Ferdy Sambo Dapat Jabatan Baru: Terbaru AKBP Chuck Putranto","Download aplikasi berita TribunX di Play Store atau App Store untuk dapatkan pengalaman baru

TRIBUN-VIDEO.COM - 7 anggota polisi yang terkerat kasus perintangan penyidikan perkara penembakan Brigadir Yousa oleh Ferdy Sambo, mendapatkan jabatan baru.

Terbaru adalah AKBP Chuck Putranto, mantan anak buah eks Kadiv Propam Polri Ferdy Sambo.

1. AKBP Chuck Putranto 

Chuck Putranto mendapat jabatan baru di Polda Metro Jaya setelah menjalani demosi setahun pada 1 Agustus 2024.

Pengangkatan jabatan ini diketahui berdasarkan Surat Telegram tertanggal 2 Januari 2025.

Kabar ini juga dikonfirmasi oleh Kabid Humas Polda Metro Jaya Kombes Ade Ary Syam Indradi.

Chuck Putranto akan menjabat sebagai Kabagbinopsnal Ditreskrimum Polda Metro Jaya menggantikan AKBP Indra S Tarigan.

2. Kombes Budhi Herdi Susianto

Kemudian eks Kapolres Metro Jakarta Selatan Kombes Budhi Herdi Susianto juga masuk dalam jajaran perwira yang dipromosikan sebagai jenderal Polri.

Hal ini tertuang Surat Telegram Kapolri Nomor ST/25/XI/KEP/2024.

Kombes Budhi Herdi Susianto dipromosikan dari jabatan sebelumnya di Kabagyanhak Rowatpers SSDM Polri ke jabatan Karowatpers Polri.

Di jabatan barunya, Kombes Pol Budhi akan mendapat pangkat Brigadir Jenderal Polisi atau Brigjen Pol.

3. Kombes Pol Susanto

Kombes Pol Susanto terakhir menjabat sebagai penyidik Tindak Pidana Madya Tk. II Bareskrim Polri.

Sebelumnya ia sempat dipindah ke Yanma Polri.

Ketika kasus Sambo terjadi, Kombes Susanto menjabat sebagai Kabag Gakkum Roprovost Divpropam Polri.

4. Kombes Pol Denny Setia Nugraha Nasution

Saat pembunuhan Brigadir Yosua terjadi, Denny Setia menjabat Sesro Paminal Divpropam Polri.

Ia kemudian dimutasi ke Yanma Polri karena terseret kasus tersebut.

Kemudian, ia ""dipulihkan"" dengan mendapat jabatan baru sebagai Kabagjianling Rojianstra Sops Polri.

5. Kombes Pol Murbani Budi Pitono

Murbani menjabat sebagai Kabag Renmin Divpropam Polri ketika kasus Ferdy Sambo terjadi.

Ia kemudian dipindah ke Yanma Polri sebelum kini menjabat sebagai Irbidjemensdm II Itwil III Itwasum Polri

6. AKBP Handik Zusen

Perwira menengah Polri ini kini menjabat Kasubbagopsnal Direktorat Tindak Pidana Umum Bareskrim Polri.

Ia sempat menjabat sebagai Kasubdit Resmob Ditreskrimum Polda Metro Jaya sebelum akhirnya dimutasi karena terseret kasus Ferdy Sambo.

7. AKBP Ari Cahya Nugraha

Eks anak buah Ferdy Sambo AKBP Ari Cahaya Nugraha belum lama ini dilantik sebagai Kapolres Demak di lingkungan Kapolda Jateng.

Sebelumnya Acay menjabat sebagai eks Kanit I Subdit III Direktorat Tindak Pidana Umum (Dittipidum) Badan Reserse Kriminal (Bareskrim) Polri.

Kadiv Humas Polri, Irjen Pol Sandi Nugroho mengatakan, pemberian jabatan dan kenaikan pangkat itu merupakan kebijakan pimpinan melalui pertimbangan Dewan Jabatan dan Kepangkatan Tinggi (Wanjakti) Polri.

""Kebijakan pimpinan dalam memberikan reward atau punishment agar dilaksanakan lewat rapat Wanjakti, lewat rapat Wanjakti itu lah yang akan memutuskan seseorang mendapatkan reward atau punishment,"" kata Sandi kepada wartawan di Auditorium Mutiara STIK-PTIK, Jakarta Selatan, Senin (9/12/2024) lalu.

(Tribun-Video.com)


Artikel ini telah tayang di Tribunnews.com dengan judul Jabatan Baru 7 Polisi di Kasus Ferdy Sambo: Semuanya Naik Pangkat, Terbaru AKBP Chuck Putranto, https://www.tribunnews.com/nasional/2025/01/05/jabatan-baru-7-polisi-di-kasus-ferdy-sambo-semuanya-naik-pangkat-terbaru-akbp-chuck-putranto?page=3.

Program: Tribunnews Update
Host: Rima Anggi 
Editor Video: Mellinia Pranandari
Uploader: Bintang Nur Rahman
#polisi #kasussambo #ferdysambo #naikpangkat",2025-01-05T08:54:58Z,PT3M30S,92595,398,0,783
9LCmoEesxVA,UCB1fvlA5xmLJ0tZblpoTuaQ,VIVA.CO.ID,Viral! Diduga ART Ferdy Sambo Sebut Ada Ruang Rahasia Tempat Penyiksaan Polisi,"VIVA - Beredar video yang diduga Susi, asisten rumah tangga (ART) di kediaman Ferdy Sambo. Wanita itu menyebut adanya ruang rahasia di rumah Ferdy Sambo yang digunakan untuk menyiksa anggota polisi. (SF-RD-SW) #VIVAnewsdaily

Baca berita terbaru, terkini dan terpopuler disini https://www.viva.co.id/",2022-09-05T07:30:02Z,PT3M1S,91986,691,0,301
zcKBwhajmJk,UCSnC_Ik8sxJypLWx2fRhcog,InfoPolitikBiru,Ferdy Sambo Bentak Ayah Brigadir J. #ferdysambo #brigadirj #putricandrawathi #polisi #shorts #viral,,2022-11-02T01:37:38Z,PT56S,89638,651,0,80
G7kOw9N_u3k,UCB1fvlA5xmLJ0tZblpoTuaQ,VIVA.CO.ID,[FULL] Fakta dan Kronologi Penembakan Berdarah Anak Buah Irjen Ferdy Sambo,"VIVA - Salah seorang anggota Propam Mabes Polri yang berinisial J tewas lantaran baku tembak dengan sesama anggota polisi di rumah dinas Kadiv Propam Polri Irjen Ferdy Sambo. Hal ini dikonfirmasi kebenarannya oleh Kepala Biro Penerangan Masyarakat (Karopenmas) Brigjen Pol Ahmad Ramadhan.  Lebih lanjut, Ahmad Ramadhan mengatakan bahwa kejadian pada Jumat, 8 Juli 2022. Mereka beradu tembakan di dalam rumah sampai menyebabkan meninggalnya anggota Polri berinisial J tersebut. Untuk mengetahui lebih lanjut, berikut adalah fakta penembakan anak buah Irjen Ferdy Sambo. (R-K)  #polisi #penembakan 

Berita terkait: https://www.viva.co.id/berita/nasional/1496192-brigadir-j-tewas-dengan-sejumlah-luka-tapi-bharada-e-tak-terluka

Baca berita terbaru, terkini dan terpopuler disini https://www.viva.co.id/",2022-07-11T18:48:35Z,PT14M35S,88522,446,0,312
_L3ooDC_AbM,UCKII0Ml9S5wneKbHswmUrIQ,CNN Indonesia,LIVE! Pemeriksaan Terdakwa Ferdy Sambo,"LIVE! Pemeriksaan Terdakwa Ferdy Sambo


Website: www.cnnindonesia.com
Facebook: https://m.facebook.com/CNNIndonesia/
Instagram: https://instagram.com/cnnindonesiatv
Twitter: https://twitter.com/cnniddaily
TikTok: https://www.tiktok.com/@cnnindonesia
Spotify: CNN Indonesia",2023-01-10T06:35:42Z,PT3H27M55S,85536,547,0,79
nUWyFiBTimM,UCK1Kuy7v_dXDkRmwCXMGgbA,Dunia Politik ,ferdy sambo mendapat pin emas 6 kali dari kapolri,,2025-08-08T11:53:42Z,PT12S,239699,267,0,11
X-S6Nr3iDs4,UCKII0Ml9S5wneKbHswmUrIQ,CNN Indonesia,LIVE! Kesaksian Saksi Ahli di Sidang Ferdy Sambo,"LIVE! Sidang Ferdy Sambo Kasus Pembunuhan Brigadir Yosua



Website: www.cnnindonesia.com
Facebook: https://m.facebook.com/CNNIndonesia/
Instagram: https://instagram.com/cnnindonesiatv
Twitter: https://twitter.com/cnniddaily
TikTok: https://www.tiktok.com/@cnnindonesia
Spotify: CNN Indonesia",2022-12-19T07:16:21Z,PT4H43M30S,83095,675,0,76
CiDqz41Yt7w,UCzl0OrB3-ehunyotIQvK77A,METRO TV ,Breaking News - Sidang Tuntutan Terdakwa Ferdy Sambo,"Breaking News - Sidang Tuntutan Terdakwa Ferdy Sambo 

#sidangsambo #ferdysambo #brigadirj #putricandrawathi #eliezer #yosua #rickyrizal #kuatmaruf #metrotv",2023-01-17T08:30:40Z,PT6H56S,82546,401,0,6
I8FlQOqiT8c,UC5BMIWZe9isJXLZZWPWvBlg,KOMPASTV,Mahfud MD Angkat Bicara soal Isu Ferdy Sambo Tak Tidur di Lapas,"JAKARTA, KOMPAS.TV - Menko Polhukam Mahfud MD angkat bicara soal pernyataan Alvin Lim yang menyebutkan bahwa Mantan Kadiv Propam Polri Ferdy Sambo tidak ada di Rutan Salemba.

Mahfud mengeklaim belum mengetahui isu tidak adanya Ferdy Sambo di Rutan Salemba Jakarta.

Mahfud justru mengungkap adanya warga binaan yang pulang di Lapas Sukamiskin.

Mahfud menilai persoalan ini harus segera diselesaikan.

Mahfud pun meminta Alvin Lim melaporkan temuanya ke kantor Menko Polhukam.

Sebelumnya, Alvin yang pernah satu lapas dengan Ferdy Sambo di Salemba mengatakan bahwa mantan Kadiv Propam ini tidak ada di Rutan Salemba.

Bahkan Alvin bilang, Sambo tidur di Kantor Kepala Kesatuan Pengamanan Lapas dengan ruangan berpendingin udara.

Baca Juga Respons Mahfud soal Isu Ferdy Sambo Tak Tidur di Lapas: Silakan Laporkan di https://www.kompas.tv/video/474438/respons-mahfud-soal-isu-ferdy-sambo-tak-tidur-di-lapas-silakan-laporkan

#mahfudmd #sambo #rutansalemba
 

Artikel ini bisa dilihat di :  https://www.kompas.tv/video/474483/mahfud-md-angkat-bicara-soal-isu-ferdy-sambo-tak-tidur-di-lapas",2024-01-04T16:03:42Z,PT1M34S,82478,361,0,320
QoN8BloSsoY,UCPAxpUn1mrn14xU0JpsLhDg,Kompas.com,Berapa Gaji Irjen Ferdy Sambo?,"Irjen Ferdy Sambo telah ditetapkan sebagai tersangka dalam kasus pembunuhan Brigadir J setelah diduga memerintahkan Bharada E untuk menembak Brigadir J. 

Karier cemerlang Ferdy Sambo kini harus berakhir karena disangkakan menjadi otak pelaku pembunuhan tersebut. 

Sebagai jenderal bintang dua Polri, Ferdy Sambo mendapatkan berbagai fasilitas negara untuk menunjang tugasnya. 

Apa saja tunjangan dan besaran gaji per bulan yang diterima oleh Ferdy Sambo?

Simak selengkapnya dalam video berikut.

Penulis: Muhammad Idris
Video Jurnalis: Arie Julianto, Pramulya Sadewa, Syalutan Ilham, Nissi Elizabeth
Penulis Naskah: Chrisstella Efivania Rosaline
Narator: Chrisstella Efivania Rosaline
Video Editor: Chrisstella Efivania Rosaline
Produser: Adil Pradipta
Musik: El Secreto - Yung Logos

#FerdySambo #IrjenFS #IrjenFerdySambo #JernihkanHarapan #Kompascom",2022-08-10T11:10:19Z,PT3M3S,82435,414,0,161
S-TrKfUBqco,UCSV7FgMcSdOWxeSCYCD3UOA,Warta Kota Production,Teddy Minahasa Sebut Ferdy Sambo Terlibat dalam Kasus Penembakan KM 50,"#teddyminahasa #ferdysambo #km50 #cctv #laskarfpi #shorts #youtubeshorts 

https://wartakota.tribunnews.com/2023/04/28/video-ungkit-soal-cctv-teddy-minahasa-sebut-ferdy-sambo-terlibat-dalam-kasus-penembakan-km-50",2023-04-28T11:43:48Z,PT1M,89478,1682,0,133
m5uBWkUF6iU,UCK6c4qk3hRaa6fMIEZrhiXQ,Tribun Timur,Momen Pilu Anak Ferdy Sambo Lulus Tanpa Orangtua,"#tribuntimur #ferdysambo #sambo #putricandrawathi 

(TRIBUN-TIMUR.COM)- Kabar terbaru datang dari keluarga terpidana mati kasus pembunuhan Brigadir Yosua, Ferdy Sambo.

Anak keduanya bersama Putri Candrawathi, Tribrata Putra baru saja lulus dari SMA Taruna Nusantara, pada Sabtu, 6 Mei 2023 di Magelang, Jawa Tengah.

Momen pilu pun terlihat ketika Tribrata tak didampingi kedua orangtuanya.

Diketahui saat ini Ferdy Sambo dan Putri Candrawathi  harus mendekam di penjara atas kasus pembunuhan

Meski tak seperti teman-temannya yang lain bisa merasakan foto bersama kedua orang tuanya, Tribrata Putra tetap mendapat dukungan.

Dukungan tersebut datang dari orang tua teman-temannya.

Bahkan mereka mengajaknya berfoto bersama hingga mengelus pundak anak Ferdy Sambo itu.

 beberapa orang tua murid tampak perhatian kepada Tribrata.

Kesedihan tentu dirasakan Tribrata Putra mendapati kedua orang tuanya tak bisa datang di hari kelulusan.

Meski begitu, ia terlihat tegar.


Editor Video : Ahmad Faiz Faqih
Narator : Wa Ode Nurmin
Update info terkini via http://tribun-timur.com/

Follow akun Instagram http://bit.ly/IGTribunTimur
Follow akun Twitter http://bit.ly/twitterTribunTimur
Follow dan like fanpage Facebook http://bit.ly/FBTribunTimurMks
YouTube business inquiries: 081144407111",2023-05-10T11:51:36Z,PT1M,81254,639,0,39
2wiqq3LS4Hc,UC5BMIWZe9isJXLZZWPWvBlg,KOMPASTV,Ferdy Sambo Tanya ke Eliezer Sebelum Perintah Penembakan: Berani Kamu Tembak Yosua?,"JAKARTA, KOMPAS.TV - Bharada Richard Eliezer, didakwa melakukan pembunuhan berencana Brigadir Yosua.

Jaksa menyebut, Eliezer menyatakan siap saat diperintah Ferdy Sambo untuk menembak Yosua.

Dalam dakwaan Jaksa, Eliezer menyatakan kesediaannya untuk menembak Yosua, saat Sambo mengutarakan niatnya membunuh Yosua.

Baca Juga Tidak Ajukan Eksepsi, Apakah Ini Bukti Konsistensi Eliezer Sebagai Justice Collaborator? di https://www.kompas.tv/article/339385/tidak-ajukan-eksepsi-apakah-ini-bukti-konsistensi-eliezer-sebagai-justice-collaborator

Jaksa menyebut, atas perintah Sambo, Eliezer mengisi amunisi senjata api yang akan digunakan untuk menembak Yosua. 

Sambo kemudian memberikan peluru tambahan pada Eliezer, di depan Putri Candrawathi.

Artikel ini bisa dilihat di :  https://www.kompas.tv/article/339393/ferdy-sambo-tanya-ke-eliezer-sebelum-perintah-penembakan-berani-kamu-tembak-yosua",2022-10-18T14:40:54Z,PT2M42S,79472,453,0,48
Acxvy0OkOdk,UCPISc_gA9NmXEFBj8PBXAhQ,Pasal dan Masalah,BUKAN KARENA PELECEHAN?! Motif Asli Ferdy Sambo Bikin Merinding! Alasan Ferdy Sambo Bunuh Brigadir J,"BUKAN KARENA PELECEHAN?! Motif Asli Ferdy Sambo Bikin Merinding!
Fakta Mengejutkan! Alasan Sebenarnya Ferdy Sambo Bunuh Brigadir J!

📍 Kasus Pembunuhan Brigadir J oleh Ferdy Sambo: Terungkap Fakta Mengerikan!

Kasus pembunuhan Brigadir Nofriansyah Yosua Hutabarat alias Brigadir J oleh mantan Kadiv Propam Polri, Ferdy Sambo, menjadi salah satu skandal terbesar dalam sejarah kepolisian Indonesia. Pada tanggal 8 Juli 2022, Brigadir J tewas ditembak di rumah dinas Sambo, Jakarta Selatan. Dalam video ini, kami mengungkap kronologi lengkap, motif tersembunyi, dan peran setiap pelaku dalam kasus yang mengguncang publik nasional.

Motif awal yang diklaim sebagai pelecehan seksual oleh Putri Candrawathi terbukti penuh rekayasa. Bukti forensik, rekaman CCTV, serta hasil autopsi kedua membantah narasi awal yang disampaikan kepolisian. Fakta-fakta mengejutkan pun muncul, termasuk dugaan kuat adanya obstruction of justice oleh petinggi Polri.

Kami akan membahas peran Bharada E sebagai eksekutor, keterlibatan Bripka Ricky dan Kuat Ma’ruf, serta dinamika persidangan hingga vonis seumur hidup Ferdy Sambo oleh Mahkamah Agung.

Video ini juga membahas dampak sosial dan politik, termasuk tekanan publik terhadap institusi Polri dan seruan reformasi besar-besaran di tubuh kepolisian. Saksikan hingga akhir untuk memahami mengapa kasus ini begitu penting dalam sejarah penegakan hukum di Indonesia.

⚠️ Jangan lupa like, share, dan subscribe untuk mendapatkan update terkini kasus-kasus besar lainnya!
________________________________________
#FerdySambo #BrigadirJ #KasusSambo #ObstructionOfJustice #PutriCandrawathi #BharadaE #PersidanganSambo #KronologiPembunuhan #FaktaMengerikan #ReformasiPolri
________________________________________
alasan ferdy sambo bunuh brigadir j, kronologi ferdy sambo bunuh brigadir j, ferdy sambo mengakui menembak brigadir j, mengapa ferdy sambo menembak brigadir j, ferdy sambo tembak brigadir j, ferdy sambo bertemu keluarga brigadir j, ferdy sambo apakah sudah dieksekusi, ferdy sambo apa sudah dieksekusi, ferdy sambo apakah masih hidup, ferdy sambo reka adegan, apa ferdy sambo sudah dieksekusi, anak ferdy sambo, anak ferdy sambo lulus akpol, apakah ferdy sambo sudah ditembak, apa kabar ferdy sambo sekarang, ajudan ferdy sambo, awal mula kasus ferdy sambo, berita ferdy sambo, berita ferdy sambo dieksekusi, berita eksekusi ferdy sambo, berita terbaru ferdy sambo hari ini, berapa tahun hukuman ferdy sambo, berita terkini ferdy sambo hari ini, ferdy sambo putri candrawathi, ferdy sambo dan putri candrawathi, cctv rumah ferdy sambo,",2025-07-08T11:30:14Z,PT7M5S,100846,647,0,95
dMS1uKbPmRI,UCPAxpUn1mrn14xU0JpsLhDg,Kompas.com,"Ferdy Sambo, Jenderal Bintang Dua Termuda yang Ahli di Bidang Reserse","Sosok Kepala Divisi Profesi dan Pengamanan (Propam) Polri Irjen Ferdy Sambo tengah disorot. Ini karena insiden baku tembak yang terjadi di rumah dinas Ferdy di kawasan Duren Tiga, Jakarta Selatan, yang melibatkan dua personel kepolisian, Brigadir Nopryansyah Yosua Hutabarat alias Brigadir J dan Bharada E.

 Dalam peristiwa yang berlangsung pada Jumat (8/7/2022) tersebut, Brigadir J tewas dengan 4 luka tembak.

Belakangan, Polri mengungkap bahwa Brigadir J merupakan personel Badan Reserse Kriminal (Bareskrim) Polri yang diperbantukan di Propam sebagai sopir Irjen Ferdy Sambo. 

Sementara, Bharada E adalah anggota Brimob yang diperbantukan sebagai asisten pengawal pribadi Ferdy. 

Lantas, siapakah sebenarnya Irjen Ferdy Sambo? 

Lalu kasus besar apa saja yang pernah ditangani Ferdy Sambo selama di kepolisian?

Simak selengkapnya dalam video berikut.

Penulis: Fitria Chusna Farisa
Video Junalis: Pramulya Sadewa
Penulis Naskah: Rizkia Shindy
Narator: Putri Aulia
Video Editor: Dina Rahmawati
Produser: Sherly Puspita

Music: Skaler - Mike relm, Tak - Bobby Richards
#FerdySambo #BakuTembakPolisi #OhBegitu #JernihkanHarapan",2022-08-01T12:15:07Z,PT3M55S,99877,424,0,139
5FG4K8uuLUI,UC5BMIWZe9isJXLZZWPWvBlg,KOMPASTV,Inilah Momen Kocak di Sidang Ferdy Sambo!,"JAKARTA, KOMPAS.TV - Serangkaian panjang sidang Ferdy Sambo tidak hanya memancing ketegangan, tetapi juga gelak tawa pengunjung sidang di pengadilan Negeri Jakarta Selatan.

Momen lucu dalam persidangan, muncul saat ajudan Sambo Adzan Romer dan ART Sambo, Susi bersaksi.

Baca Juga Apa Arah Politik Jokowi dan Surya Paloh Semakin Jelas usai Partai Nasdem Usung Anies Baswedan? di https://www.kompas.tv/article/347572/apa-arah-politik-jokowi-dan-surya-paloh-semakin-jelas-usai-partai-nasdem-usung-anies-baswedan

_____

Jangan lewatkan live streaming Kompas TV 24 jam nonstop di https:www.kompas.tv/live

Agar tidak ketinggalan berita-berita terkini, terlengkap, serta laporan langsung dari berbagai daerah di Indonesia.

Yuk, subscribe channel Youtube Kompas TV!

Aktifkan juga lonceng supaya kamu dapat notifikasi video terbaru dari Kompas TV.

Sahabat Kompas TV juga bisa memperoleh informasi terkini melalui website: https:www.kompas.tv

Artikel ini bisa dilihat di :  https://www.kompas.tv/article/347574/inilah-momen-kocak-di-sidang-ferdy-sambo",2022-11-11T17:05:26Z,PT2M45S,97389,462,0,93
ZhbgSxco6CQ,UCB1fvlA5xmLJ0tZblpoTuaQ,VIVA.CO.ID,LIVE BREAKING NEWS : Sidang Perdana Ferdy Sambo CS,"VIVA  - Pengadilan Negeri (PN) Jakarta Selatan akan menggelar sidang perdana dengan agenda pembacaan surat dakwaan terhadap mantan kepala Divisi Profesi dan Pengamanan Polri Ferdy Sambo dan terdakwa lainnya pada Senin, 17 Oktober 2022. #sambo #brigadirj #putricandrawathi",2022-10-17T08:55:53Z,PT6H20M34S,96976,722,0,25
A2QJ_Xn2hZ8,UCm2Fz7aL464TC_0uG_yagng,kumparan,Ferdy Sambo Keceplosan Sebut Tembak Punggung Brigadir Yosua?,"Ferdy Sambo mengaku tidak ikut menembak Brigadir Yosua. Namun, dalam satu kesempatan, Sambo terdengar keceplosan menyebut 'menembak ke punggung Yosua'. Pengakuan itu terlontar dari mulut Ferdy Sambo dalam sidang konfrontir dengan Richard Eliezer, Ricky Rizal dan Kuat Ma'ruf, Rabu (7/12) lalu. Kala itu, di akhir pemeriksaan, jaksa mengkonfirmasi sejumlah bukti kepada Sambo. Apakah Ferdy Sambo Keceplosan? Selengkapnya, simak video di atas. #newsupdate #sidangsambo #news #newsflash

Homepage: https://kumparan.com
Twitter : https://twitter.com/kumparan
Facebook : https://www.facebook.com/kumparancom
Instagram : https://www.instagram.com/kumparancom",2022-12-09T14:23:27Z,PT1M42S,95261,432,0,212
xeGaMnSgFEY,UCkB-tL3qX-TmLOQiMPp-0yA,Katadata Indonesia,Ayah Mirna Sebut Ferdy Sambo Tak Terlibat dalam Kasus Kopi Sianida,"KATADATA - https://www.katadata.co.id

Kasus kopi sianida yang menewaskan Wayan Mirna dengan terpidana Jessica Kumala Wongso kerap jadi perbincangan setelah tayangnya film Ice Cold: Murder, Coffee and Jessica Wongso di Netflix beberapa waktu lalu.

Ayah kandung Mirna yakni Edi Darmawan dihadirkan dalam wawancara eksklusif dengan Karni Ilyas untuk membahas kasus putrinya pada Sabtu (7/10).

Edi buka suara soal kasus kopi sianida yang dikaitkan dengan Ferdy Sambo. Dia mengklaim bahwa mantan Kadiv Propam Polri itu tidak terlibat sama sekali dalam penyelidikan kasus tersebut.

“Pak Sambo, kita kenal baik sama beliau, tapi enggak ada ikut campur dia. Sama sekali. Boleh dibilang mendekati nol. Jadi tolonglah, jangan dikait-kaitkan, itu Pak Sambo gak ada urusannya,” kata Edi.

Saat kasus ini bergulir pada 2016, Ferdy Sambo menjabat sebagai Wakil Direktur Reserse Kriminal Umum. Sementara atasan Sambo adalah Krishna Murti Direktur Reserse Kriminal Umum Polda Metro Jaya.

Edi menyebutkan bahwa kasus kopi sianida pada 2016 ditangani oleh Unit 1 Subdit Jatanras Polda Metro Jaya yang kala itu dipimpin oleh Hendro Sukmono.

======================================================

#Katadata #KatadataIndonesia

Pantau dan Subscribe Katadata Indonesia.

Instagram : https://www.instagram.com/katadatacoid
Facebook : https://www.facebook.com/katadatacoid/
Twitter : https://twitter.com/katadatacoid
Tiktok : https://www.tiktok.com/@katadatacoid
Spotify : https://spoti.fi/3ipaxGY",2023-10-09T13:14:00Z,PT58S,96288,879,0,242
0E-XsJGoXzM,UCmxAIW7RDDC88EPk4ry16Kg,Tribunnews,"Naik Pangkat, 7 Polisi di Kasus Ferdy Sambo Dapat Jabatan Baru: Terbaru AKBP Chuck Putranto","Download aplikasi berita TribunX di Play Store atau App Store untuk dapatkan pengalaman baru

TRIBUN-VIDEO.COM - 7 anggota polisi yang terkerat kasus perintangan penyidikan perkara penembakan Brigadir Yousa oleh Ferdy Sambo, mendapatkan jabatan baru.

Terbaru adalah AKBP Chuck Putranto, mantan anak buah eks Kadiv Propam Polri Ferdy Sambo.

1. AKBP Chuck Putranto 

Chuck Putranto mendapat jabatan baru di Polda Metro Jaya setelah menjalani demosi setahun pada 1 Agustus 2024.

Pengangkatan jabatan ini diketahui berdasarkan Surat Telegram tertanggal 2 Januari 2025.

Kabar ini juga dikonfirmasi oleh Kabid Humas Polda Metro Jaya Kombes Ade Ary Syam Indradi.

Chuck Putranto akan menjabat sebagai Kabagbinopsnal Ditreskrimum Polda Metro Jaya menggantikan AKBP Indra S Tarigan.

2. Kombes Budhi Herdi Susianto

Kemudian eks Kapolres Metro Jakarta Selatan Kombes Budhi Herdi Susianto juga masuk dalam jajaran perwira yang dipromosikan sebagai jenderal Polri.

Hal ini tertuang Surat Telegram Kapolri Nomor ST/25/XI/KEP/2024.

Kombes Budhi Herdi Susianto dipromosikan dari jabatan sebelumnya di Kabagyanhak Rowatpers SSDM Polri ke jabatan Karowatpers Polri.

Di jabatan barunya, Kombes Pol Budhi akan mendapat pangkat Brigadir Jenderal Polisi atau Brigjen Pol.

3. Kombes Pol Susanto

Kombes Pol Susanto terakhir menjabat sebagai penyidik Tindak Pidana Madya Tk. II Bareskrim Polri.

Sebelumnya ia sempat dipindah ke Yanma Polri.

Ketika kasus Sambo terjadi, Kombes Susanto menjabat sebagai Kabag Gakkum Roprovost Divpropam Polri.

4. Kombes Pol Denny Setia Nugraha Nasution

Saat pembunuhan Brigadir Yosua terjadi, Denny Setia menjabat Sesro Paminal Divpropam Polri.

Ia kemudian dimutasi ke Yanma Polri karena terseret kasus tersebut.

Kemudian, ia ""dipulihkan"" dengan mendapat jabatan baru sebagai Kabagjianling Rojianstra Sops Polri.

5. Kombes Pol Murbani Budi Pitono

Murbani menjabat sebagai Kabag Renmin Divpropam Polri ketika kasus Ferdy Sambo terjadi.

Ia kemudian dipindah ke Yanma Polri sebelum kini menjabat sebagai Irbidjemensdm II Itwil III Itwasum Polri

6. AKBP Handik Zusen

Perwira menengah Polri ini kini menjabat Kasubbagopsnal Direktorat Tindak Pidana Umum Bareskrim Polri.

Ia sempat menjabat sebagai Kasubdit Resmob Ditreskrimum Polda Metro Jaya sebelum akhirnya dimutasi karena terseret kasus Ferdy Sambo.

7. AKBP Ari Cahya Nugraha

Eks anak buah Ferdy Sambo AKBP Ari Cahaya Nugraha belum lama ini dilantik sebagai Kapolres Demak di lingkungan Kapolda Jateng.

Sebelumnya Acay menjabat sebagai eks Kanit I Subdit III Direktorat Tindak Pidana Umum (Dittipidum) Badan Reserse Kriminal (Bareskrim) Polri.

Kadiv Humas Polri, Irjen Pol Sandi Nugroho mengatakan, pemberian jabatan dan kenaikan pangkat itu merupakan kebijakan pimpinan melalui pertimbangan Dewan Jabatan dan Kepangkatan Tinggi (Wanjakti) Polri.

""Kebijakan pimpinan dalam memberikan reward atau punishment agar dilaksanakan lewat rapat Wanjakti, lewat rapat Wanjakti itu lah yang akan memutuskan seseorang mendapatkan reward atau punishment,"" kata Sandi kepada wartawan di Auditorium Mutiara STIK-PTIK, Jakarta Selatan, Senin (9/12/2024) lalu.

(Tribun-Video.com)


Artikel ini telah tayang di Tribunnews.com dengan judul Jabatan Baru 7 Polisi di Kasus Ferdy Sambo: Semuanya Naik Pangkat, Terbaru AKBP Chuck Putranto, https://www.tribunnews.com/nasional/2025/01/05/jabatan-baru-7-polisi-di-kasus-ferdy-sambo-semuanya-naik-pangkat-terbaru-akbp-chuck-putranto?page=3.

Program: Tribunnews Update
Host: Rima Anggi 
Editor Video: Mellinia Pranandari
Uploader: Bintang Nur Rahman
#polisi #kasussambo #ferdysambo #naikpangkat",2025-01-05T08:54:58Z,PT3M30S,92595,398,0,783
9LCmoEesxVA,UCB1fvlA5xmLJ0tZblpoTuaQ,VIVA.CO.ID,Viral! Diduga ART Ferdy Sambo Sebut Ada Ruang Rahasia Tempat Penyiksaan Polisi,"VIVA - Beredar video yang diduga Susi, asisten rumah tangga (ART) di kediaman Ferdy Sambo. Wanita itu menyebut adanya ruang rahasia di rumah Ferdy Sambo yang digunakan untuk menyiksa anggota polisi. (SF-RD-SW) #VIVAnewsdaily

Baca berita terbaru, terkini dan terpopuler disini https://www.viva.co.id/",2022-09-05T07:30:02Z,PT3M1S,91986,691,0,301
zcKBwhajmJk,UCSnC_Ik8sxJypLWx2fRhcog,InfoPolitikBiru,Ferdy Sambo Bentak Ayah Brigadir J. #ferdysambo #brigadirj #putricandrawathi #polisi #shorts #viral,,2022-11-02T01:37:38Z,PT56S,89638,651,0,80
G7kOw9N_u3k,UCB1fvlA5xmLJ0tZblpoTuaQ,VIVA.CO.ID,[FULL] Fakta dan Kronologi Penembakan Berdarah Anak Buah Irjen Ferdy Sambo,"VIVA - Salah seorang anggota Propam Mabes Polri yang berinisial J tewas lantaran baku tembak dengan sesama anggota polisi di rumah dinas Kadiv Propam Polri Irjen Ferdy Sambo. Hal ini dikonfirmasi kebenarannya oleh Kepala Biro Penerangan Masyarakat (Karopenmas) Brigjen Pol Ahmad Ramadhan.  Lebih lanjut, Ahmad Ramadhan mengatakan bahwa kejadian pada Jumat, 8 Juli 2022. Mereka beradu tembakan di dalam rumah sampai menyebabkan meninggalnya anggota Polri berinisial J tersebut. Untuk mengetahui lebih lanjut, berikut adalah fakta penembakan anak buah Irjen Ferdy Sambo. (R-K)  #polisi #penembakan 

Berita terkait: https://www.viva.co.id/berita/nasional/1496192-brigadir-j-tewas-dengan-sejumlah-luka-tapi-bharada-e-tak-terluka

Baca berita terbaru, terkini dan terpopuler disini https://www.viva.co.id/",2022-07-11T18:48:35Z,PT14M35S,88522,446,0,312
_L3ooDC_AbM,UCKII0Ml9S5wneKbHswmUrIQ,CNN Indonesia,LIVE! Pemeriksaan Terdakwa Ferdy Sambo,"LIVE! Pemeriksaan Terdakwa Ferdy Sambo


Website: www.cnnindonesia.com
Facebook: https://m.facebook.com/CNNIndonesia/
Instagram: https://instagram.com/cnnindonesiatv
Twitter: https://twitter.com/cnniddaily
TikTok: https://www.tiktok.com/@cnnindonesia
Spotify: CNN Indonesia",2023-01-10T06:35:42Z,PT3H27M55S,85536,547,0,79
nUWyFiBTimM,UCK1Kuy7v_dXDkRmwCXMGgbA,Dunia Politik ,ferdy sambo mendapat pin emas 6 kali dari kapolri,,2025-08-08T11:53:42Z,PT12S,239699,267,0,11
X-S6Nr3iDs4,UCKII0Ml9S5wneKbHswmUrIQ,CNN Indonesia,LIVE! Kesaksian Saksi Ahli di Sidang Ferdy Sambo,"LIVE! Sidang Ferdy Sambo Kasus Pembunuhan Brigadir Yosua



Website: www.cnnindonesia.com
Facebook: https://m.facebook.com/CNNIndonesia/
Instagram: https://instagram.com/cnnindonesiatv
Twitter: https://twitter.com/cnniddaily
TikTok: https://www.tiktok.com/@cnnindonesia
Spotify: CNN Indonesia",2022-12-19T07:16:21Z,PT4H43M30S,83095,675,0,76
CiDqz41Yt7w,UCzl0OrB3-ehunyotIQvK77A,METRO TV ,Breaking News - Sidang Tuntutan Terdakwa Ferdy Sambo,"Breaking News - Sidang Tuntutan Terdakwa Ferdy Sambo 

#sidangsambo #ferdysambo #brigadirj #putricandrawathi #eliezer #yosua #rickyrizal #kuatmaruf #metrotv",2023-01-17T08:30:40Z,PT6H56S,82546,401,0,6
I8FlQOqiT8c,UC5BMIWZe9isJXLZZWPWvBlg,KOMPASTV,Mahfud MD Angkat Bicara soal Isu Ferdy Sambo Tak Tidur di Lapas,"JAKARTA, KOMPAS.TV - Menko Polhukam Mahfud MD angkat bicara soal pernyataan Alvin Lim yang menyebutkan bahwa Mantan Kadiv Propam Polri Ferdy Sambo tidak ada di Rutan Salemba.

Mahfud mengeklaim belum mengetahui isu tidak adanya Ferdy Sambo di Rutan Salemba Jakarta.

Mahfud justru mengungkap adanya warga binaan yang pulang di Lapas Sukamiskin.

Mahfud menilai persoalan ini harus segera diselesaikan.

Mahfud pun meminta Alvin Lim melaporkan temuanya ke kantor Menko Polhukam.

Sebelumnya, Alvin yang pernah satu lapas dengan Ferdy Sambo di Salemba mengatakan bahwa mantan Kadiv Propam ini tidak ada di Rutan Salemba.

Bahkan Alvin bilang, Sambo tidur di Kantor Kepala Kesatuan Pengamanan Lapas dengan ruangan berpendingin udara.

Baca Juga Respons Mahfud soal Isu Ferdy Sambo Tak Tidur di Lapas: Silakan Laporkan di https://www.kompas.tv/video/474438/respons-mahfud-soal-isu-ferdy-sambo-tak-tidur-di-lapas-silakan-laporkan

#mahfudmd #sambo #rutansalemba
 

Artikel ini bisa dilihat di :  https://www.kompas.tv/video/474483/mahfud-md-angkat-bicara-soal-isu-ferdy-sambo-tak-tidur-di-lapas",2024-01-04T16:03:42Z,PT1M34S,82478,361,0,320
QoN8BloSsoY,UCPAxpUn1mrn14xU0JpsLhDg,Kompas.com,Berapa Gaji Irjen Ferdy Sambo?,"Irjen Ferdy Sambo telah ditetapkan sebagai tersangka dalam kasus pembunuhan Brigadir J setelah diduga memerintahkan Bharada E untuk menembak Brigadir J. 

Karier cemerlang Ferdy Sambo kini harus berakhir karena disangkakan menjadi otak pelaku pembunuhan tersebut. 

Sebagai jenderal bintang dua Polri, Ferdy Sambo mendapatkan berbagai fasilitas negara untuk menunjang tugasnya. 

Apa saja tunjangan dan besaran gaji per bulan yang diterima oleh Ferdy Sambo?

Simak selengkapnya dalam video berikut.

Penulis: Muhammad Idris
Video Jurnalis: Arie Julianto, Pramulya Sadewa, Syalutan Ilham, Nissi Elizabeth
Penulis Naskah: Chrisstella Efivania Rosaline
Narator: Chrisstella Efivania Rosaline
Video Editor: Chrisstella Efivania Rosaline
Produser: Adil Pradipta
Musik: El Secreto - Yung Logos

#FerdySambo #IrjenFS #IrjenFerdySambo #JernihkanHarapan #Kompascom",2022-08-10T11:10:19Z,PT3M3S,82435,414,0,161
S-TrKfUBqco,UCSV7FgMcSdOWxeSCYCD3UOA,Warta Kota Production,Teddy Minahasa Sebut Ferdy Sambo Terlibat dalam Kasus Penembakan KM 50,"#teddyminahasa #ferdysambo #km50 #cctv #laskarfpi #shorts #youtubeshorts 

https://wartakota.tribunnews.com/2023/04/28/video-ungkit-soal-cctv-teddy-minahasa-sebut-ferdy-sambo-terlibat-dalam-kasus-penembakan-km-50",2023-04-28T11:43:48Z,PT1M,89478,1682,0,133
m5uBWkUF6iU,UCK6c4qk3hRaa6fMIEZrhiXQ,Tribun Timur,Momen Pilu Anak Ferdy Sambo Lulus Tanpa Orangtua,"#tribuntimur #ferdysambo #sambo #putricandrawathi 

(TRIBUN-TIMUR.COM)- Kabar terbaru datang dari keluarga terpidana mati kasus pembunuhan Brigadir Yosua, Ferdy Sambo.

Anak keduanya bersama Putri Candrawathi, Tribrata Putra baru saja lulus dari SMA Taruna Nusantara, pada Sabtu, 6 Mei 2023 di Magelang, Jawa Tengah.

Momen pilu pun terlihat ketika Tribrata tak didampingi kedua orangtuanya.

Diketahui saat ini Ferdy Sambo dan Putri Candrawathi  harus mendekam di penjara atas kasus pembunuhan

Meski tak seperti teman-temannya yang lain bisa merasakan foto bersama kedua orang tuanya, Tribrata Putra tetap mendapat dukungan.

Dukungan tersebut datang dari orang tua teman-temannya.

Bahkan mereka mengajaknya berfoto bersama hingga mengelus pundak anak Ferdy Sambo itu.

 beberapa orang tua murid tampak perhatian kepada Tribrata.

Kesedihan tentu dirasakan Tribrata Putra mendapati kedua orang tuanya tak bisa datang di hari kelulusan.

Meski begitu, ia terlihat tegar.


Editor Video : Ahmad Faiz Faqih
Narator : Wa Ode Nurmin
Update info terkini via http://tribun-timur.com/

Follow akun Instagram http://bit.ly/IGTribunTimur
Follow akun Twitter http://bit.ly/twitterTribunTimur
Follow dan like fanpage Facebook http://bit.ly/FBTribunTimurMks
YouTube business inquiries: 081144407111",2023-05-10T11:51:36Z,PT1M,81254,639,0,39
2wiqq3LS4Hc,UC5BMIWZe9isJXLZZWPWvBlg,KOMPASTV,Ferdy Sambo Tanya ke Eliezer Sebelum Perintah Penembakan: Berani Kamu Tembak Yosua?,"JAKARTA, KOMPAS.TV - Bharada Richard Eliezer, didakwa melakukan pembunuhan berencana Brigadir Yosua.

Jaksa menyebut, Eliezer menyatakan siap saat diperintah Ferdy Sambo untuk menembak Yosua.

Dalam dakwaan Jaksa, Eliezer menyatakan kesediaannya untuk menembak Yosua, saat Sambo mengutarakan niatnya membunuh Yosua.

Baca Juga Tidak Ajukan Eksepsi, Apakah Ini Bukti Konsistensi Eliezer Sebagai Justice Collaborator? di https://www.kompas.tv/article/339385/tidak-ajukan-eksepsi-apakah-ini-bukti-konsistensi-eliezer-sebagai-justice-collaborator

Jaksa menyebut, atas perintah Sambo, Eliezer mengisi amunisi senjata api yang akan digunakan untuk menembak Yosua. 

Sambo kemudian memberikan peluru tambahan pada Eliezer, di depan Putri Candrawathi.

Artikel ini bisa dilihat di :  https://www.kompas.tv/article/339393/ferdy-sambo-tanya-ke-eliezer-sebelum-perintah-penembakan-berani-kamu-tembak-yosua",2022-10-18T14:40:54Z,PT2M42S,79472,453,0,48
ts8cGojogko,UCPAxpUn1mrn14xU0JpsLhDg,Kompas.com,Brimob Bersenjata Berjaga Saat Sidang Kode Etik Ferdy Sambo di Depan Gedung TNCC Polri,"Polri menggelar Sidang Komisi Kode Etik (KKEP) terhadap mantan Kadiv Propam Polri Irjen Ferdy Sambo di Gedung TNCC Polri, Kamis (25/8/2022).

Berdasarkan pantauan Kompas.com, anggota Brigade Mobil (Brimob) berjaga di depan ruang sidang kode etik.

Para personel Brimob menjaga ruang sidang kode etik dengan menggunakan pakaian loreng khas Brimob serta senjata lengkap.

Simak selengkapnya dalam video berikut.
Video Jurnalis: Pramulya Sadewa
Penulis Naskah: Pramulya Sadewa
Video Editor: Timothy Afryano
Produser: Rose Komala Dewi

Musik: 

#JernihkanHarapan #SidangKodeEtik #FerdySambo #Kompascom",2022-08-25T06:02:22Z,PT1M17S,79469,242,0,140
ppynA9MBnYE,UCwFc1bMj5KFxX8BJ1wBRuzw,Tribun MedanTV,VIDEO LAWAS Ferdy Sambo Minta Naik Pangkat ke Krishna Murti Jadi Sorotan!,"TRIBUN-MEDAN.COM - Usai film dokumenter Ice Cold: Murder, Coffe and Jessica Wongso tayang, video lawas Ferdy Sambo kembali jadi perbincangan publik.

Dalam video yang beredar, Ferdy Sambo minta naik pangkat ke Krishna Murti, diduga diambil pada tahun 2016.

Diketahui, saat itu nama Krishna Murti mendadak viral karena menangani kasus tewasnya Mirna Salihin akibat kopi sianida yang diduga dilakukan oleh sahabatnya, Jessica Wongso.

Bergabung dengan channel ini untuk mendapatkan akses ke berbagai keuntungan:
https://www.youtube.com/channel/UCwFc1bMj5KFxX8BJ1wBRuzw/join",2023-10-08T09:17:51Z,PT1M,79876,712,0,79
kxkKu5Fj1eo,UCKII0Ml9S5wneKbHswmUrIQ,CNN Indonesia,LIVE! Sidang Tuntutan Terdakwa Ferdy Sambo Terkait Kasus Pembunuhan Yosua,"LIVE! Sidang Tuntutan Ferdy Sambo Atas Kasus Pembunuhan Brigadir Yosua

Website: www.cnnindonesia.com
Facebook: https://m.facebook.com/CNNIndonesia/
Instagram: https://instagram.com/cnnindonesiatv
Twitter: https://twitter.com/cnniddaily
TikTok: https://www.tiktok.com/@cnnindonesia
Spotify: CNN Indonesia",2023-01-17T06:15:51Z,PT3H48M16S,78801,531,0,39
uOdeIa96PiE,UCmUDjkdj3-31lgIdo6wIdoA,Teras Kisah,"FERDY SAMBO : DARI ""EKSEKUSI"" BRIGADIR J HINGGA KONSORSIUM 303","Kasus Ferdy Sambo adalah salah satu skandal terbesar dalam sejarah kepolisian Indonesia. Dari seorang jenderal bintang dua, ia jatuh ke dalam lingkaran kejahatan, rekayasa kasus, dan vonis hukuman mati.
Tonton video ini sampai habis! Kami akan membahas fakta lengkap berdasarkan data valid, tanpa sensor dan dengan bahasa yang mudah dipahami.
.
.
#teraskisah 
#kamarjeri 
#nessiejudge 
#kamarfilm
#beritaterkini 
#ferdysambo 
#beranda 
#faktaindonesia 
#dokumenter 
#dokumenterkriminal 
#dokumentermisteri 
#dokumentasi 
#kisahnyata 
#kisahlegendaris 
#kriminal 
#konsorsium303
#judol 
#judionline 
#brigadirj 
#brigadirjoshua 
#polisi 
#polisiindonesia 
#sambo 
#trendingvideos 
#faktaunik",2025-02-20T13:01:19Z,PT23M30S,78916,818,0,167
HaJv6MrW8vw,UCdOovgmIPfj9a-o3VP5i2_g,MerdekaDotCom,Tatapan Tajam Mata Eliezer ke Ferdy Sambo di Persidangan #merdekadotcom #sidangsambo,,2022-12-07T14:10:13Z,PT33S,78366,893,0,42
Dvnj3EezrDc,UCDxjhss7qTdHYLMchzmRn3w,Tribun Singkawang,"Aktivitas Istri Ferdy Sambo di Lapas Tangerang, Ikut Lomba Agustusan!","Putri Candrawathi, istri mantan Kadiv Propam Polri, Ferdy Sambo mendapat pengurangan masa pidana atau hukuman penjara 9 bulan.

Terpidana kasus pembunuhan berencana Brigadir Nofriansyah Yosua Hutabarat atau Brigadir J tersebut mendapat Remisi Umum (RU) dan Remisi Dasawarsa (RD) pada penyelenggaraan HUT ke-80 Republik Indonesia.

""Beliau dapat remisi umum selama 4 bulan, lalu ditambahkan dengan Remisi Dasawarsa itu 5 bulan, jadi total sembilan bulan pengurangan masa hukuman,"" ujar Kepala Sub Bagian Tata Usaha Lapas Kelas IIA Tangerang, Suratmin  dilansir dari TribunTangerang.com, Selasa (19/8/2025).

Ia menjelaskan, Surat Keputusan (SK) remisi tersebut telah diserahkan langsung kepada Putri Candrawathi setelah upacara HUT ke-80 RI oleh Kalapas Kelas IIA Tangerang, Triana Agustin.

Remisi ini merupakan remisi ketiga yang diterima Putri Candrawathi selama dia menjalani hukuman di Lapas Kelas IIA Tangerang.

Putri Candrawathi pada 2023 sempat mendapatkan remisi Hari Raya Natal 1 bulan.

Selanjutnya, pada 2024, Putri Candrawathi kembali mendapat pengurangan hukuman selama 1 bulan berupa remisi Hari raya Natal.

Ada sejumlah pertimbangan pemerintah memberikan remisi terhadap Putri Candrawathi.

Suratmin mengungkap aktivitas Putri Candrawathi selama menjalani hukuman di Lapas Kelas IIA Tangerang, Banten.

Adat tiga aktivitas yang membuat pemerintah memberikan remisi 9 bulan kepada Putri Candrawathi.

Pertama, Putri Candrawathi kerap menjadi peserta kegiatan donor darah.

Kedua, Putri Candrawathi aktif mengikuti setiap kegiatan umum di dalam Lapas.

Ketika, Putri Candrawati telah terampil membuat tas rajutan di antara narapidana lainnya.

Bahkan, tas rajutan karya Putri Candrawathi disebut laris manis terjual dalam gelaran Indonesian Prison Products and Art Festival (IPPA Fest) 2025.

Kendati demikian Ratmin memastikan, istri mantan Jenderal Bintang Dua di Kepolisian Republik Indonesia itu tidak mendapat perlakuan khusus ataupun istimewa dibandingkan dengan warga binaan lainnya.

Terlebih saat ini penghuni lapas yang berada di Jalan Daan Mogot KM 23, Tanah Tinggi, Kota Tangerang, Banten itu dihuni oleh 220 narapidana dan 74 orang tahanan.

#ferdysambo #polisi #shorts #short #shortvideo #shortsfeed #shortsvideo #shortsyoutube #artist #beritaterkini #beritaterbaru #beritaviral #berita #beritaartis #selebriti #indonesia #infotainment #entertainment #trending #trendingvideo #trendingshorts #viral #viralvideo #viralvideos #viralshort #viralshorts #video 

Simak berita selengkapnya di http://pontianak.tribunnews.com/
Simak Video Viral lainnya https://pontianak.tribunnews.com/topic/berita-video

Program: -
Host: -
Editor Video: Tri Suryo Prastyo
Uploader: -

Ikuti saluran Tribun Pontianak di WhatsApp: https://whatsapp.com/channel/0029VaLdWgm9WtBzrkP5OS1K
Download aplikasi berita TribunX di Play Store atau App Store untuk dapatkan pengalaman baru

Follow us:

Instagram: https://www.instagram.com/tribunsingkawangofficial/
Facebook: https://www.facebook.com/tribunsingkawangupdate
Twitter: https://twitter.com/tribunpontianak
TikTok: https://www.tiktok.com/@tribunsingkawang

Terima Kasih Telah Subscribe, Like, dan comment konten-konten menarik dari Kami.",2025-08-21T19:00:13Z,PT3M3S,92805,172,0,74
lAfa01UUung,UCdOovgmIPfj9a-o3VP5i2_g,MerdekaDotCom,"🔴 LIVE: Sidang Kasus Ferdy Sambo, Bharada E Hadapi Pemeriksaan 12 Saksi","MERDEKA.COM - Pengadilan Negeri Jakarta Selatan (PN Jaksel) menggelar sidang pemeriksaan 12 saksi atas terdakwa Richard Eliezer. Dua di antaranya, Ferdy Sambo dan Putri Candrawathi.

----
#merdekadotcom

MORE VIDEOS: https://video.merdeka.com/

Produced by https://www.merdeka.com
KLN Apps ► http://www.kln.id/apps/

----
Youtube ► https://www.youtube.com/merdekacomvideonews
Vidio ► https://www.vidio.com/@merdeka
Twitter ► https://twitter.com/merdekadotcom
Facebook ► https://www.facebook.com/MDKcom
Telegram ► https://t.me/merdekacomnewsupdate",2022-10-25T03:43:49Z,PT38M1S,77617,399,0,128
zPH1r-BRSUc,UCPAxpUn1mrn14xU0JpsLhDg,Kompas.com,Saat Hakim Wahyu Tegur Ferdy Sambo karena Banyak Keterangan Dinilai Tak Masuk Akal,"Tonton video lainnya di https://kmp.im/video

KOMPAS.com - Hakim Ketua Wahyu Iman Santoso meragukan pernyataan dari Ferdy Sambo ketika menjadi saksi dalam persidangan untuk terdakwa Richard Eliezer, Ricky Rizal, dan Kuat Maruf, Rabu (7/12/2022).

Mulanya, Hakim Wahyu menanyakan alasan Ferdy Sambo menyusun skenario tembak menembak.

Namun, Ferdy Sambo justru menjawab secara berbelit-belit dan tidak sesuai dengan bukti yang sudah ada.

Hakim Wahyu pun semakin ragu dengan pernyataan dari Ferdy Sambo dan menganggap bahwa pernyataan tersebut tidak masuk akal.

Wahyu lantas meminta Sambo untuk bercerita apa adanya dan tidak terus-terusan membuat pengakuan.

Simak selengkapnya dalam video berikut.


Video Editor: Chrisstella Efivania Rosaline


Produser: Ira Gita Natalia Sembiring


Musik: Fat Man - Yung Logos


#JernihkanHarapan",2022-12-09T00:00:30Z,PT3M32S,72460,480,0,137
yo2s8PXndE0,UCB1fvlA5xmLJ0tZblpoTuaQ,VIVA.CO.ID,Pernyataan Ferdy Sambo tentang Divisi Propam #vivacoid #ferdysambo #sambo,"VIVA - Pernyataan Ferdy Sambo tentang Divisi Propam.

Baca berita terbaru, terkini dan terpopuler disini https://www.viva.co.id/",2022-08-10T05:55:56Z,PT59S,68040,683,0,196
6qWLH-NfR5k,UC06gryP1oTCGEWbNW8pfIRA,TribunJatim Official,"KAMARUDDIN SIAP ADOPSI, Nasib Anak Ferdy Sambo dan Putri Chadrawati","Editor: Anugrah Fitra



TRIBUNJATIM.COM - Putri Chandrawati, pada Kamis (19/8/2022) resmi menyusul sang suami, Irjen Ferdy Sambo dalam mendapat status sebagai tersangka.


Meski awalnya mengklaim jadi korban pelecehan, Putri kini justru diduga kuat terlibat dalam perencanaan pembunuhan Brigadir J.


Walhasil, Keduanya meninggalkan tugas mengasuh empat orang anak, termasuk yang paling bungsu, yang usianya bahkan belum genap dua tahun


Demi tetap lancarnya proses hukum, Kuasa Hukum Brigadir J janji akan adopsi anak ferdy sambo paling bungsu


#anakferdysambo #putrichandrawatitersangka #nasibanakferdysambo


SUBSCRIBE - https://www.youtube.com/channel/UC06gryP1oTCGEWbNW8pfIRA?view_as=subscriber


WEBSITE: - http://jatim.tribunnews.com/ 
https://madura.tribunnews.com/
https://mataraman.tribunnews.com/


mata lokal menjangkau indonesia",2022-08-20T12:37:05Z,PT1M33S,67118,381,0,237
DrF7zn1jm-I,UCB1fvlA5xmLJ0tZblpoTuaQ,VIVA.CO.ID,"Sosok Pria Misterius di Sidang Ferdy Sambo, Mendapat Perlakuan Khusus","VIVA - Ferdy Sambo kembali menjalani sidang perkara pembunuhan berencana Brigadir J di Pengadilan Negeri Jakarta Selatan (PN Jaksel) hari Kamis, 20 Oktober 2022. Saat perjalanan menuju ruang sidang, Sambo kedapatan berjabat tangan dengan seorang pria. Lantas, siapa pria tersebut? (RP-RN-SW) #DengerinVIVA

Baca berita terbaru, terkini dan terpopuler disini https://www.viva.co.id/",2022-10-20T13:06:53Z,PT1M38S,65996,231,0,66
F1X45plRQUo,UCdOovgmIPfj9a-o3VP5i2_g,MerdekaDotCom,MARAH! Brimob Loreng Bentak Ancam Usir Wartawan di Sidang Etik Ferdy Sambo,"MERDEKA.COM - Seorang anggota Brimob berbaju loreng terekam berteriak ke arah wartawan di lokasi peliputan sidang etik Irjen Ferdy Sambo Kamis 25 Agustus 2022

Suasana di luar sidang sempat tegang Anggota Brimob itu membentak wartawan dengan nada tinggi

Momen tersebut terjadi ketika Kadiv Humas Polri Irjen Dedi Prasetyo mempersilakan media untuk masuk ke dalam gedung guna meliput kedatangan Irjen Pol Ferdy Sambo

Kejadian itu juga sempat dilihat langsung Dedi Prasetyo dan Karopenmas Divhumas Polri, Brigjen Ahmad Ramadhan

----
#merdekadotcom

MORE VIDEOS: https://video.merdeka.com/

Produced by https://www.merdeka.com
KLN Apps ► http://www.kln.id/apps/

----
Youtube ► https://www.youtube.com/merdekacomvideonews
Vidio ► https://www.vidio.com/@merdeka
Twitter ► https://twitter.com/merdekadotcom
Facebook ► https://www.facebook.com/MDKcom
Telegram ► https://t.me/merdekacomnewsupdate",2022-08-25T12:00:13Z,PT1M28S,65444,292,0,814
LjhQY3gZc7g,UCwFc1bMj5KFxX8BJ1wBRuzw,Tribun MedanTV,"Tatapan Tajam Bharada E Dengar Kesaksian Ferdy Sambo, Sampai Gelengkan Kepala","TRIBUN-MEDAN.Com, Bharada E menatap dengan tajam Ferdy Sambo saat memberikan kesaksian terkait penembakan Brigadir J.

Bharada E tampak menggelengkan kepala mendengar keterangan yang disampaikan oleh mantan atasannya itu.

Hal tersebut terjadi saat sidang lanjutan kasus pembunuhan Brigadir J dengan Ferdy Sambo sebagai saksi untuk terdakwa Bharada E, Bripka RR, dan Kuat Ma’ruf pada Rabu (7/12/2022).

Bharada E mengatakan bahwa perintah yang diberikan Ferdy Sambo adalah 'tembak'.

Baca selengkapnya di www.tribun-medan.com : https://medan.tribunnews.com/2022/12/08/tatapan-tajam-bharada-e-dengar-kesaksian-ferdy-sambo-sampai-gelengkan-kepala",2022-12-08T00:09:52Z,PT1M51S,64865,260,0,120
gVF1gxqTkHQ,UCSV7FgMcSdOWxeSCYCD3UOA,Warta Kota Production,Bripka Ricky Rizal Siap Berhadapan dengan Ferdy Sambo,"#shorts 
Bongkar Kasus Brigadir J, Bripka Ricky Rizal Siap Berhadapan dengan Ferdy Sambo

BACA SELENGKAPNYA: https://wartakota.tribunnews.com/2022/09/15/bongkar-kasus-brigadir-j-bripka-ricky-rizal-siap-berhadapan-dengan-ferdy-sambo.

WARTAKOTALIVE.COM, JAKARTA - Siap bongkar kasus kematian Brigadir J, Bripka Ricky Rizal mengaku siap berhadap-hadapan langsung dengan Ferdy Sambo di pengadilan.

Kesiapan Bripka Ricky Rizal berhadapan langsung dengan Ferdy Sambo diungkapkan Erman Umar.

Erman Umar mengatakan bahwa tidak ada ketakutan Bripka Ricky Rizal saat mendengar nama Ferdy Sambo.

Namun, Bripka Ricky Rizal tidak menampik masih alami ketakutan bertemu langsung dengan sosok Ferdy Sambo yang tegas dan keras.

#BripkaRickyRizal #FerdySambo #KasusBrigadirJ

Sumber: Youtube Kompas TV
Penulis & VO: Desy Selviany
Editor Video: udinudin",2022-09-15T09:44:34Z,PT59S,62224,244,0,28
ts8cGojogko,UCPAxpUn1mrn14xU0JpsLhDg,Kompas.com,Brimob Bersenjata Berjaga Saat Sidang Kode Etik Ferdy Sambo di Depan Gedung TNCC Polri,"Polri menggelar Sidang Komisi Kode Etik (KKEP) terhadap mantan Kadiv Propam Polri Irjen Ferdy Sambo di Gedung TNCC Polri, Kamis (25/8/2022).

Berdasarkan pantauan Kompas.com, anggota Brigade Mobil (Brimob) berjaga di depan ruang sidang kode etik.

Para personel Brimob menjaga ruang sidang kode etik dengan menggunakan pakaian loreng khas Brimob serta senjata lengkap.

Simak selengkapnya dalam video berikut.
Video Jurnalis: Pramulya Sadewa
Penulis Naskah: Pramulya Sadewa
Video Editor: Timothy Afryano
Produser: Rose Komala Dewi

Musik: 

#JernihkanHarapan #SidangKodeEtik #FerdySambo #Kompascom",2022-08-25T06:02:22Z,PT1M17S,79469,242,0,140
ppynA9MBnYE,UCwFc1bMj5KFxX8BJ1wBRuzw,Tribun MedanTV,VIDEO LAWAS Ferdy Sambo Minta Naik Pangkat ke Krishna Murti Jadi Sorotan!,"TRIBUN-MEDAN.COM - Usai film dokumenter Ice Cold: Murder, Coffe and Jessica Wongso tayang, video lawas Ferdy Sambo kembali jadi perbincangan publik.

Dalam video yang beredar, Ferdy Sambo minta naik pangkat ke Krishna Murti, diduga diambil pada tahun 2016.

Diketahui, saat itu nama Krishna Murti mendadak viral karena menangani kasus tewasnya Mirna Salihin akibat kopi sianida yang diduga dilakukan oleh sahabatnya, Jessica Wongso.

Bergabung dengan channel ini untuk mendapatkan akses ke berbagai keuntungan:
https://www.youtube.com/channel/UCwFc1bMj5KFxX8BJ1wBRuzw/join",2023-10-08T09:17:51Z,PT1M,79876,712,0,79
kxkKu5Fj1eo,UCKII0Ml9S5wneKbHswmUrIQ,CNN Indonesia,LIVE! Sidang Tuntutan Terdakwa Ferdy Sambo Terkait Kasus Pembunuhan Yosua,"LIVE! Sidang Tuntutan Ferdy Sambo Atas Kasus Pembunuhan Brigadir Yosua

Website: www.cnnindonesia.com
Facebook: https://m.facebook.com/CNNIndonesia/
Instagram: https://instagram.com/cnnindonesiatv
Twitter: https://twitter.com/cnniddaily
TikTok: https://www.tiktok.com/@cnnindonesia
Spotify: CNN Indonesia",2023-01-17T06:15:51Z,PT3H48M16S,78801,531,0,39
uOdeIa96PiE,UCmUDjkdj3-31lgIdo6wIdoA,Teras Kisah,"FERDY SAMBO : DARI ""EKSEKUSI"" BRIGADIR J HINGGA KONSORSIUM 303","Kasus Ferdy Sambo adalah salah satu skandal terbesar dalam sejarah kepolisian Indonesia. Dari seorang jenderal bintang dua, ia jatuh ke dalam lingkaran kejahatan, rekayasa kasus, dan vonis hukuman mati.
Tonton video ini sampai habis! Kami akan membahas fakta lengkap berdasarkan data valid, tanpa sensor dan dengan bahasa yang mudah dipahami.
.
.
#teraskisah 
#kamarjeri 
#nessiejudge 
#kamarfilm
#beritaterkini 
#ferdysambo 
#beranda 
#faktaindonesia 
#dokumenter 
#dokumenterkriminal 
#dokumentermisteri 
#dokumentasi 
#kisahnyata 
#kisahlegendaris 
#kriminal 
#konsorsium303
#judol 
#judionline 
#brigadirj 
#brigadirjoshua 
#polisi 
#polisiindonesia 
#sambo 
#trendingvideos 
#faktaunik",2025-02-20T13:01:19Z,PT23M30S,78917,818,0,167
HaJv6MrW8vw,UCdOovgmIPfj9a-o3VP5i2_g,MerdekaDotCom,Tatapan Tajam Mata Eliezer ke Ferdy Sambo di Persidangan #merdekadotcom #sidangsambo,,2022-12-07T14:10:13Z,PT33S,78366,893,0,42
Dvnj3EezrDc,UCDxjhss7qTdHYLMchzmRn3w,Tribun Singkawang,"Aktivitas Istri Ferdy Sambo di Lapas Tangerang, Ikut Lomba Agustusan!","Putri Candrawathi, istri mantan Kadiv Propam Polri, Ferdy Sambo mendapat pengurangan masa pidana atau hukuman penjara 9 bulan.

Terpidana kasus pembunuhan berencana Brigadir Nofriansyah Yosua Hutabarat atau Brigadir J tersebut mendapat Remisi Umum (RU) dan Remisi Dasawarsa (RD) pada penyelenggaraan HUT ke-80 Republik Indonesia.

""Beliau dapat remisi umum selama 4 bulan, lalu ditambahkan dengan Remisi Dasawarsa itu 5 bulan, jadi total sembilan bulan pengurangan masa hukuman,"" ujar Kepala Sub Bagian Tata Usaha Lapas Kelas IIA Tangerang, Suratmin  dilansir dari TribunTangerang.com, Selasa (19/8/2025).

Ia menjelaskan, Surat Keputusan (SK) remisi tersebut telah diserahkan langsung kepada Putri Candrawathi setelah upacara HUT ke-80 RI oleh Kalapas Kelas IIA Tangerang, Triana Agustin.

Remisi ini merupakan remisi ketiga yang diterima Putri Candrawathi selama dia menjalani hukuman di Lapas Kelas IIA Tangerang.

Putri Candrawathi pada 2023 sempat mendapatkan remisi Hari Raya Natal 1 bulan.

Selanjutnya, pada 2024, Putri Candrawathi kembali mendapat pengurangan hukuman selama 1 bulan berupa remisi Hari raya Natal.

Ada sejumlah pertimbangan pemerintah memberikan remisi terhadap Putri Candrawathi.

Suratmin mengungkap aktivitas Putri Candrawathi selama menjalani hukuman di Lapas Kelas IIA Tangerang, Banten.

Adat tiga aktivitas yang membuat pemerintah memberikan remisi 9 bulan kepada Putri Candrawathi.

Pertama, Putri Candrawathi kerap menjadi peserta kegiatan donor darah.

Kedua, Putri Candrawathi aktif mengikuti setiap kegiatan umum di dalam Lapas.

Ketika, Putri Candrawati telah terampil membuat tas rajutan di antara narapidana lainnya.

Bahkan, tas rajutan karya Putri Candrawathi disebut laris manis terjual dalam gelaran Indonesian Prison Products and Art Festival (IPPA Fest) 2025.

Kendati demikian Ratmin memastikan, istri mantan Jenderal Bintang Dua di Kepolisian Republik Indonesia itu tidak mendapat perlakuan khusus ataupun istimewa dibandingkan dengan warga binaan lainnya.

Terlebih saat ini penghuni lapas yang berada di Jalan Daan Mogot KM 23, Tanah Tinggi, Kota Tangerang, Banten itu dihuni oleh 220 narapidana dan 74 orang tahanan.

#ferdysambo #polisi #shorts #short #shortvideo #shortsfeed #shortsvideo #shortsyoutube #artist #beritaterkini #beritaterbaru #beritaviral #berita #beritaartis #selebriti #indonesia #infotainment #entertainment #trending #trendingvideo #trendingshorts #viral #viralvideo #viralvideos #viralshort #viralshorts #video 

Simak berita selengkapnya di http://pontianak.tribunnews.com/
Simak Video Viral lainnya https://pontianak.tribunnews.com/topic/berita-video

Program: -
Host: -
Editor Video: Tri Suryo Prastyo
Uploader: -

Ikuti saluran Tribun Pontianak di WhatsApp: https://whatsapp.com/channel/0029VaLdWgm9WtBzrkP5OS1K
Download aplikasi berita TribunX di Play Store atau App Store untuk dapatkan pengalaman baru

Follow us:

Instagram: https://www.instagram.com/tribunsingkawangofficial/
Facebook: https://www.facebook.com/tribunsingkawangupdate
Twitter: https://twitter.com/tribunpontianak
TikTok: https://www.tiktok.com/@tribunsingkawang

Terima Kasih Telah Subscribe, Like, dan comment konten-konten menarik dari Kami.",2025-08-21T19:00:13Z,PT3M3S,92805,172,0,74
lAfa01UUung,UCdOovgmIPfj9a-o3VP5i2_g,MerdekaDotCom,"🔴 LIVE: Sidang Kasus Ferdy Sambo, Bharada E Hadapi Pemeriksaan 12 Saksi","MERDEKA.COM - Pengadilan Negeri Jakarta Selatan (PN Jaksel) menggelar sidang pemeriksaan 12 saksi atas terdakwa Richard Eliezer. Dua di antaranya, Ferdy Sambo dan Putri Candrawathi.

----
#merdekadotcom

MORE VIDEOS: https://video.merdeka.com/

Produced by https://www.merdeka.com
KLN Apps ► http://www.kln.id/apps/

----
Youtube ► https://www.youtube.com/merdekacomvideonews
Vidio ► https://www.vidio.com/@merdeka
Twitter ► https://twitter.com/merdekadotcom
Facebook ► https://www.facebook.com/MDKcom
Telegram ► https://t.me/merdekacomnewsupdate",2022-10-25T03:43:49Z,PT38M1S,77617,399,0,128
zPH1r-BRSUc,UCPAxpUn1mrn14xU0JpsLhDg,Kompas.com,Saat Hakim Wahyu Tegur Ferdy Sambo karena Banyak Keterangan Dinilai Tak Masuk Akal,"Tonton video lainnya di https://kmp.im/video

KOMPAS.com - Hakim Ketua Wahyu Iman Santoso meragukan pernyataan dari Ferdy Sambo ketika menjadi saksi dalam persidangan untuk terdakwa Richard Eliezer, Ricky Rizal, dan Kuat Maruf, Rabu (7/12/2022).

Mulanya, Hakim Wahyu menanyakan alasan Ferdy Sambo menyusun skenario tembak menembak.

Namun, Ferdy Sambo justru menjawab secara berbelit-belit dan tidak sesuai dengan bukti yang sudah ada.

Hakim Wahyu pun semakin ragu dengan pernyataan dari Ferdy Sambo dan menganggap bahwa pernyataan tersebut tidak masuk akal.

Wahyu lantas meminta Sambo untuk bercerita apa adanya dan tidak terus-terusan membuat pengakuan.

Simak selengkapnya dalam video berikut.


Video Editor: Chrisstella Efivania Rosaline


Produser: Ira Gita Natalia Sembiring


Musik: Fat Man - Yung Logos


#JernihkanHarapan",2022-12-09T00:00:30Z,PT3M32S,72460,480,0,137
yo2s8PXndE0,UCB1fvlA5xmLJ0tZblpoTuaQ,VIVA.CO.ID,Pernyataan Ferdy Sambo tentang Divisi Propam #vivacoid #ferdysambo #sambo,"VIVA - Pernyataan Ferdy Sambo tentang Divisi Propam.

Baca berita terbaru, terkini dan terpopuler disini https://www.viva.co.id/",2022-08-10T05:55:56Z,PT59S,68040,683,0,196
6qWLH-NfR5k,UC06gryP1oTCGEWbNW8pfIRA,TribunJatim Official,"KAMARUDDIN SIAP ADOPSI, Nasib Anak Ferdy Sambo dan Putri Chadrawati","Editor: Anugrah Fitra



TRIBUNJATIM.COM - Putri Chandrawati, pada Kamis (19/8/2022) resmi menyusul sang suami, Irjen Ferdy Sambo dalam mendapat status sebagai tersangka.


Meski awalnya mengklaim jadi korban pelecehan, Putri kini justru diduga kuat terlibat dalam perencanaan pembunuhan Brigadir J.


Walhasil, Keduanya meninggalkan tugas mengasuh empat orang anak, termasuk yang paling bungsu, yang usianya bahkan belum genap dua tahun


Demi tetap lancarnya proses hukum, Kuasa Hukum Brigadir J janji akan adopsi anak ferdy sambo paling bungsu


#anakferdysambo #putrichandrawatitersangka #nasibanakferdysambo


SUBSCRIBE - https://www.youtube.com/channel/UC06gryP1oTCGEWbNW8pfIRA?view_as=subscriber


WEBSITE: - http://jatim.tribunnews.com/ 
https://madura.tribunnews.com/
https://mataraman.tribunnews.com/


mata lokal menjangkau indonesia",2022-08-20T12:37:05Z,PT1M33S,67118,381,0,237
DrF7zn1jm-I,UCB1fvlA5xmLJ0tZblpoTuaQ,VIVA.CO.ID,"Sosok Pria Misterius di Sidang Ferdy Sambo, Mendapat Perlakuan Khusus","VIVA - Ferdy Sambo kembali menjalani sidang perkara pembunuhan berencana Brigadir J di Pengadilan Negeri Jakarta Selatan (PN Jaksel) hari Kamis, 20 Oktober 2022. Saat perjalanan menuju ruang sidang, Sambo kedapatan berjabat tangan dengan seorang pria. Lantas, siapa pria tersebut? (RP-RN-SW) #DengerinVIVA

Baca berita terbaru, terkini dan terpopuler disini https://www.viva.co.id/",2022-10-20T13:06:53Z,PT1M38S,65996,231,0,66
F1X45plRQUo,UCdOovgmIPfj9a-o3VP5i2_g,MerdekaDotCom,MARAH! Brimob Loreng Bentak Ancam Usir Wartawan di Sidang Etik Ferdy Sambo,"MERDEKA.COM - Seorang anggota Brimob berbaju loreng terekam berteriak ke arah wartawan di lokasi peliputan sidang etik Irjen Ferdy Sambo Kamis 25 Agustus 2022

Suasana di luar sidang sempat tegang Anggota Brimob itu membentak wartawan dengan nada tinggi

Momen tersebut terjadi ketika Kadiv Humas Polri Irjen Dedi Prasetyo mempersilakan media untuk masuk ke dalam gedung guna meliput kedatangan Irjen Pol Ferdy Sambo

Kejadian itu juga sempat dilihat langsung Dedi Prasetyo dan Karopenmas Divhumas Polri, Brigjen Ahmad Ramadhan

----
#merdekadotcom

MORE VIDEOS: https://video.merdeka.com/

Produced by https://www.merdeka.com
KLN Apps ► http://www.kln.id/apps/

----
Youtube ► https://www.youtube.com/merdekacomvideonews
Vidio ► https://www.vidio.com/@merdeka
Twitter ► https://twitter.com/merdekadotcom
Facebook ► https://www.facebook.com/MDKcom
Telegram ► https://t.me/merdekacomnewsupdate",2022-08-25T12:00:13Z,PT1M28S,65444,292,0,814
LjhQY3gZc7g,UCwFc1bMj5KFxX8BJ1wBRuzw,Tribun MedanTV,"Tatapan Tajam Bharada E Dengar Kesaksian Ferdy Sambo, Sampai Gelengkan Kepala","TRIBUN-MEDAN.Com, Bharada E menatap dengan tajam Ferdy Sambo saat memberikan kesaksian terkait penembakan Brigadir J.

Bharada E tampak menggelengkan kepala mendengar keterangan yang disampaikan oleh mantan atasannya itu.

Hal tersebut terjadi saat sidang lanjutan kasus pembunuhan Brigadir J dengan Ferdy Sambo sebagai saksi untuk terdakwa Bharada E, Bripka RR, dan Kuat Ma’ruf pada Rabu (7/12/2022).

Bharada E mengatakan bahwa perintah yang diberikan Ferdy Sambo adalah 'tembak'.

Baca selengkapnya di www.tribun-medan.com : https://medan.tribunnews.com/2022/12/08/tatapan-tajam-bharada-e-dengar-kesaksian-ferdy-sambo-sampai-gelengkan-kepala",2022-12-08T00:09:52Z,PT1M51S,64865,260,0,120
gVF1gxqTkHQ,UCSV7FgMcSdOWxeSCYCD3UOA,Warta Kota Production,Bripka Ricky Rizal Siap Berhadapan dengan Ferdy Sambo,"#shorts 
Bongkar Kasus Brigadir J, Bripka Ricky Rizal Siap Berhadapan dengan Ferdy Sambo

BACA SELENGKAPNYA: https://wartakota.tribunnews.com/2022/09/15/bongkar-kasus-brigadir-j-bripka-ricky-rizal-siap-berhadapan-dengan-ferdy-sambo.

WARTAKOTALIVE.COM, JAKARTA - Siap bongkar kasus kematian Brigadir J, Bripka Ricky Rizal mengaku siap berhadap-hadapan langsung dengan Ferdy Sambo di pengadilan.

Kesiapan Bripka Ricky Rizal berhadapan langsung dengan Ferdy Sambo diungkapkan Erman Umar.

Erman Umar mengatakan bahwa tidak ada ketakutan Bripka Ricky Rizal saat mendengar nama Ferdy Sambo.

Namun, Bripka Ricky Rizal tidak menampik masih alami ketakutan bertemu langsung dengan sosok Ferdy Sambo yang tegas dan keras.

#BripkaRickyRizal #FerdySambo #KasusBrigadirJ

Sumber: Youtube Kompas TV
Penulis & VO: Desy Selviany
Editor Video: udinudin",2022-09-15T09:44:34Z,PT59S,62224,244,0,28
ZPCp_t4i5f8,UCK6c4qk3hRaa6fMIEZrhiXQ,Tribun Timur,Hakim yang Jatuhkan Vonis Mati ke Ferdy Sambo Gagal Lolos Hakim Agung,"Download aplikasi berita TribunX di Play Store atau App Store untuk dapatkan pengalaman baru

Hakim yang Jatuhkan Vonis Mati ke Ferdy Sambo Gagal Lolos Hakim Agung

TRIBUN-TIMUR.COM - Alimin Ribut Sujono menjadi salah satu calon hakim Agung RI yang sudah masuk ke tahap Uji Kelayakan-Kepatutan di DPR RI. 

Dari 16 kandidat yang mengikuti proses tersebut, sosok Alimin Ribut disorot lantaran ditanya perihal hukuman mati mantan Kadiv Propam Polri Ferdy Sambo. 

Diketahui Ferdy Sambo sempat dijatuhi hukuman mati saat di Pengadilan Negeri Jakarta Selatan. 

Namun demikian Ferdy Sambo mengajukan kasasi di Mahkamah Agung dan hukumannya turun menjadi hukuman seumur hidup.

Anggota DPR RI Benny K Harman dalam uji kelayakan dan kepatutan sempat menyindir Alimin Ribut sebagai hakim yang memiliki kewenangan seperti Tuhan lantaran berani menjauhi vonis hukuman mati kepada Ferdy Sambo saat di Pengadilan Negeri Jakarta Selatan.

Saat itu Alimin menjadi hakim anggota di vonis mati Ferdy Sambo.

Pada Selasa (16/9/2025) Komisi III DPR RI pun sudah mengeluarkan hasil dari uji kelayakan dan kepatutan. 

Hasilnya, Alimin Ribut tidak lolos sebagai calon hakim Mahkamah Agung (MA). (*) 

Editor Video: A. Syahrul Khair
Naskah: Nur Fajriani R
Narator: Nur Fajriani R
Sumber: TVR Parlemen

#tribunviral​ #tribunvideo​ #videoviraltribun​ #news #tribuntimur #tribunvideoviral 

(TRIBUN-TIMUR.COM)

Update info terkini via http://tribun-timur.com/

Follow dan like fanpage Facebook http://bit.ly/FBTribunTimurMks
YouTube business inquiries: 081144407111
Follow akun Instagram http://bit.ly/IGTribunTimur
Follow akun Twitter http://bit.ly/twitterTribunTimur",2025-09-17T15:26:06Z,PT1M50S,61851,63,0,50
SgIR_eBY-3A,UCVWNW-N7eDOVNx3SIakxkGg,Short News,Penumpang Gelap Ferdy Sambo,,2022-08-22T08:51:17Z,PT24S,60824,330,0,31
HHfGGMe8-xw,UCPhWauyGmombVZb5VRp4wLA,tribunjabar video,"Ferdy Sambo Rancang Pembunuhan Di Magelang, Sejam Sebelum Eksekusi Brigadir J, Sambo Kontak Putri","Penyidik tim khusus dari Bareskrim Polri menyebut, bahwa rencana pembunuhan kepada Brigadir J telah direncanakan Irjen Ferdy Sambo sejak di Magelang, Jawa Tengah. Rencana pembunuhan itu dibuat seusai sang istri mengaku mendapat perlakuan yang melukai harkat dan martabat keluarganya. 
Sejam sebelum mengeksekusi Brigadir J antara Irjen Ferdy dan istrinya melakukan komunikasi di rumah pribadinya.

Fakta ini didapat saat pemeriksaan perdana Irjen Ferdy Sambo sebagai tersangka di Mako Brimob Kelapa Dua, Depok, Kamis (11/8/2022). Direktur Tindak Pidana Umum (Dirtipidum) Bareskrim Polri, Brigjen Andi Rian Djajadi pun memberikan penjelasan. Saat pemeriksaan, tersangka Ferdy Sambo mengungkapkan, bahwa niat pembunuhan terhadap Brigadir J sudah direncanakan saat keluarga berada di Magelang.

Host: Tini Afshin | Video Editor: Oki Priyana

MEDIA SOCIAL & WEB Official 
Website  : https://jabar.tribunnews.com/ 
Instagram : https://www.instagram.com/tribunjabar
Twitter  : https://twitter.com/tribunjabar
Facebook : https://www.facebook.com/tribunjabar

#tribunjabarvideo  #ferdysamborancangpembunuhandimagelang  #sejamsebelumeksekusibrigadirjkontakputri",2022-08-15T09:26:48Z,PT1M,60607,457,0,33
MZ6WqAU2oPk,UCmxAIW7RDDC88EPk4ry16Kg,Tribunnews,"Kapolri Buka Suara Teka-teki Kasus 'Ferdy Sambo Jilid II', Motif Brigadir Nurhadi Dibunuh 2 Atasan","Download aplikasi berita TribunX di Play Store atau App Store untuk dapatkan pengalaman baru

TRIBUN-VIDEO.COM - Kapolri Jenderal Listyo Sigit Prabowo buka suara soal kasus tewasnya Brigadir Nurhadi yang diduga dibunuh oleh dua atasannya.

“Apabila terbukti, proses, pecat, dipidanakan,” kata Kapolri di Jakarta, dikutip dari Antaranews, Jumat (11/7/2025).

“Saya kira dari dulu kami tidak pernah berubah, konsisten terkait dengan anggota yang melanggar,” ujarnya menegaskan. (Tribun-Video.com)

Artikel ini telah tayang di Kompas.com dengan judul ""Kasus Kematian Brigadir Nurhadi, Kapolri: Jika Terbukti Proses, Pecat, Dipidanakan"", 

https://nasional.kompas.com/read/2025/07/11/11213771/kasus-kematian-brigadir-nurhadi-kapolri-jika-terbukti-proses-pecat.

Program: Tribunnews Update
Host: Nila Irda
Editor: Okwida Kris Imawan Indra Cahaya
Uploader: Radifan Setiawan",2025-07-11T13:24:51Z,PT2M17S,58839,141,0,130
tpw0fbh0qmw,UC5BMIWZe9isJXLZZWPWvBlg,KOMPASTV,Terungkap! Ini Alasan Ferdy Sambo Buat Skenario Tembak-Menembak dalam Pembunuhan Yosua,"JAKARTA, KOMPAS.TV  Terdakwa Ferdy Sambo mengungkap alasan dirinya akhirnya membuat skenario terkait pembunuhan Brigadir Yosua pada 8 Juli 2022.

Sambo menjelaskan bahwa ketika di rumah Duren Tiga dirinya bertanya kepada Yosua terkait peristiwa di rumah Magelang.

Namun Sambo mengaku bahwa dirinya mendapat jawaban tak mengenakkan dari Yosua. Hingga akhirnya Sambo memberi perintah kepada Richard Eliezer untuk menembak Yosua.

Baca Juga [FULL] Penasihat Hukum Tanya Ferdy Sambo soal Tanggung Jawab Masa Depan Eliezer hingga soal CCTV! di https://www.kompas.tv/article/356150/full-penasihat-hukum-tanya-ferdy-sambo-soal-tanggung-jawab-masa-depan-eliezer-hingga-soal-cctv

Saat Yosua sudah jatuh, Sambo mengaku panik dan terlintas skenario tembak-menembak.

Hal ini disampaikan Ferdy Sambo saat memberikan kesaksian dalam sidang pemeriksaan dengan terdakwa Richard Eliezer, Kuat Maruf dan Ricky Rizal di Pengadilan Negeri Jakarta Selatan pada Rabu (7/12/2022)

Video Editor: Lintang Amiluhur

Artikel ini bisa dilihat di :  https://www.kompas.tv/article/356480/terungkap-ini-alasan-ferdy-sambo-buat-skenario-tembak-menembak-dalam-pembunuhan-yosua",2022-12-08T10:27:52Z,PT1M3S,58620,254,0,55
zcnK6XOeliY,UC5BMIWZe9isJXLZZWPWvBlg,KOMPASTV,Ferdy Sambo Divonis Hukuman Mati,"JAKARTA, KOMPAS.TV Hari ini, 13 Februari 2023 Majelis Hakim membacakan vonis kepada Ferdy Sambo dalam kasus pembunuhan Brigadir Yosua Hutabarat.

Majelis Hakim menjatuhkan vonis hukuman mati untuk Ferdy Sambo. Majelis hakim menilai tidak ada hal yang bisa meringankan Ferdy Sambo dalam kasus ini. ""Menjatuhkan pidana kepada terdakwa tersebut oleh karena itu dengan pidana, mati!"" ujar Majelis Hakim.

Hal ini disampaikan Majelis Hakim dalam sidang pembacaan vonis untuk terdakwa Ferdy Sambo di PN Jakarta Selatan pada 13 Februari 2023.

Vonis ini lebih berat dari pada tuntutan yang dijatuhkan oleh Jaksa Penuntut Umum.

Sebelumnya, Ferdy Sambo dituntut seumur hidup oleh Jaksa Penuntut Umum.

Artikel ini bisa dilihat di :  https://www.kompas.tv/article/378040/ferdy-sambo-divonis-hukuman-mati",2023-02-13T09:15:21Z,PT1M57S,57769,517,0,178
e_jTjova0NA,UCQA6NejSxQguRkD3L8eXHzA,IDX CHANNEL,"Pasca Vonis Mati Ferdy Sambo, Hotman Paris Kritik Ketentuan Hukuman Mati dalam KUHP Baru  #hotman",,2023-02-15T05:50:49Z,PT56S,58526,885,0,90
Rh7Qkn6dZtA,UCwFc1bMj5KFxX8BJ1wBRuzw,Tribun MedanTV,Rekaman CCTV Ferdy Sambo Jatuhkan Pistol sebelum Eksekusi Brigadir J,"https://medan.tribunnews.com/2022/11/29/cctv-ferdy-sambo-eksekusi-brigadir-j-ajudan-dan-art-panik-berhamburan

TRIBUN-MEDAN.COM - Rekaman CCTV saat Ferdy Sambo menjatuhkan pistol di Kompleks Duren Tiga diperlihatkan dalam sidang di PN Jakarta Selatan, 28 November 2022.

Dari tayangan CCTV, ajudan Ferdy Sambo bernama Adzan Romer tiba-tiba lari ke arah Ferdy Sambo.

Tak terlihat jelas pistol yang dijatuhkan Ferdy Sambo karena jangkauan CCTV tertutup mobil namun para ajudan tampak panik saat Ferdy Sambo masuk rumah.

Adzan Romer dan ART bernama Kodir lari masuk-keluar rumah, kepanikan ajudan diperkirakan adalah momen Ferdy Sambo mengeksekusi Brigadir J di dalam rumah.

Tak berselang lama, mobil yang membawa Putri Candrawathi meninggalkan rumah Duren Tiga.

Rekaman CCTV ini tidak mendapat dukungan visual lain di dalam rumah Duren Tiga karena sudah dirusak.",2022-11-29T04:45:11Z,PT59S,56868,538,0,17
MSFwFQLXqok,UC5BMIWZe9isJXLZZWPWvBlg,KOMPASTV,Alasan Kasus Penembakan di Rumah Ferdy Sambo Dilimpahkan ke Polda Metro Jaya,"JAKARTA, KOMPAS TV  Kepolisian melimpahkan proses penyidikan kasus penembakan Brigadir Yoshua atau Brigadir J di rumah Irjen Ferdy Sambo ke Polda Metro Jaya.

Sebelumnya, kasus tersebut diproses di Polres Jakarta Selatan. Keputusan tersebut diambil menimbang ketersediaan penyidik yang lebih berpengalaman.

""Polda Metro Jaya, penyidiknya lebih banyak berpengalaman. Sarana dan prasarananya jauh lebih lengkap,"" ujar Kadiv Humas Polri Irjen Dedi Prasetyo, Selasa (19/7).

Baca Juga Kasus Polisi Tembak Polisi Naik ke Penyidikan Pasca Irjen Ferdy Sambo Dinonaktifkan! di https://www.kompas.tv/article/310793/kasus-polisi-tembak-polisi-naik-ke-penyidikan-pasca-irjen-ferdy-sambo-dinonaktifkan

Saat ditanya soal kemungkinan ada pengaruh hubungan baik antara Kapolda Metro Jaya Irjen Fadil Imran dan Ferdy Sambo, Kadiv Humas sebut penyidik akan bekerja profesional.

""Penyidik ini memiliki kode etik profesi, ini menyangkut masalah trust. Ketika penyidik mencoba tidak profesional, dia bisa dituntut juga,"" ucap Dedi.

Sebelumnya, beberapa hari setelah kasus penembakan terkuak, Kapolda Metro Jaya tampak hampiri Irjen Ferdy Sambo .

Dalam video yang beredar, tampak keduanya berpelukan erat. Bahkan, Ferdy Sambo menangis di pelukan Kapolda.

""Kejadian antara Kapolda dan Ferdy Sambo secara personal, hanya empati saja,"" ucap Dedi.

""Tapi pada proses penyidikan kan enggak bisa dicampuradukkan,"" lanjutnya.

Jika Polda Metro Jaya merasa perlu ada pemeriksaan lebih lanjut pada Irjen Ferdy Sambo, maka pemeriksaan akan dilakukan.

Video Editor: Febi Ramdani

Artikel ini bisa dilihat di :  https://www.kompas.tv/article/310908/alasan-kasus-penembakan-di-rumah-ferdy-sambo-dilimpahkan-ke-polda-metro-jaya",2022-07-20T00:37:48Z,PT2M43S,55184,253,0,359
40AkZP01JAQ,UCPAxpUn1mrn14xU0JpsLhDg,Kompas.com,Tanggapan Mahfud MD soal MA Ubah Hukuman Ferdy Sambo,"Menteri Koordinator Bidang Politik, Hukum dan Keamanan RI, Mahfud MD mengatakan jika keputusan MA dalam memberikan kasasi pada kasus Ferdy Sambo sudah final. Menurutnya, keputusan itu harus ditegakkan dan tidak boleh ada permainan lagi untuk meringankan Sambo.

Simak selengkapnya dalam video berikut!

Penulis Naskah: Bernadetha Nadia Deni Ananda
Narator : Bernadetha Nadia Deni Ananda
Video Editor: Lutfiansyah Aditya Vanjalu
Produser: Monica Arum

Musik: Future Glider - Brian Bolger

#MahfudMD #FerdySambo #HukumanFerdySambo #KeputusanMASoalHukumanFS #JernihkanHarapan


Artikel ini bisa dilihat di : https://video.kompas.com/watch/794592/tanggapan-mahfud-md-soal-ma-ganti-hukuman-ferdy-sambo",2023-08-09T14:33:18Z,PT46S,54413,695,0,86
psPfhEvXFUI,UCoSkllfpgmFHtbVK835QaQg,Official iNews,Profil Irjen Ferdy Sambo #iNewsPagi 10/08,"Tanggal Tayang: 10/08/2022

Dapatkan sajian berita-berita liputan langsung dari lapangan dan peristiwa terkini secara cepat dan akurat dari seluruh Indonesia. Baca berita-berita terpopuler di sini:

iNews https://www.inews.id 
Okezone https://www.okezone.com 
Sindonews https://www.sindonews.com 
IDX Channel https://www.idxchannel.com 
Celebrities https://www.celebrities.id 
Sporstars https://www.sportstars.id 

Jangan lewatkan juga berbagai program talk show yang mengupas berbagai masalah yang tengah hangat di masyarakat, baik di bidang sosial, ekonomi, hingga dunia hukum dan politik. Semuanya dikemas secara apik, mendalam, menyentuh dan tetap kritis. 

Subscribe iNews Official Youtube Channel https://www.youtube.com/OfficialiNews
Follow our Official TikTok https://www.tiktok.com/@officialinews
Follow our Official Twitter https://twitter.com/OfficialiNewsTV
Like our Official Facebook https://www.facebook.com/OfficialiNews
Follow our Official Instagram https://www.instagram.com/officialiNews

#iNews #News #Berita",2022-08-10T04:30:32Z,PT52S,54116,176,0,23
hDfQz8FGvTY,UCKII0Ml9S5wneKbHswmUrIQ,CNN Indonesia,Ferdy Sambo Berikan Kesaksian di Sidang Bharada E,"Terdakwa kasus dugaan pembunuhan berencana sekaligus mantan Kadiv Propam Polri Ferdy Sambo memberi kesaksian di sidang kasus pembunuhan berencana terhadap Nofriansyah Yosua Hutabarat alias Brigadir J di Pengadilan Negeri (PN) Jakarta Selatan hari ini, Rabu (07/12/2022).

Ia bersaksi untuk terdakwa Bharada Richard Eliezer (Bharada E), Bripka Ricky Rizal (Bripka RR) dan Kuat Ma'ruf.

Website: www.cnnindonesia.com
Facebook: https://m.facebook.com/CNNIndonesia/
Instagram: https://instagram.com/cnnindonesiatv
Twitter: https://twitter.com/cnniddaily
TikTok: https://www.tiktok.com/@cnnindonesia
Spotify: CNN Indonesia",2022-12-07T06:47:35Z,PT1H5M26S,53643,549,0,193
0RITThf59PY,UCwFc1bMj5KFxX8BJ1wBRuzw,Tribun MedanTV,"HAKIM FERDY SAMBO AKUI Pernah Ditawari Uang, Benny : Berapa?","Download aplikasi berita TribunX di Play Store atau App Store untuk dapatkan pengalaman baru

TRIBUN-MEDAN.COM - Anggota Komisi III DPR RI, Benny Kabur Harman, mencecar hakim yang turut menjatuhkan pidana mati kepada eks Kadiv Propam Polri Ferdy Sambo yakni Alimin Ribut Sujono.

 Peristiwa ini terjadi saat Alimin menjalani fit and proper test calon hakim agung di Komisi III DPR RI. 

Editor Video : Gita Nadia Putri br Tarigan

Bergabung dengan channel ini untuk mendapatkan akses ke berbagai keuntungan:
https://www.youtube.com/channel/UCwFc1bMj5KFxX8BJ1wBRuzw/join

Baca selengkapnya di www.tribun-medan.com

#TribunMedan",2025-09-12T04:54:38Z,PT2M55S,88106,987,0,118
_opou0WU6DA,UCB1fvlA5xmLJ0tZblpoTuaQ,VIVA.CO.ID,"Sumber Rekening 'Gendut' Ferdy Sambo, Peras Miliaran Pakai Iming-iming Ini","VIVA - Kuasa hukum keluarga Brigadir J, Kamaruddin Simanjuntak membongkar kelicikan Ferdy Sambo demi menambah pundi-pundi kekayaan. Hal itu disampaikan berdasarkan pengakuan seorang Brigadir Jenderal Polisi kepadanya. (RP-DRP-SW) #VIVAnewsdaily

Baca berita terbaru, terkini dan terpopuler disini https://www.viva.co.id/",2022-09-18T08:00:12Z,PT1M5S,52160,301,0,128
k1oaw0kjEIQ,UCPAxpUn1mrn14xU0JpsLhDg,Kompas.com,"Viral Foto Ferdy Sambo di Rumah dan Tidak Ditahan, Bagaimana Faktanya?","Unggahan yang menampilkan foto terdakwa kasus pembunuhan Brigadir Nofriansyah Yosua Hutabarat, Ferdy Sambo, tampak seperti di rumah, beredar di media sosial.
Saat dikonfirmasi, Kepala Pusat Penerangan Hukum Kejaksaan Agung (Kapuspenkum Kejagung) Ketut Sumedana mengatakan, Ferdy Sambo berada di Mako Brimob.
""Perkaranya sudah di kasasi, kewenangan penahanan secara yuridis oleh Mahkamah Agung (MA),"" ujar Ketut kepada Kompas.com, Kamis (13/7/2023).
Pengacara Ferdy Sambo, Arman Hanis, juga membantah bahwa kliennya keluar dari rutan dan tinggal di rumah.
Video Editor: Ricky Arista
Produser: Nibras Nada Nailufar
__________
*  #FerdySambo #BrigadirJ #MakoBrimob #Bebas #VideoKompas #JernihMelihatDunia


Artikel ini bisa dilihat di : https://video.kompas.com/watch/728499/viral-foto-ferdy-sambo-di-rumah-dan-tidak-ditahan-bagaimana-faktanya-",2023-07-14T07:58:50Z,PT52S,52637,524,0,103
HbvuJDKz0f8,UC-ky0ON5vuB41a-BIHNhMuw,KOMPASTV SUKABUMI,[FULL] Hakim Cecar Ferdy Sambo di Sidang Pemeriksaan Terdakwa Terkait Hal Ini,"JAKARTA, KOMPAS.TV  Terdakwa Ferdy Sambo beri kesaksian dalam sidang pemeriksaan terdakwa pembunuhan berencana Yosua di Pengadilan Negeri Jakarta Selatan pada Selasa (10/1)

Dalam kesempatan itu, Sambo menceritakan kembali kronologi penembakan dan saat beri perintah tembak kepada Richard Eliezer.

Baca Juga Momen Ferdy Sambo dan Putri Candrawathi Menangis Saat di Persidangan Pemeriksaan Terdakwa di https://www.kompas.tv/article/368042/...

Hakim sempat mencecar Ferdy Sambo terkait perintah saat di rumah Saguling dan saat perintah hajar chard saat kejadian

Sahabat Kompas TV Sukabumi! Jangan lupa like, comment, dan subscribe channel YouTube Kompas TV Sukabumi, juga aktifkan lonceng notifikasi agar tidak ketinggalan update mengenai isu-isu terkini di Indonesia.

Jangan lewatkan live streaming Kompas TV 24 jam non stop di https://www.kompas.tv/live.

Sosial Media Kompas TV Sukabumi:
YouTube : https://www.youtube.com/c/KompasTVSukabumi/videos
Instagram : https://www.instagram.com/kompastvsukabumi
Facebook : https://www.facebook.com/redaksikompastvsukabumi
Twitter : @ktvsukabumi",2023-01-14T18:15:30Z,PT1H42M1S,52904,216,0,61
ZFH-VVJUOSk,UCzl0OrB3-ehunyotIQvK77A,METRO TV ,Ferdy Sambo Tiba di PN Jakarta Selatan #shorts,"MetroTV, Terdakwa kasus pembunuhan Brigadir J, Ferdy Sambo tiba di Pengadilan Negeri Jakarta Selatan (PN Jaksel). Dengan mengenakan baju batik, Ferdy Sambo dikawal ketat sejumlah anggata Brimob bersenjata. 

Pengadilan Negeri Jakarta Selatan menggelar sidang perdana terdakwa Ferdy Sambo Cs. Sidang dugaan pembunuhan berencana terhadap Brigadir J digelar di ruang sidang utama Profesor Haji Umar Seno Adji hari ini, Senin (17/10/2022).

Dalam sidang perdana ini ada empat terdakwa yang akan menjalani sidang oleh majelis hakim. Sidang dipimpin oleh Wahyu Iman Santoso dengan dua anggota lainnya yakni Morgan Simanjutak, dan Alimin Ribut Sujono. 

Agenda sidang perdana adalah pembacaan dakwaan oleh jaksa penuntut umum (JPU). Ferdy Sambo didakwa secara kumulatif oleh JPU, yakni dakwaan pertama pasal 340 KUHP tentang pembunuhan berencana dan pasal 49 UU ITE terkait obstruction of justice atau menghalang-halangi proses hukum.

#Metrotv 
#sidangferdysambo  
#sidang  
#sambo",2022-10-17T03:16:57Z,PT54S,52119,617,0,49
rkiXvzfuu5k,UCB1fvlA5xmLJ0tZblpoTuaQ,VIVA.CO.ID,"Bibir Gak Santai Parodikan ART Ferdy Sambo, Wanita Ini Bikin Perut Mules","VIVA - Keterangan Susi ART Ferdy Sambo sebagai saksi dalam persidangan pembunuhan berencana Brigadir J dengan terdakwa Bharada E beberapa waktu lalu jadi sorotan. Jawabannya yang serba tidak tahu membuat hakim dan khalayak ramai geram. Rupanya, hal itu menginspirasi seseorang untuk membuat video parodi saat Susi sedang menjadi saksi. (RP-RD-SW) #VIVAnewsdaily

Baca berita terbaru, terkini dan terpopuler disini https://www.viva.co.id/",2022-11-06T07:30:07Z,PT2M6S,51745,319,0,61
vEUzg9hsrKE,UCmxAIW7RDDC88EPk4ry16Kg,Tribunnews,Pakar Hukum Yakin Ferdy Sambo akan Dapat Tuntutan Hukuman Mati,"BACA SELENGKAPNYA https://video.tribunnews.com/view/466503/pakar-hukum-yakin-ferdy-sambo-akan-dapat-tuntutan-hukuman-mati

TRIBUN-VIDEO.COM - Pakar hukum Universitas Jenderal Soedirman Hibnu Nugroho meyakini Ferdy Sambo akan dituntut hukuman seumur hidup atau bahkan hukuman mati karena menjadi otak pembunuhan Brigadir J. 

Hibnu mengatakan, bahwa kasus Ferdy Sambo sudah menjadi perhatian semua mata masyarakat Indonesia.

VP: Ghozi Luthfi

#brigadirj #penembakanpolisi #irjenferdysambo #ferdysambo  #beritapopuler #beritaterkini #beritaterbaru #beritahariini #polisi #penembakan #metrojaya #penembakanbrigadirj #kejagung 
#kasusbrigadirj #bharadae #komnasham #kamaruddinsimanjuntak #ajudan #polisitembakpolisi #kombesbudi #kasusdurentiga #tersangka #kerajaansambo #sambopolri #sambodipecat #sidangkodeetik #putricandrawathi",2022-10-06T08:51:51Z,PT52S,51532,690,0,36
oW0fv80VFzc,UCB1fvlA5xmLJ0tZblpoTuaQ,VIVA.CO.ID,Murka! Ferdy Sambo 'Kecolongan' Ketika CCTV di Tangan Polres Jaksel,"VIVA - Dalam pembacaan surat dakwaan di persidangan Ferdy Sambo Senin, 17 Oktober 2022 jaksa mengungkap jika Ferdy Sambo sempat marah terhadap anak buahnya terkait DVR atau rekaman CCTV sekitaran rumah yang menjadi TKP pembunuhan Brigadir J. (RP-RN-SW) #VIVAnewsdaily

Baca berita terbaru, terkini dan terpopuler disini https://www.viva.co.id/",2022-10-17T08:30:08Z,PT1M37S,51255,297,0,95
xYPIaWXMUmg,UCoSkllfpgmFHtbVK835QaQg,Official iNews,Anak Ferdy Sambo Jadi Korban 'Bully' #BreakingNews 28/08,"Tanggal Tayang: 28/08/2022

Dapatkan sajian berita-berita liputan langsung dari lapangan dan peristiwa terkini secara cepat dan akurat dari seluruh Indonesia. Baca berita-berita terpopuler di sini:

iNews https://www.inews.id 
Okezone https://www.okezone.com 
Sindonews https://www.sindonews.com 
IDX Channel https://www.idxchannel.com 
Celebrities https://www.celebrities.id 
Sporstars https://www.sportstars.id 

Jangan lewatkan juga berbagai program talk show yang mengupas berbagai masalah yang tengah hangat di masyarakat, baik di bidang sosial, ekonomi, hingga dunia hukum dan politik. Semuanya dikemas secara apik, mendalam, menyentuh dan tetap kritis. 

Subscribe iNews Official Youtube Channel https://www.youtube.com/OfficialiNews
Follow our Official TikTok https://www.tiktok.com/@officialinews
Follow our Official Twitter https://twitter.com/OfficialiNewsTV
Like our Official Facebook https://www.facebook.com/OfficialiNews
Follow our Official Instagram https://www.instagram.com/officialiNews

#iNews #News #Berita",2022-08-29T03:47:46Z,PT2M22S,51231,233,0,248
4wt_OUqu0lg,UCwFc1bMj5KFxX8BJ1wBRuzw,Tribun MedanTV,"PROFIL JENDERAL AHMAD DOFIRI, Pernah Pecat Ferdy Sambo❗","Download aplikasi berita TribunX di Play Store atau App Store untuk dapatkan pengalaman baru

TRIBUN-MEDAN.COM - Komjen Pol (Purn) Ahmad Dofiri dilantik menjadi Penasehat Khusus Presiden Bidang Keamanan dan Ketertiban Masyarakat dan Reformasi Kepolisian.

Ia dilantik langsung oleh Presiden Prabowo Subianto di Istana Kepresidenan, Jakarta pada Rabu (17/9/2025).

Sebelum dilantik menjadi Penasehat Khusus Presiden, Dofiri baru saja pensiun dari Polri dengan jabatan terakhir sebagai Wakapolri.

Berikut profil Ahmad Dofiri yang dilantik jadi Penasehat Khusus Presiden.

Editor Video : M Andimaz Kahfi

Bergabung dengan channel ini untuk mendapatkan akses ke berbagai keuntungan:
https://www.youtube.com/channel/UCwFc1bMj5KFxX8BJ1wBRuzw/join

Baca selengkapnya di www.tribun-medan.com

#TribunMedan #ahmaddofiri #penasehatkhususpresiden",2025-09-17T15:50:01Z,PT3M5S,50586,286,0,49
4eF8JHs_seQ,UCKII0Ml9S5wneKbHswmUrIQ,CNN Indonesia,LIVE: Sidang Pembunuhan Berencana Yosua: Ferdy Sambo Hadirkan Saksi Ahli yang Meringankan,"LIVE Sidang Pembunuhan Berencana Yosua: Ferdy Sambo Hadirkan Saksi Ahli yang Meringankan

Website: www.cnnindonesia.com
Facebook: https://m.facebook.com/CNNIndonesia/
Instagram: https://instagram.com/cnnindonesiatv
Twitter: https://twitter.com/cnniddaily
TikTok: https://www.tiktok.com/@cnnindonesia
Spotify: CNN Indonesia",2022-12-22T05:19:58Z,PT3H15M15S,49583,273,0,42
xUHzeBVBRno,UCT5H_ppXrhC7SFurhrezJKw,Tribun Sumsel,Curhatan Pilu Anak Ferdy Sambo yang Gantikan Sosok Orangtua Bagi Adik Adiknya,"Lulus menyandang gelar dokter di tengah kasus hukum yang menjerat kedua orang tuanya lantaran kasus pembunuhan berencana  terhadap almarhum brigadir J, pemilik nama lengkap Trisha Eungelica Ardyana Sambo membagikan aktivitas kesehariannya sekaligus menjadi figur orang tua pengganti untuk ketiga adiknya. 

Dalam unggahan akun TikTok @troasang, Trisha menuliskan secara rinci mulai dari mempersiapkan susu adik bungsunya, bayar sekolah adik-adiknya, hingga mengelola gaji karyawan dan pembantu. 

Bahkan diakui Trisha jika ia sering merelakan waktu kumpul bersama teman-temannya usai kuliah, lantaran harus menemani Arka adik paling kecilnya. 

Bahkan pada saat momen kelulusan adik-adiknya kemarin dari sekolah Taruna Nusantara di Magelang, Trisha sempat dibuat sibuk untuk mempersiapkan batik dan kebaya adik-adiknya.

Tribun Sumsel/ Ninis 
Editor/Purwanto

Baca berita di ------- http://sumsel.tribunnews.com/

Follow Instagram --------- https://www.instagram.com/tribunsumsel/

Like fanspage --------- https://www.facebook.com/harian.tribun.sumsel/",2023-05-11T03:49:17Z,PT51S,49025,192,0,26
Gdb0xOvzQZI,UCPAxpUn1mrn14xU0JpsLhDg,Kompas.com,Kemunculan Perdana Ferdy Sambo dan Pernyataan Lengkapnya soal Kematian Brigadir J,"Setelah hampir sebulan bungkam, Irjen Ferdy Sambo tampil dihadapan publik pada Kamis (4/8/2022).
 
Ferdy Sambo sempat memberikan pernyataan sebelum dirinya melakukan pemeriksaan sebagai saksi terkait tewasnya Brigadi J di gedung Badan Reserse Kriminal (Bareskrim) Polri.
 
Sambo sempat menyampaikan permohonan maaf kepada Polri atas kasus tersebut. Selain itu, ia juga mengucapkan bela sungkawa atas kematian Brigadir J.

Sementara, Sambo juga meminta publik bersabar dan tidak berasumsi macam-macam dalam kasus ini.

Simak selengkapnya dalam video berikut.

Video Jurnalis: Pramulya Sadewa, Claudia Aviolola, Vitorio Mantalean
Penulis: Fitria Chusna Farisa
Penulis Naskah: Putri Aulia
Narator: Putri Aulia
Video Editor: Putri Aulia
Produser: Okky Mahdi Yasser
Musik: Piano Trap Beethoven by Josh Pan

#FerdySambo #BharadaE #BrigadirJ #JernihkanHarapan #Kompascom",2022-08-04T09:36:13Z,PT3M11S,49010,245,0,282
fu3d7K6pWAM,UCmxAIW7RDDC88EPk4ry16Kg,Tribunnews,Tangis Ibunda Brigadir J Hakim Vonis Ferdy Sambo Hukuman Mati atas Pembunuhan pada sang Anak,"TRIBUN-VIDEO.COM - Ibunda Brigadir J, Rosti Simanjuntak hadir langsung dalam sidang vonis terdakwa Ferdy Sambo dalam kasus pembunuhan Brigadir Yosua.

Rosti datang bersama keluarga hukum korban Kamaruddin Simanjuntak sembari membawa foto dari Brigadir J.

Selama hakim membacakan vonis sidang pada Senin (13/2/2023) hari ini, ibunda Brigadir J terlihat beberapa kali menangis dan menundukkan kepalanya.

Ia juga beberapa kali terlihat mengelus dan memeluk foto sang putra di bekapan dadanya.

(Tribun-Video.com/N)

#putricandrawathi #bharadae #kuatmaruf #brigadiryosua #rickyrizal #sidang #cctv #pnjaksel #pengadilan #sidangsambo #brigadirj #sambo #ferdysambo #brigadirjoshua #vonissambo #vonisputri",2023-02-13T10:23:21Z,PT1M,48603,719,0,73
Rh7Qkn6dZtA,UCwFc1bMj5KFxX8BJ1wBRuzw,Tribun MedanTV,Rekaman CCTV Ferdy Sambo Jatuhkan Pistol sebelum Eksekusi Brigadir J,"https://medan.tribunnews.com/2022/11/29/cctv-ferdy-sambo-eksekusi-brigadir-j-ajudan-dan-art-panik-berhamburan

TRIBUN-MEDAN.COM - Rekaman CCTV saat Ferdy Sambo menjatuhkan pistol di Kompleks Duren Tiga diperlihatkan dalam sidang di PN Jakarta Selatan, 28 November 2022.

Dari tayangan CCTV, ajudan Ferdy Sambo bernama Adzan Romer tiba-tiba lari ke arah Ferdy Sambo.

Tak terlihat jelas pistol yang dijatuhkan Ferdy Sambo karena jangkauan CCTV tertutup mobil namun para ajudan tampak panik saat Ferdy Sambo masuk rumah.

Adzan Romer dan ART bernama Kodir lari masuk-keluar rumah, kepanikan ajudan diperkirakan adalah momen Ferdy Sambo mengeksekusi Brigadir J di dalam rumah.

Tak berselang lama, mobil yang membawa Putri Candrawathi meninggalkan rumah Duren Tiga.

Rekaman CCTV ini tidak mendapat dukungan visual lain di dalam rumah Duren Tiga karena sudah dirusak.",2022-11-29T04:45:11Z,PT59S,56868,538,0,17
MSFwFQLXqok,UC5BMIWZe9isJXLZZWPWvBlg,KOMPASTV,Alasan Kasus Penembakan di Rumah Ferdy Sambo Dilimpahkan ke Polda Metro Jaya,"JAKARTA, KOMPAS TV  Kepolisian melimpahkan proses penyidikan kasus penembakan Brigadir Yoshua atau Brigadir J di rumah Irjen Ferdy Sambo ke Polda Metro Jaya.

Sebelumnya, kasus tersebut diproses di Polres Jakarta Selatan. Keputusan tersebut diambil menimbang ketersediaan penyidik yang lebih berpengalaman.

""Polda Metro Jaya, penyidiknya lebih banyak berpengalaman. Sarana dan prasarananya jauh lebih lengkap,"" ujar Kadiv Humas Polri Irjen Dedi Prasetyo, Selasa (19/7).

Baca Juga Kasus Polisi Tembak Polisi Naik ke Penyidikan Pasca Irjen Ferdy Sambo Dinonaktifkan! di https://www.kompas.tv/article/310793/kasus-polisi-tembak-polisi-naik-ke-penyidikan-pasca-irjen-ferdy-sambo-dinonaktifkan

Saat ditanya soal kemungkinan ada pengaruh hubungan baik antara Kapolda Metro Jaya Irjen Fadil Imran dan Ferdy Sambo, Kadiv Humas sebut penyidik akan bekerja profesional.

""Penyidik ini memiliki kode etik profesi, ini menyangkut masalah trust. Ketika penyidik mencoba tidak profesional, dia bisa dituntut juga,"" ucap Dedi.

Sebelumnya, beberapa hari setelah kasus penembakan terkuak, Kapolda Metro Jaya tampak hampiri Irjen Ferdy Sambo .

Dalam video yang beredar, tampak keduanya berpelukan erat. Bahkan, Ferdy Sambo menangis di pelukan Kapolda.

""Kejadian antara Kapolda dan Ferdy Sambo secara personal, hanya empati saja,"" ucap Dedi.

""Tapi pada proses penyidikan kan enggak bisa dicampuradukkan,"" lanjutnya.

Jika Polda Metro Jaya merasa perlu ada pemeriksaan lebih lanjut pada Irjen Ferdy Sambo, maka pemeriksaan akan dilakukan.

Video Editor: Febi Ramdani

Artikel ini bisa dilihat di :  https://www.kompas.tv/article/310908/alasan-kasus-penembakan-di-rumah-ferdy-sambo-dilimpahkan-ke-polda-metro-jaya",2022-07-20T00:37:48Z,PT2M43S,55184,253,0,359
40AkZP01JAQ,UCPAxpUn1mrn14xU0JpsLhDg,Kompas.com,Tanggapan Mahfud MD soal MA Ubah Hukuman Ferdy Sambo,"Menteri Koordinator Bidang Politik, Hukum dan Keamanan RI, Mahfud MD mengatakan jika keputusan MA dalam memberikan kasasi pada kasus Ferdy Sambo sudah final. Menurutnya, keputusan itu harus ditegakkan dan tidak boleh ada permainan lagi untuk meringankan Sambo.

Simak selengkapnya dalam video berikut!

Penulis Naskah: Bernadetha Nadia Deni Ananda
Narator : Bernadetha Nadia Deni Ananda
Video Editor: Lutfiansyah Aditya Vanjalu
Produser: Monica Arum

Musik: Future Glider - Brian Bolger

#MahfudMD #FerdySambo #HukumanFerdySambo #KeputusanMASoalHukumanFS #JernihkanHarapan


Artikel ini bisa dilihat di : https://video.kompas.com/watch/794592/tanggapan-mahfud-md-soal-ma-ganti-hukuman-ferdy-sambo",2023-08-09T14:33:18Z,PT46S,54413,695,0,86
psPfhEvXFUI,UCoSkllfpgmFHtbVK835QaQg,Official iNews,Profil Irjen Ferdy Sambo #iNewsPagi 10/08,"Tanggal Tayang: 10/08/2022

Dapatkan sajian berita-berita liputan langsung dari lapangan dan peristiwa terkini secara cepat dan akurat dari seluruh Indonesia. Baca berita-berita terpopuler di sini:

iNews https://www.inews.id 
Okezone https://www.okezone.com 
Sindonews https://www.sindonews.com 
IDX Channel https://www.idxchannel.com 
Celebrities https://www.celebrities.id 
Sporstars https://www.sportstars.id 

Jangan lewatkan juga berbagai program talk show yang mengupas berbagai masalah yang tengah hangat di masyarakat, baik di bidang sosial, ekonomi, hingga dunia hukum dan politik. Semuanya dikemas secara apik, mendalam, menyentuh dan tetap kritis. 

Subscribe iNews Official Youtube Channel https://www.youtube.com/OfficialiNews
Follow our Official TikTok https://www.tiktok.com/@officialinews
Follow our Official Twitter https://twitter.com/OfficialiNewsTV
Like our Official Facebook https://www.facebook.com/OfficialiNews
Follow our Official Instagram https://www.instagram.com/officialiNews

#iNews #News #Berita",2022-08-10T04:30:32Z,PT52S,54116,176,0,23
hDfQz8FGvTY,UCKII0Ml9S5wneKbHswmUrIQ,CNN Indonesia,Ferdy Sambo Berikan Kesaksian di Sidang Bharada E,"Terdakwa kasus dugaan pembunuhan berencana sekaligus mantan Kadiv Propam Polri Ferdy Sambo memberi kesaksian di sidang kasus pembunuhan berencana terhadap Nofriansyah Yosua Hutabarat alias Brigadir J di Pengadilan Negeri (PN) Jakarta Selatan hari ini, Rabu (07/12/2022).

Ia bersaksi untuk terdakwa Bharada Richard Eliezer (Bharada E), Bripka Ricky Rizal (Bripka RR) dan Kuat Ma'ruf.

Website: www.cnnindonesia.com
Facebook: https://m.facebook.com/CNNIndonesia/
Instagram: https://instagram.com/cnnindonesiatv
Twitter: https://twitter.com/cnniddaily
TikTok: https://www.tiktok.com/@cnnindonesia
Spotify: CNN Indonesia",2022-12-07T06:47:35Z,PT1H5M26S,53643,549,0,193
0RITThf59PY,UCwFc1bMj5KFxX8BJ1wBRuzw,Tribun MedanTV,"HAKIM FERDY SAMBO AKUI Pernah Ditawari Uang, Benny : Berapa?","Download aplikasi berita TribunX di Play Store atau App Store untuk dapatkan pengalaman baru

TRIBUN-MEDAN.COM - Anggota Komisi III DPR RI, Benny Kabur Harman, mencecar hakim yang turut menjatuhkan pidana mati kepada eks Kadiv Propam Polri Ferdy Sambo yakni Alimin Ribut Sujono.

 Peristiwa ini terjadi saat Alimin menjalani fit and proper test calon hakim agung di Komisi III DPR RI. 

Editor Video : Gita Nadia Putri br Tarigan

Bergabung dengan channel ini untuk mendapatkan akses ke berbagai keuntungan:
https://www.youtube.com/channel/UCwFc1bMj5KFxX8BJ1wBRuzw/join

Baca selengkapnya di www.tribun-medan.com

#TribunMedan",2025-09-12T04:54:38Z,PT2M55S,88106,987,0,118
_opou0WU6DA,UCB1fvlA5xmLJ0tZblpoTuaQ,VIVA.CO.ID,"Sumber Rekening 'Gendut' Ferdy Sambo, Peras Miliaran Pakai Iming-iming Ini","VIVA - Kuasa hukum keluarga Brigadir J, Kamaruddin Simanjuntak membongkar kelicikan Ferdy Sambo demi menambah pundi-pundi kekayaan. Hal itu disampaikan berdasarkan pengakuan seorang Brigadir Jenderal Polisi kepadanya. (RP-DRP-SW) #VIVAnewsdaily

Baca berita terbaru, terkini dan terpopuler disini https://www.viva.co.id/",2022-09-18T08:00:12Z,PT1M5S,52160,301,0,128
k1oaw0kjEIQ,UCPAxpUn1mrn14xU0JpsLhDg,Kompas.com,"Viral Foto Ferdy Sambo di Rumah dan Tidak Ditahan, Bagaimana Faktanya?","Unggahan yang menampilkan foto terdakwa kasus pembunuhan Brigadir Nofriansyah Yosua Hutabarat, Ferdy Sambo, tampak seperti di rumah, beredar di media sosial.
Saat dikonfirmasi, Kepala Pusat Penerangan Hukum Kejaksaan Agung (Kapuspenkum Kejagung) Ketut Sumedana mengatakan, Ferdy Sambo berada di Mako Brimob.
""Perkaranya sudah di kasasi, kewenangan penahanan secara yuridis oleh Mahkamah Agung (MA),"" ujar Ketut kepada Kompas.com, Kamis (13/7/2023).
Pengacara Ferdy Sambo, Arman Hanis, juga membantah bahwa kliennya keluar dari rutan dan tinggal di rumah.
Video Editor: Ricky Arista
Produser: Nibras Nada Nailufar
__________
*  #FerdySambo #BrigadirJ #MakoBrimob #Bebas #VideoKompas #JernihMelihatDunia


Artikel ini bisa dilihat di : https://video.kompas.com/watch/728499/viral-foto-ferdy-sambo-di-rumah-dan-tidak-ditahan-bagaimana-faktanya-",2023-07-14T07:58:50Z,PT52S,52637,524,0,103
HbvuJDKz0f8,UC-ky0ON5vuB41a-BIHNhMuw,KOMPASTV SUKABUMI,[FULL] Hakim Cecar Ferdy Sambo di Sidang Pemeriksaan Terdakwa Terkait Hal Ini,"JAKARTA, KOMPAS.TV  Terdakwa Ferdy Sambo beri kesaksian dalam sidang pemeriksaan terdakwa pembunuhan berencana Yosua di Pengadilan Negeri Jakarta Selatan pada Selasa (10/1)

Dalam kesempatan itu, Sambo menceritakan kembali kronologi penembakan dan saat beri perintah tembak kepada Richard Eliezer.

Baca Juga Momen Ferdy Sambo dan Putri Candrawathi Menangis Saat di Persidangan Pemeriksaan Terdakwa di https://www.kompas.tv/article/368042/...

Hakim sempat mencecar Ferdy Sambo terkait perintah saat di rumah Saguling dan saat perintah hajar chard saat kejadian

Sahabat Kompas TV Sukabumi! Jangan lupa like, comment, dan subscribe channel YouTube Kompas TV Sukabumi, juga aktifkan lonceng notifikasi agar tidak ketinggalan update mengenai isu-isu terkini di Indonesia.

Jangan lewatkan live streaming Kompas TV 24 jam non stop di https://www.kompas.tv/live.

Sosial Media Kompas TV Sukabumi:
YouTube : https://www.youtube.com/c/KompasTVSukabumi/videos
Instagram : https://www.instagram.com/kompastvsukabumi
Facebook : https://www.facebook.com/redaksikompastvsukabumi
Twitter : @ktvsukabumi",2023-01-14T18:15:30Z,PT1H42M1S,52904,216,0,61
ZFH-VVJUOSk,UCzl0OrB3-ehunyotIQvK77A,METRO TV ,Ferdy Sambo Tiba di PN Jakarta Selatan #shorts,"MetroTV, Terdakwa kasus pembunuhan Brigadir J, Ferdy Sambo tiba di Pengadilan Negeri Jakarta Selatan (PN Jaksel). Dengan mengenakan baju batik, Ferdy Sambo dikawal ketat sejumlah anggata Brimob bersenjata. 

Pengadilan Negeri Jakarta Selatan menggelar sidang perdana terdakwa Ferdy Sambo Cs. Sidang dugaan pembunuhan berencana terhadap Brigadir J digelar di ruang sidang utama Profesor Haji Umar Seno Adji hari ini, Senin (17/10/2022).

Dalam sidang perdana ini ada empat terdakwa yang akan menjalani sidang oleh majelis hakim. Sidang dipimpin oleh Wahyu Iman Santoso dengan dua anggota lainnya yakni Morgan Simanjutak, dan Alimin Ribut Sujono. 

Agenda sidang perdana adalah pembacaan dakwaan oleh jaksa penuntut umum (JPU). Ferdy Sambo didakwa secara kumulatif oleh JPU, yakni dakwaan pertama pasal 340 KUHP tentang pembunuhan berencana dan pasal 49 UU ITE terkait obstruction of justice atau menghalang-halangi proses hukum.

#Metrotv 
#sidangferdysambo  
#sidang  
#sambo",2022-10-17T03:16:57Z,PT54S,52119,617,0,49
rkiXvzfuu5k,UCB1fvlA5xmLJ0tZblpoTuaQ,VIVA.CO.ID,"Bibir Gak Santai Parodikan ART Ferdy Sambo, Wanita Ini Bikin Perut Mules","VIVA - Keterangan Susi ART Ferdy Sambo sebagai saksi dalam persidangan pembunuhan berencana Brigadir J dengan terdakwa Bharada E beberapa waktu lalu jadi sorotan. Jawabannya yang serba tidak tahu membuat hakim dan khalayak ramai geram. Rupanya, hal itu menginspirasi seseorang untuk membuat video parodi saat Susi sedang menjadi saksi. (RP-RD-SW) #VIVAnewsdaily

Baca berita terbaru, terkini dan terpopuler disini https://www.viva.co.id/",2022-11-06T07:30:07Z,PT2M6S,51745,319,0,61
vEUzg9hsrKE,UCmxAIW7RDDC88EPk4ry16Kg,Tribunnews,Pakar Hukum Yakin Ferdy Sambo akan Dapat Tuntutan Hukuman Mati,"BACA SELENGKAPNYA https://video.tribunnews.com/view/466503/pakar-hukum-yakin-ferdy-sambo-akan-dapat-tuntutan-hukuman-mati

TRIBUN-VIDEO.COM - Pakar hukum Universitas Jenderal Soedirman Hibnu Nugroho meyakini Ferdy Sambo akan dituntut hukuman seumur hidup atau bahkan hukuman mati karena menjadi otak pembunuhan Brigadir J. 

Hibnu mengatakan, bahwa kasus Ferdy Sambo sudah menjadi perhatian semua mata masyarakat Indonesia.

VP: Ghozi Luthfi

#brigadirj #penembakanpolisi #irjenferdysambo #ferdysambo  #beritapopuler #beritaterkini #beritaterbaru #beritahariini #polisi #penembakan #metrojaya #penembakanbrigadirj #kejagung 
#kasusbrigadirj #bharadae #komnasham #kamaruddinsimanjuntak #ajudan #polisitembakpolisi #kombesbudi #kasusdurentiga #tersangka #kerajaansambo #sambopolri #sambodipecat #sidangkodeetik #putricandrawathi",2022-10-06T08:51:51Z,PT52S,51532,690,0,36
oW0fv80VFzc,UCB1fvlA5xmLJ0tZblpoTuaQ,VIVA.CO.ID,Murka! Ferdy Sambo 'Kecolongan' Ketika CCTV di Tangan Polres Jaksel,"VIVA - Dalam pembacaan surat dakwaan di persidangan Ferdy Sambo Senin, 17 Oktober 2022 jaksa mengungkap jika Ferdy Sambo sempat marah terhadap anak buahnya terkait DVR atau rekaman CCTV sekitaran rumah yang menjadi TKP pembunuhan Brigadir J. (RP-RN-SW) #VIVAnewsdaily

Baca berita terbaru, terkini dan terpopuler disini https://www.viva.co.id/",2022-10-17T08:30:08Z,PT1M37S,51255,297,0,95
xYPIaWXMUmg,UCoSkllfpgmFHtbVK835QaQg,Official iNews,Anak Ferdy Sambo Jadi Korban 'Bully' #BreakingNews 28/08,"Tanggal Tayang: 28/08/2022

Dapatkan sajian berita-berita liputan langsung dari lapangan dan peristiwa terkini secara cepat dan akurat dari seluruh Indonesia. Baca berita-berita terpopuler di sini:

iNews https://www.inews.id 
Okezone https://www.okezone.com 
Sindonews https://www.sindonews.com 
IDX Channel https://www.idxchannel.com 
Celebrities https://www.celebrities.id 
Sporstars https://www.sportstars.id 

Jangan lewatkan juga berbagai program talk show yang mengupas berbagai masalah yang tengah hangat di masyarakat, baik di bidang sosial, ekonomi, hingga dunia hukum dan politik. Semuanya dikemas secara apik, mendalam, menyentuh dan tetap kritis. 

Subscribe iNews Official Youtube Channel https://www.youtube.com/OfficialiNews
Follow our Official TikTok https://www.tiktok.com/@officialinews
Follow our Official Twitter https://twitter.com/OfficialiNewsTV
Like our Official Facebook https://www.facebook.com/OfficialiNews
Follow our Official Instagram https://www.instagram.com/officialiNews

#iNews #News #Berita",2022-08-29T03:47:46Z,PT2M22S,51231,233,0,248
4wt_OUqu0lg,UCwFc1bMj5KFxX8BJ1wBRuzw,Tribun MedanTV,"PROFIL JENDERAL AHMAD DOFIRI, Pernah Pecat Ferdy Sambo❗","Download aplikasi berita TribunX di Play Store atau App Store untuk dapatkan pengalaman baru

TRIBUN-MEDAN.COM - Komjen Pol (Purn) Ahmad Dofiri dilantik menjadi Penasehat Khusus Presiden Bidang Keamanan dan Ketertiban Masyarakat dan Reformasi Kepolisian.

Ia dilantik langsung oleh Presiden Prabowo Subianto di Istana Kepresidenan, Jakarta pada Rabu (17/9/2025).

Sebelum dilantik menjadi Penasehat Khusus Presiden, Dofiri baru saja pensiun dari Polri dengan jabatan terakhir sebagai Wakapolri.

Berikut profil Ahmad Dofiri yang dilantik jadi Penasehat Khusus Presiden.

Editor Video : M Andimaz Kahfi

Bergabung dengan channel ini untuk mendapatkan akses ke berbagai keuntungan:
https://www.youtube.com/channel/UCwFc1bMj5KFxX8BJ1wBRuzw/join

Baca selengkapnya di www.tribun-medan.com

#TribunMedan #ahmaddofiri #penasehatkhususpresiden",2025-09-17T15:50:01Z,PT3M5S,50586,286,0,49
4eF8JHs_seQ,UCKII0Ml9S5wneKbHswmUrIQ,CNN Indonesia,LIVE: Sidang Pembunuhan Berencana Yosua: Ferdy Sambo Hadirkan Saksi Ahli yang Meringankan,"LIVE Sidang Pembunuhan Berencana Yosua: Ferdy Sambo Hadirkan Saksi Ahli yang Meringankan

Website: www.cnnindonesia.com
Facebook: https://m.facebook.com/CNNIndonesia/
Instagram: https://instagram.com/cnnindonesiatv
Twitter: https://twitter.com/cnniddaily
TikTok: https://www.tiktok.com/@cnnindonesia
Spotify: CNN Indonesia",2022-12-22T05:19:58Z,PT3H15M15S,49583,273,0,42
xUHzeBVBRno,UCT5H_ppXrhC7SFurhrezJKw,Tribun Sumsel,Curhatan Pilu Anak Ferdy Sambo yang Gantikan Sosok Orangtua Bagi Adik Adiknya,"Lulus menyandang gelar dokter di tengah kasus hukum yang menjerat kedua orang tuanya lantaran kasus pembunuhan berencana  terhadap almarhum brigadir J, pemilik nama lengkap Trisha Eungelica Ardyana Sambo membagikan aktivitas kesehariannya sekaligus menjadi figur orang tua pengganti untuk ketiga adiknya. 

Dalam unggahan akun TikTok @troasang, Trisha menuliskan secara rinci mulai dari mempersiapkan susu adik bungsunya, bayar sekolah adik-adiknya, hingga mengelola gaji karyawan dan pembantu. 

Bahkan diakui Trisha jika ia sering merelakan waktu kumpul bersama teman-temannya usai kuliah, lantaran harus menemani Arka adik paling kecilnya. 

Bahkan pada saat momen kelulusan adik-adiknya kemarin dari sekolah Taruna Nusantara di Magelang, Trisha sempat dibuat sibuk untuk mempersiapkan batik dan kebaya adik-adiknya.

Tribun Sumsel/ Ninis 
Editor/Purwanto

Baca berita di ------- http://sumsel.tribunnews.com/

Follow Instagram --------- https://www.instagram.com/tribunsumsel/

Like fanspage --------- https://www.facebook.com/harian.tribun.sumsel/",2023-05-11T03:49:17Z,PT51S,49025,192,0,26
Gdb0xOvzQZI,UCPAxpUn1mrn14xU0JpsLhDg,Kompas.com,Kemunculan Perdana Ferdy Sambo dan Pernyataan Lengkapnya soal Kematian Brigadir J,"Setelah hampir sebulan bungkam, Irjen Ferdy Sambo tampil dihadapan publik pada Kamis (4/8/2022).
 
Ferdy Sambo sempat memberikan pernyataan sebelum dirinya melakukan pemeriksaan sebagai saksi terkait tewasnya Brigadi J di gedung Badan Reserse Kriminal (Bareskrim) Polri.
 
Sambo sempat menyampaikan permohonan maaf kepada Polri atas kasus tersebut. Selain itu, ia juga mengucapkan bela sungkawa atas kematian Brigadir J.

Sementara, Sambo juga meminta publik bersabar dan tidak berasumsi macam-macam dalam kasus ini.

Simak selengkapnya dalam video berikut.

Video Jurnalis: Pramulya Sadewa, Claudia Aviolola, Vitorio Mantalean
Penulis: Fitria Chusna Farisa
Penulis Naskah: Putri Aulia
Narator: Putri Aulia
Video Editor: Putri Aulia
Produser: Okky Mahdi Yasser
Musik: Piano Trap Beethoven by Josh Pan

#FerdySambo #BharadaE #BrigadirJ #JernihkanHarapan #Kompascom",2022-08-04T09:36:13Z,PT3M11S,49010,245,0,282
fu3d7K6pWAM,UCmxAIW7RDDC88EPk4ry16Kg,Tribunnews,Tangis Ibunda Brigadir J Hakim Vonis Ferdy Sambo Hukuman Mati atas Pembunuhan pada sang Anak,"TRIBUN-VIDEO.COM - Ibunda Brigadir J, Rosti Simanjuntak hadir langsung dalam sidang vonis terdakwa Ferdy Sambo dalam kasus pembunuhan Brigadir Yosua.

Rosti datang bersama keluarga hukum korban Kamaruddin Simanjuntak sembari membawa foto dari Brigadir J.

Selama hakim membacakan vonis sidang pada Senin (13/2/2023) hari ini, ibunda Brigadir J terlihat beberapa kali menangis dan menundukkan kepalanya.

Ia juga beberapa kali terlihat mengelus dan memeluk foto sang putra di bekapan dadanya.

(Tribun-Video.com/N)

#putricandrawathi #bharadae #kuatmaruf #brigadiryosua #rickyrizal #sidang #cctv #pnjaksel #pengadilan #sidangsambo #brigadirj #sambo #ferdysambo #brigadirjoshua #vonissambo #vonisputri",2023-02-13T10:23:21Z,PT1M,48603,719,0,73
NBwej7lVHW4,UCB1fvlA5xmLJ0tZblpoTuaQ,VIVA.CO.ID,Detik-detik Ferdy Sambo Nyaris Ditembak Ajudan Sendiri,"VIVA - Ferdy Sambo sempat ditodong senjata oleh Ajudannya sendiri Adzan Romer setelah selesai mengeksekusi Brigadir J. Dalam surat dakwaan Ferdy Sambo disebut, bahwa Brigadir J tewas pada Jumat 8 Juli 2022 sekira pukul 17.16 WIB.  (RK-MA-MI)

Baca berita terbaru, terkini dan terpopuler disini https://www.viva.co.id/",2022-10-19T05:09:35Z,PT4M20S,47841,324,0,110
Y5Z7TXpp7H0,UCPAxpUn1mrn14xU0JpsLhDg,Kompas.com,"Ferdy Sambo Tak Jadi Dihukum Mati tapi Seumur Hidup, Apa Bedanya?","Mahkamah Agung (MA) meringankan vonis Ferdy Sambo terkait kasus pembunuhan berencana Brigadir Nofriansyah Yosua Hutabarat atau Brigadir J.

Ferdy Sambo yang sebelumnya divonis hukuman mati kini mendapatkan hukuman penjara seumur hidup

Lantas, apa perbedaan hukuman seumur hidup dan hukuman mati?

Simak berita selengkapnya dalam video berikut!

Video Jurnalis: DEW
Penulis : Diva Lufiana Putri
Penulis Naskah: Dariz Kartika
Narator: Dariz Kartika
Video Editor: Armitha Sathi Devi
Produser: Dandy Bayu Bramasta

Musik:Icelandic Arpeggios - DivKid

#FerdySambo #HukumanSambo #JernihkanHarapan #ragamkompascom






Artikel ini bisa dilihat di : https://video.kompas.com/watch/792335/ferdy-sambo-tak-jadi-dihukum-mati-tapi-seumur-hidup--apa-beda-keduanya-",2023-08-09T02:57:29Z,PT2M16S,46872,279,0,555
10lHg03yO5s,UCMaaESJE7U16PwijUlQmaGw,Notifzen,Apakabar hukuman Ferdy Sambo???,,2022-11-01T11:10:34Z,PT13S,46256,332,0,17
GZUDXM7KCPw,UCdOovgmIPfj9a-o3VP5i2_g,MerdekaDotCom,Detik-Detik Tegang Hakim Vonis Ferdy Sambo Hukuman Mati #besmart #sidangsambo #shortviral,,2023-02-13T09:02:48Z,PT47S,44830,744,0,68
_SQpKzRZMsM,UCB1fvlA5xmLJ0tZblpoTuaQ,VIVA.CO.ID,"Sunat Vonis Mati Ferdy Sambo, Jejak Hitam Hakim Agung Suhadi Dikuliti Warganet","VIVA - Baru-baru ini Mahkamah Agung (MA) melalui Hakim Suhadi sebagai Ketua Majelis Hakim memangkas vonis mati Ferdy Sambo menjadi hukuman penjara seumur hidup. Bukan hanya Ferdy Sambo, hukuman sang istri, Putri Candrawathi pun berkurang dari 20 menjadi 10 tahun. 

Buntut dari keputusan tersebut, kehidupan pribadi Hakim Suhadi langsung dikuliti oleh warganet. Sang anak yang bernama Danu Arman dikuliti warganet karena diduga memiliki jejak hitam. Hal ini diungkap oleh akun Twitter @ainurrohman beberapa waktu lalu.  

Baca berita terbaru, terkini dan terpopuler disini https://www.viva.co.id/",2023-08-11T09:31:58Z,PT1M59S,44747,533,0,674
FR2ggdeABrU,UCKII0Ml9S5wneKbHswmUrIQ,CNN Indonesia,"LIVE! Sidang Pembelaan Ferdy Sambo, Ricky Rizal, dan Kuat Ma'ruf","Ferdy Sambo, Ricky Rizal, dan Kuat Ma'ruf ajukan pledoi atau pembelaan dalam sidang kasus pembunuhan Brigadir Yosua di PN Jakarta Selatan, Selasa, 24 Januari 2023. Pledoi atau pidato pembelaan bisa disampaikan langsung oleh terdakwa atau bisa juga disampaikan oleh kuasa hukumnya.

Website: www.cnnindonesia.com
Facebook: https://m.facebook.com/CNNIndonesia/
Instagram: https://instagram.com/cnnindonesiatv
Twitter: https://twitter.com/cnniddaily
TikTok: https://www.tiktok.com/@cnnindonesia
Spotify: CNN Indonesia",2023-01-24T15:41:48Z,PT8H52M35S,43833,216,0,7
fpeq9FJSNzE,UCzl0OrB3-ehunyotIQvK77A,METRO TV ,BREAKING NEWS - [FULL] SIDANG PEMERIKSAAN TERDAKWA FERDY SAMBO,"MetroTV,  Sidang kasus pembunuhan berencana terhadap Nofriansyah Yosua Hutabarat atau Brigadir J kembali bergulir di PN Jakarta Selatan, Selasa (10/1/2023). Sidang beragendakan pemeriksaan Ferdy Sambo sebagai terdakwa.

Dilansir dari Sistem Informasi Penelusuran Perkara (SIPP) Pengadilan Negeri (PN) Jakarta Selatan, sidang Ferdy Sambo digelar di Ruang Utama Prof. H. Oemar Seno Adji, SH, pukul 09.30 WIB.

Sebelumnya, hakim rampung memeriksa tiga terdakwa lainnya, yakni Richard Eliezer Pudihang Lumiu (Bharada E), Ricky Rizal dan Kuat Ma'ruf. Hakim telah menjadwalkan pembacaan tuntutan bagi ketiga terdakwa tersebut. Ferdy Sambo dan Putri Candrawathi juga akan menghadapi tuntutan usai pemeriksaannya rampung.

Diketahui, lima terdakwa tersebut melakukan pembunuhan berencana terhadap brigadir J. Akibatnya, mereka dijerat Pasal 340 subsider Pasal 338 KUHP juncto Pasal 55 KUHP.

Sementara itu, Ferdy Sambo juga didakwa menghalangi penyidikan dalam perkara pembunuhan berencana tersebut, dan dijerat pasal berlapis.

Ferdy Sambo didakwa melanggar Pasal 49 jo Pasal 33 subsider Pasal 48 Jo Pasal 32 ayat (1) Undang-Undang Nomor 19 tahun 2016 tentang perubahan atas Undang-undang Nomor 11 Tahun 2008 tentang Informasi dan Transaksi Elektronik jo Pasal 55 ayat (1) ke 1 KUHP. Atau diancam dengan pidana dalam Pasal 233 KUHP subsider Pasal 221 ayat (1) ke-2 jo Pasal 55 ayat (1) ke 1 KUHP. 

#breakingnews #sidangsambo #ferdysambo #richardeliezer #putricandrawathi #kuatmaruf #rickyrizal #brigadirj #Metrotv #topreviewmetrotv",2023-01-10T13:44:01Z,PT4H27M55S,43607,462,0,192
J2trNpVEuYU,UCw-O82KfLHGuqC52RamzG9A,Jejak Populer,AKHIRNYA TERUNGKAP? Ini Bukti Kedekatan Irjen Ferdy Sambo dan AKP Rita Yuliana,"Polwan cantik yang baru saja kalian lihat saat ini menjadi buah bibir warganet. Namanya ramai diperbincangkan karena diduga terlibat dalam insiden polisi tembak polisi. AKP Rita Yuliana disebut-sebut menjalin hubungan terlarang dengan Irjen Ferdy Sambo  Lantas benarkah demikian? Nah buat yang kalian penasaran, yuk langsung saja kita selidiki bareng-bareng dalam video berikut ini.


==================================
Subscribe disini ya: https://goo.gl/jw1KCv
==================================

...


Sebelumnya terimakasih atas segala dukungannya untuk channel ini. 

Jejak Populer adalah channel yang akan selalu berkomitmen untuk mengupdate informasi terbaru, unik seru!

Tentu dengan keterbatasan yang kami miliki, kritik dan saran pada kolom komentar sangat berarti bagi pembangunan chanel ini. Terimakasih bagi anda yang sudah SUBSCRIBE dan BERLANGGANAN video terbaru kami.

For copyright matters please contact us at: 


Disclaimer - Some contents are used for educational purpose under fair use. Copyright Disclaimer Under Section 107 of the Copyright Act 1976, allowance is made for ""fair use"" for purposes such as criticism, comment, news reporting, teaching, scholarship, and research. Fair use is a use permitted by copyright statute that might otherwise be infringing. Non-profit, educational or personal use tips the balance in favor of fair use.",2022-07-23T01:21:05Z,PT8M8S,42900,243,0,63
FQUP35lVY7s,UCdOovgmIPfj9a-o3VP5i2_g,MerdekaDotCom,"Vote Calon Hakim Agung MA, Alimin Pemvonis Mati Ferdy Sambo Raih Suara Nol Komisi III DPR","Komisi III DPR menggelar rapat pleno pemilihan calon hakim agung dan hakim ad hoc di MA, Selasa (16/9/2025). Hakim Pengadilan Tinggi Banjarmasin, Alimin Ribut Sujono, tidak memperoleh satu pun suara. Alimin sebelumnya pernah menjatuhkan vonis mati kepada Ferdy Sambo dan terpidana narkotika asal Pakistan. #Merdekadotcom #KomisiIII #Pemilihan #CalonHakimAgung&HakimAdhocMA #AliminRibutSujono",2025-09-16T09:56:03Z,PT2M28S,60649,443,0,273
EGym1h1urh4,UCHhjc5aIrWN0PvW67JsB-vA,Wahyu Budianto,“Prabowo Tunjuk Jenderal Berani Pemecat Ferdy Sambo‼️ Misi Reformasi Total Polri Dimulai” #shorts,"Presiden Prabowo Subianto resmi menunjuk Komjen (Purn) Ahmad Dofiri sebagai penasihat khusus untuk mereformasi Polri.
Sosok ini bukan jenderal biasa, ia dikenal tegas saat memimpin sidang etik dan memecat Ferdy Sambo.
Dengan rekam jejak bersih, kekayaan transparan, serta pengalaman panjang, publik berharap Dofiri mampu membawa Polri menjadi lebih profesional, transparan, dan dicintai masyarakat.
Apakah reformasi besar-besaran di tubuh Polri benar-benar akan terwujud?

👉 Simak informasi lengkapnya di video ini!


---

🔖 Hashtag YouTube

#PrabowoSubianto #AhmadDofiri #Polri #ReformasiPolri #BeritaTerkini #Indonesia
#tahukahkamu #beritaterkini",2025-09-22T00:00:14Z,PT9S,168264,1002,0,55
d1_jOtACnlQ,UCmxAIW7RDDC88EPk4ry16Kg,Tribunnews,Ferdy Sambo Divonis Hukuman Mati dalam Kasus Pembunuhan Berencana Brigadir Yosua,"TRIBUN-VIDEO.COM- Majelis Hakim Pengadilan Negeri Jakarta Selatan menjatuhkan vonis hukuman mati terhadap Ferdy Sambo.

Mantan Kadiv Propam itu dinyatakan bersalah dalam kasus pembunuhan Brigadir Yosua.

Ferdy Sambo terbukti secara sah dan meyakinkan bersalah melakukan pembunuhan berencana terhadap Brigadir J sebagaimana dakwaan jaksa penuntut umum (JPU).

Vonis terhadap Sambo dibacakan Ketua Majelis Hakim Wahyu Iman Santoso di Pengadilan Negeri Jakarta Selatan, Senin (13/2).

Hakim Wahyu juga mengatakan bahwa Sambo dinyatakan bersalah melakukan perusakan CCTV di TKP pembunuhan.

Hal ini membuat sistem elektronik menjadi tidak bekerja sebagaimana mestinya.

Sebelumnya, Ferdy Sambo telah menjalani serangkaian persidangan dalam kasus pembunuhan Brigadir Yosua.

Dalam kasus ini, Sambo didakwa melanggar Pasal 340 KUHP tentang pembunuhan berencana.

Jaksa Penuntut Umum (JPU) kemudian menuntut Sambo dengan hukuman penjara seumur hidup.

Sambo dinilai terbukti secara sah dan meyakinkan bersalah melakukan tindak pembunuhan berencana terhadap Yosua.

Selain Sambo, pihak yang juga terlibat dalam pembunuhan ini adalah Putri Candrawathi, Ricky Rizal, Richard Eliezer, dan Kuat Ma'ruf.

(Tribun-Video.com/ Kompas.com)

Artikel ini telah tayang di Kompas.com dengan judul ""Ferdy Sambo Divonis Hukuman Mati!"", Klik untuk baca: https://nasional.kompas.com/read/2023/02/13/15204921/ferdy-sambo-divonis-hukuman-mati.
Penulis : Singgih Wiryono
Editor : Diamanty Meiliana

#beritaterbaru #beritaterkini #beritaviral #live #breakingnews #sambo #ferdysambo",2023-02-13T13:11:01Z,PT58S,43053,658,0,36
ObjJMsf96Oo,UCfI9Bk6ZfNXZ2mg3QZoF5Lw,Tribun Jambi,"Eks Anak Buah Ferdy Sambo, Hendra Kurniawan Ternyata Tak jadi PTDH","Download aplikasi berita TribunX di Play Store atau App Store untuk dapatkan pengalaman baru

Mantan anak buah Ferdy Sambo, Hendra Kurniawan sebelumnya telah diputus PTDH alias Pemberhentian Tidak Dengan Hormat nyatanya sanksi tersebut dibatalkan, mengapa?

Sanksi pemecatan tersebut diputuskan setelah Brigjen Hendra Kurniawan mengikuti sidang kode etik di Mabes Polri pada 31 Oktober 2022 lalu.

Hendra Kurniawan juga divonis penjara 3 tahun dengan denda Rp20 juta subsider 3 bulan kurungan oleh majelis hakim Pengadilan Negeri Jaksel, 27 Februari 2023.
Editor:  HR HENDRO SANDI


Jangan lupa follow akun-akun sosial media TribunJambi.com untuk mendapatkan beragam informasi terkini dan updatenya:

YouTube:    / https://www.youtube.com/@tribunjambi_official  
Facebook: https://www.facebook.com/tribunjambifanspage
​Instagram:   / https://www.instagram.com/tribunjambi
Twitter/X:  / https://x.com/tribunjambiku",2025-05-07T02:43:09Z,PT1M26S,42152,138,0,157
7G1ycM81GVg,UC5BMIWZe9isJXLZZWPWvBlg,KOMPASTV,Tampak Desak Kompolnas Segera Periksa Irjen Ferdy Sambo,"JAKARTA, KOMPAS.TV  Tim advokat penegak hukum dan keadilan atau Tampak menyambangi kompolnas, Selasa (2/8/2022). 

Mereka menanyakan keseriusan pengawasan terhadap penyidikan kasus Brigadir Yoshua.

Tampak berpendapat dengan dua alat bukti permulaan yang cukup semestinya tim khusus polri sudah bisa menetapkan tersangka, dalam kasus penembakan Brigadir Yoshua. 

Baca Juga Kejanggalan Otopsi Pertama Brigadir Yoshua yang Timbulkan Misteri di https://www.kompas.tv/article/314563/kejanggalan-otopsi-pertama-brigadir-yoshua-yang-timbulkan-misteri

Anggota Tampak Saor Siagian pun menjawab pertanyaan wartawan terkait pemeriksaan Ferdy Sambo. 

Pihaknya telah mendesak Kompolnas, dan berharap desakan disampaikan kepada timsus Polri.

""Nah itu, karena Kompolnas adalah bagian dari tim penyidik, kami meminta supaya sifat Kompolnas yang pengawas itu melakukan pengawasannya. Beliau tadi berjanji sore ini akan disampaikan,"" kata Saor. 

Video Editor: Febi
 

Artikel ini bisa dilihat di :  https://www.kompas.tv/article/315141/tampak-desak-kompolnas-segera-periksa-irjen-ferdy-sambo",2022-08-02T11:42:57Z,PT4M25S,41649,433,0,200
QQcsYvwjl9w,UCmxAIW7RDDC88EPk4ry16Kg,Tribunnews,"Wakapolri Baru Pernah Terlibat Usut Kasus Ferdy Sambo, Pengamat: Cocok! Bisa Dampingi Listyo Sigit","Download aplikasi berita TribunX di Play Store atau App Store untuk dapatkan pengalaman baru

TRIBUN-VIDEO.COM - Komjen Dedi Prasetyo resmi dilantik dan menjabat sebagai Wakapolri menggantikan Ahmad Dofiri.

Pengamat kepolisian dari Institute for Security and Strategic Studies (ISESS), Bambang Rukminto menilai bahwa Dedi Prasetyo cocok mendampingi Kapolri, jenderal Listyo Sigit Prabowo. 

Alasan Bambang menyatakan kecocokan tersebut karena jejak Dedi yang turut berperan dalam berbagai kasus besar. 

""Komjen DP (Dedi Prasetyo) sangat cocok dengan Kapolri LSP (Listyo Sigit Prabowo). Beberapa tahun terakhir, DP sangat bisa mengamankan berbagai kebijakan LSP, mulai dari kasus Sambo, sampai program ketahanan pangan,"" katanya kepada Tribunnews.com, Selasa (5/8/2025). (TribunVideo.com)

Artikel ini telah tayang di Tribunnews.com dengan judul Dedi Prasetyo Jadi Wakapolri, Pengamat: Cocok, Bisa Sempurnakan Program Listyo Sigit, 

https://www.tribunnews.com/nasional/2025/08/05/dedi-prasetyo-jadi-wakapolri-pengamat-cocok-bisa-sempurnakan-program-listyo-sigit.

Program: Tribunnews Update
Host: Nurma Aisyah
Editor Video: Allamsyah Yusuf Kurniawan
Uploader : Radifan Setiawan",2025-08-06T02:21:55Z,PT1M59S,41651,62,0,22
CdqT3tyWmXU,UCJ1sHIhhF_bql6UaY4uNsyg,Tribun Selatan News,Pakar Pidana Ungkap Strategi Ferdy Sambo Agar Lolos dari Hukuman,,2022-09-21T18:55:12Z,PT10S,40863,0,0,2
p2eyDUoybBo,UCmxAIW7RDDC88EPk4ry16Kg,Tribunnews,Ferdy Sambo Teteskan Air Mata saat Pengacara di Persidangan Baca Kronologi PC Dilecehkan Brigadir J,"Baca Selengkapnya di https://video.tribunnews.com/view/474090/ferdy-sambo-teteskan-air-mata-saat-pengacara-di-persidangan-baca-kronologi-pc-dilecehkan-brigadir-j

TRIBUN-VIDEO.COM - Eks Kadiv Propam Polri, Ferdy Sambo menangis di persidangan saat pengacara membacakan kronologi pelecehan terhadap sang istri di Magelang Jawa Tengah.

Air mata Ferdy Sambo jatuh meski ia beberapa kali menghapusnya dengan menaikkan masker yang ia kenakan.

Inilah momen kala Ferdy Sambo menangis di persidangan saat pengacara keluarga Sarmauli Simangunsong membacakan dugaan kronologi pelecehan di Magelang Jawa Tengah.

#beritaterbaru #beritaterkini #beritaviral #ferdysambo #brigadirj #sidangferdysambo #bharadae",2022-10-17T14:31:36Z,PT57S,40901,472,0,57
p3Iy56loLws,UCSV7FgMcSdOWxeSCYCD3UOA,Warta Kota Production,Amnesty International Sebut Hukuman Mati Ferdy Sambo Sudah Ketinggalan Zaman,"Amnesty International Sebut Hukuman Mati Ferdy Sambo Sudah Ketinggalan Zaman
#shorts 
https://wartakota.tribunnews.com/2023/02/14/amnesty-international-sebut-hukuman-mati-ferdy-sambo-sudah-ketinggalan-zaman.

WARTAKOTALIVE.COM, JAKARTA - Amnesty International Indonesia menyebut hukuman mati yang diterima oleh mantan Kadiv Propam Polri Ferdy Sambo merupakan vonis yang sudah ketinggalan zaman.

Dari keterangan rilisnya, Direktur Eksekutif Amnesty International Indonesia Usman Hamid menanggapi vonis hukuman mati yang diterima Ferdy Sambo usai ditetapkan bersalah karena melakukan pembunuhan berencana terhadap ajudannya Brigadir J.

Menurut Usman, perbuatan Ferdy Sambo memang tergolong kejahatan yang serius dan sulit ditoleransi.

Terlebih mengingat kapasitasnya sebagai kepala dari polisinya polisi.

#FerdySambo #AmnestyInternationalIndonesia #UsmanHamid #VonisMati #VonisSambo

Sumber: Tribunnews
Penulis & VO: Desy Selviany
Editor Video: udinudin",2023-02-14T16:53:48Z,PT1M,39145,98,0,194
xni_pB51myw,UCfI9Bk6ZfNXZ2mg3QZoF5Lw,Tribun Jambi,"Beredar Foto Ferdy Sambo Di Tahanan Usai Isu Tak Dipenjara, Model Rambut Jadi Sorotan","Download aplikasi berita TribunX di Play Store atau App Store untuk dapatkan pengalaman baru

Ferdy Sambo disebut tidak pernah tidur di dalam sel saat ditahan di Lapas Salemba. Hal tersebut disampaikan oleh advokat Alvin Lim yang juga pernah ditahan di Lapas Salemba, dalam podcast bersama dr. Richard Lee.

Di tengah viralnya tudingan Alvin Lim, beredar foto-foto Ferdy Sambo di tahanan. Tampak mantan Kadiv Propam Polri itu memiliki rambut gondrong.",2024-01-10T11:30:10Z,PT1M37S,38176,161,0,111
YQvRHk6W_R8,UCmxAIW7RDDC88EPk4ry16Kg,Tribunnews,"Advokat Alvin Lim Sebut Ferdy Sambo Tak Pernah Tidur di Sel Lapas Salemba, Mahfud MD Beri Tanggapan","Baca Selengkapnya di https://video.tribunnews.com/view/687570/advokat-alvin-lim-sebut-ferdy-sambo-tak-pernah-tidur-di-sel-lapas-salemba-mahfud-md-beri-tanggapan

TRIBUN-VIDEO.COM - Pengacara Alvin Lim menyebut, Ferdy Sambo tak pernah di penjara Lapas Salemba.
 
Namun ia menjalaskan hanya namanya saja yang di sana.

""Dia tidak pernah ditahan di Lapas Salemba. Namanya doang di situ. Saya kan di Lapas Salemba. Saya ini di Lapas Salemba bebas, mohon maaf,"" kata Alvin di podcast Dokter Richard Lee pada Rabu (3/1/2024).

Host: Ni'ma Chalida Husna
VP: Ulung",2024-01-05T07:19:33Z,PT31S,38270,383,0,65
K-pishguWxQ,UC5BMIWZe9isJXLZZWPWvBlg,KOMPASTV,"Deretan Kesaksian Ajudan Ferdy Sambo, Adzan Romer: Soal Tangisan Putri Hingga Mau Disikut Sambo","JAKARTA, KOMPAS.TV  Inilah deretan keterangan anak buah Ferdy Sambo, Adzan Romer yang diperiksa menjadi saksi dalam kasus pembunuhan berencana Yosua.

Saat kejadian pada 8 Juli, Romer mengaku bahwa dirinya mendengar tangisan Putri Candrawathi dari pintu depan usai Yosua ditembak.

Romer juga ungkap bahwa bila pintu kamar Putri Candrawathi dibuka maka bisa melihat jelas posisi Yosua terkapar usai ditembak.

Baca Juga Mantan Hakim Agung Nilai Kesaksian Adzan Romer di Persidangan Kasus Yosua Lebih Bisa Dipercaya di https://www.kompas.tv/article/351162/mantan-hakim-agung-nilai-kesaksian-adzan-romer-di-persidangan-kasus-yosua-lebih-bisa-dipercaya

Romer juga ungkap bahwa dirinya sempat mau disikut oleh Ferdy Sambo. Sebelum hendak menyikut, Ferdy Sambo juga memarahi ajudannya tersebut karena tidak bisa menjaga Putri Candrawathi.

Adzan Romer juga menjabarkan kesaksiannya terkait senjata Ferdy Sambo yang jatuh saat keluar dari mobil dan perihal sarung tangan hitam yang dikenakan oleh Sambo.

Video Editor: Lintang Amiluhur

Artikel ini bisa dilihat di :  https://www.kompas.tv/article/377634/deretan-kesaksian-ajudan-ferdy-sambo-adzan-romer-soal-tangisan-putri-hingga-mau-disikut-sambo",2023-02-12T07:34:07Z,PT4M24S,37440,235,0,25
Y5Z7TXpp7H0,UCPAxpUn1mrn14xU0JpsLhDg,Kompas.com,"Ferdy Sambo Tak Jadi Dihukum Mati tapi Seumur Hidup, Apa Bedanya?","Mahkamah Agung (MA) meringankan vonis Ferdy Sambo terkait kasus pembunuhan berencana Brigadir Nofriansyah Yosua Hutabarat atau Brigadir J.

Ferdy Sambo yang sebelumnya divonis hukuman mati kini mendapatkan hukuman penjara seumur hidup

Lantas, apa perbedaan hukuman seumur hidup dan hukuman mati?

Simak berita selengkapnya dalam video berikut!

Video Jurnalis: DEW
Penulis : Diva Lufiana Putri
Penulis Naskah: Dariz Kartika
Narator: Dariz Kartika
Video Editor: Armitha Sathi Devi
Produser: Dandy Bayu Bramasta

Musik:Icelandic Arpeggios - DivKid

#FerdySambo #HukumanSambo #JernihkanHarapan #ragamkompascom






Artikel ini bisa dilihat di : https://video.kompas.com/watch/792335/ferdy-sambo-tak-jadi-dihukum-mati-tapi-seumur-hidup--apa-beda-keduanya-",2023-08-09T02:57:29Z,PT2M16S,46872,279,0,555
10lHg03yO5s,UCMaaESJE7U16PwijUlQmaGw,Notifzen,Apakabar hukuman Ferdy Sambo???,,2022-11-01T11:10:34Z,PT13S,46256,332,0,17
GZUDXM7KCPw,UCdOovgmIPfj9a-o3VP5i2_g,MerdekaDotCom,Detik-Detik Tegang Hakim Vonis Ferdy Sambo Hukuman Mati #besmart #sidangsambo #shortviral,,2023-02-13T09:02:48Z,PT47S,44830,744,0,68
_SQpKzRZMsM,UCB1fvlA5xmLJ0tZblpoTuaQ,VIVA.CO.ID,"Sunat Vonis Mati Ferdy Sambo, Jejak Hitam Hakim Agung Suhadi Dikuliti Warganet","VIVA - Baru-baru ini Mahkamah Agung (MA) melalui Hakim Suhadi sebagai Ketua Majelis Hakim memangkas vonis mati Ferdy Sambo menjadi hukuman penjara seumur hidup. Bukan hanya Ferdy Sambo, hukuman sang istri, Putri Candrawathi pun berkurang dari 20 menjadi 10 tahun. 

Buntut dari keputusan tersebut, kehidupan pribadi Hakim Suhadi langsung dikuliti oleh warganet. Sang anak yang bernama Danu Arman dikuliti warganet karena diduga memiliki jejak hitam. Hal ini diungkap oleh akun Twitter @ainurrohman beberapa waktu lalu.  

Baca berita terbaru, terkini dan terpopuler disini https://www.viva.co.id/",2023-08-11T09:31:58Z,PT1M59S,44747,533,0,674
FR2ggdeABrU,UCKII0Ml9S5wneKbHswmUrIQ,CNN Indonesia,"LIVE! Sidang Pembelaan Ferdy Sambo, Ricky Rizal, dan Kuat Ma'ruf","Ferdy Sambo, Ricky Rizal, dan Kuat Ma'ruf ajukan pledoi atau pembelaan dalam sidang kasus pembunuhan Brigadir Yosua di PN Jakarta Selatan, Selasa, 24 Januari 2023. Pledoi atau pidato pembelaan bisa disampaikan langsung oleh terdakwa atau bisa juga disampaikan oleh kuasa hukumnya.

Website: www.cnnindonesia.com
Facebook: https://m.facebook.com/CNNIndonesia/
Instagram: https://instagram.com/cnnindonesiatv
Twitter: https://twitter.com/cnniddaily
TikTok: https://www.tiktok.com/@cnnindonesia
Spotify: CNN Indonesia",2023-01-24T15:41:48Z,PT8H52M35S,43833,216,0,7
fpeq9FJSNzE,UCzl0OrB3-ehunyotIQvK77A,METRO TV ,BREAKING NEWS - [FULL] SIDANG PEMERIKSAAN TERDAKWA FERDY SAMBO,"MetroTV,  Sidang kasus pembunuhan berencana terhadap Nofriansyah Yosua Hutabarat atau Brigadir J kembali bergulir di PN Jakarta Selatan, Selasa (10/1/2023). Sidang beragendakan pemeriksaan Ferdy Sambo sebagai terdakwa.

Dilansir dari Sistem Informasi Penelusuran Perkara (SIPP) Pengadilan Negeri (PN) Jakarta Selatan, sidang Ferdy Sambo digelar di Ruang Utama Prof. H. Oemar Seno Adji, SH, pukul 09.30 WIB.

Sebelumnya, hakim rampung memeriksa tiga terdakwa lainnya, yakni Richard Eliezer Pudihang Lumiu (Bharada E), Ricky Rizal dan Kuat Ma'ruf. Hakim telah menjadwalkan pembacaan tuntutan bagi ketiga terdakwa tersebut. Ferdy Sambo dan Putri Candrawathi juga akan menghadapi tuntutan usai pemeriksaannya rampung.

Diketahui, lima terdakwa tersebut melakukan pembunuhan berencana terhadap brigadir J. Akibatnya, mereka dijerat Pasal 340 subsider Pasal 338 KUHP juncto Pasal 55 KUHP.

Sementara itu, Ferdy Sambo juga didakwa menghalangi penyidikan dalam perkara pembunuhan berencana tersebut, dan dijerat pasal berlapis.

Ferdy Sambo didakwa melanggar Pasal 49 jo Pasal 33 subsider Pasal 48 Jo Pasal 32 ayat (1) Undang-Undang Nomor 19 tahun 2016 tentang perubahan atas Undang-undang Nomor 11 Tahun 2008 tentang Informasi dan Transaksi Elektronik jo Pasal 55 ayat (1) ke 1 KUHP. Atau diancam dengan pidana dalam Pasal 233 KUHP subsider Pasal 221 ayat (1) ke-2 jo Pasal 55 ayat (1) ke 1 KUHP. 

#breakingnews #sidangsambo #ferdysambo #richardeliezer #putricandrawathi #kuatmaruf #rickyrizal #brigadirj #Metrotv #topreviewmetrotv",2023-01-10T13:44:01Z,PT4H27M55S,43607,462,0,192
J2trNpVEuYU,UCw-O82KfLHGuqC52RamzG9A,Jejak Populer,AKHIRNYA TERUNGKAP? Ini Bukti Kedekatan Irjen Ferdy Sambo dan AKP Rita Yuliana,"Polwan cantik yang baru saja kalian lihat saat ini menjadi buah bibir warganet. Namanya ramai diperbincangkan karena diduga terlibat dalam insiden polisi tembak polisi. AKP Rita Yuliana disebut-sebut menjalin hubungan terlarang dengan Irjen Ferdy Sambo  Lantas benarkah demikian? Nah buat yang kalian penasaran, yuk langsung saja kita selidiki bareng-bareng dalam video berikut ini.


==================================
Subscribe disini ya: https://goo.gl/jw1KCv
==================================

...


Sebelumnya terimakasih atas segala dukungannya untuk channel ini. 

Jejak Populer adalah channel yang akan selalu berkomitmen untuk mengupdate informasi terbaru, unik seru!

Tentu dengan keterbatasan yang kami miliki, kritik dan saran pada kolom komentar sangat berarti bagi pembangunan chanel ini. Terimakasih bagi anda yang sudah SUBSCRIBE dan BERLANGGANAN video terbaru kami.

For copyright matters please contact us at: 


Disclaimer - Some contents are used for educational purpose under fair use. Copyright Disclaimer Under Section 107 of the Copyright Act 1976, allowance is made for ""fair use"" for purposes such as criticism, comment, news reporting, teaching, scholarship, and research. Fair use is a use permitted by copyright statute that might otherwise be infringing. Non-profit, educational or personal use tips the balance in favor of fair use.",2022-07-23T01:21:05Z,PT8M8S,42900,243,0,63
FQUP35lVY7s,UCdOovgmIPfj9a-o3VP5i2_g,MerdekaDotCom,"Vote Calon Hakim Agung MA, Alimin Pemvonis Mati Ferdy Sambo Raih Suara Nol Komisi III DPR","Komisi III DPR menggelar rapat pleno pemilihan calon hakim agung dan hakim ad hoc di MA, Selasa (16/9/2025). Hakim Pengadilan Tinggi Banjarmasin, Alimin Ribut Sujono, tidak memperoleh satu pun suara. Alimin sebelumnya pernah menjatuhkan vonis mati kepada Ferdy Sambo dan terpidana narkotika asal Pakistan. #Merdekadotcom #KomisiIII #Pemilihan #CalonHakimAgung&HakimAdhocMA #AliminRibutSujono",2025-09-16T09:56:03Z,PT2M28S,60649,443,0,273
EGym1h1urh4,UCHhjc5aIrWN0PvW67JsB-vA,Wahyu Budianto,“Prabowo Tunjuk Jenderal Berani Pemecat Ferdy Sambo‼️ Misi Reformasi Total Polri Dimulai” #shorts,"Presiden Prabowo Subianto resmi menunjuk Komjen (Purn) Ahmad Dofiri sebagai penasihat khusus untuk mereformasi Polri.
Sosok ini bukan jenderal biasa, ia dikenal tegas saat memimpin sidang etik dan memecat Ferdy Sambo.
Dengan rekam jejak bersih, kekayaan transparan, serta pengalaman panjang, publik berharap Dofiri mampu membawa Polri menjadi lebih profesional, transparan, dan dicintai masyarakat.
Apakah reformasi besar-besaran di tubuh Polri benar-benar akan terwujud?

👉 Simak informasi lengkapnya di video ini!


---

🔖 Hashtag YouTube

#PrabowoSubianto #AhmadDofiri #Polri #ReformasiPolri #BeritaTerkini #Indonesia
#tahukahkamu #beritaterkini",2025-09-22T00:00:14Z,PT9S,168264,1002,0,55
d1_jOtACnlQ,UCmxAIW7RDDC88EPk4ry16Kg,Tribunnews,Ferdy Sambo Divonis Hukuman Mati dalam Kasus Pembunuhan Berencana Brigadir Yosua,"TRIBUN-VIDEO.COM- Majelis Hakim Pengadilan Negeri Jakarta Selatan menjatuhkan vonis hukuman mati terhadap Ferdy Sambo.

Mantan Kadiv Propam itu dinyatakan bersalah dalam kasus pembunuhan Brigadir Yosua.

Ferdy Sambo terbukti secara sah dan meyakinkan bersalah melakukan pembunuhan berencana terhadap Brigadir J sebagaimana dakwaan jaksa penuntut umum (JPU).

Vonis terhadap Sambo dibacakan Ketua Majelis Hakim Wahyu Iman Santoso di Pengadilan Negeri Jakarta Selatan, Senin (13/2).

Hakim Wahyu juga mengatakan bahwa Sambo dinyatakan bersalah melakukan perusakan CCTV di TKP pembunuhan.

Hal ini membuat sistem elektronik menjadi tidak bekerja sebagaimana mestinya.

Sebelumnya, Ferdy Sambo telah menjalani serangkaian persidangan dalam kasus pembunuhan Brigadir Yosua.

Dalam kasus ini, Sambo didakwa melanggar Pasal 340 KUHP tentang pembunuhan berencana.

Jaksa Penuntut Umum (JPU) kemudian menuntut Sambo dengan hukuman penjara seumur hidup.

Sambo dinilai terbukti secara sah dan meyakinkan bersalah melakukan tindak pembunuhan berencana terhadap Yosua.

Selain Sambo, pihak yang juga terlibat dalam pembunuhan ini adalah Putri Candrawathi, Ricky Rizal, Richard Eliezer, dan Kuat Ma'ruf.

(Tribun-Video.com/ Kompas.com)

Artikel ini telah tayang di Kompas.com dengan judul ""Ferdy Sambo Divonis Hukuman Mati!"", Klik untuk baca: https://nasional.kompas.com/read/2023/02/13/15204921/ferdy-sambo-divonis-hukuman-mati.
Penulis : Singgih Wiryono
Editor : Diamanty Meiliana

#beritaterbaru #beritaterkini #beritaviral #live #breakingnews #sambo #ferdysambo",2023-02-13T13:11:01Z,PT58S,43053,658,0,36
ObjJMsf96Oo,UCfI9Bk6ZfNXZ2mg3QZoF5Lw,Tribun Jambi,"Eks Anak Buah Ferdy Sambo, Hendra Kurniawan Ternyata Tak jadi PTDH","Download aplikasi berita TribunX di Play Store atau App Store untuk dapatkan pengalaman baru

Mantan anak buah Ferdy Sambo, Hendra Kurniawan sebelumnya telah diputus PTDH alias Pemberhentian Tidak Dengan Hormat nyatanya sanksi tersebut dibatalkan, mengapa?

Sanksi pemecatan tersebut diputuskan setelah Brigjen Hendra Kurniawan mengikuti sidang kode etik di Mabes Polri pada 31 Oktober 2022 lalu.

Hendra Kurniawan juga divonis penjara 3 tahun dengan denda Rp20 juta subsider 3 bulan kurungan oleh majelis hakim Pengadilan Negeri Jaksel, 27 Februari 2023.
Editor:  HR HENDRO SANDI


Jangan lupa follow akun-akun sosial media TribunJambi.com untuk mendapatkan beragam informasi terkini dan updatenya:

YouTube:    / https://www.youtube.com/@tribunjambi_official  
Facebook: https://www.facebook.com/tribunjambifanspage
​Instagram:   / https://www.instagram.com/tribunjambi
Twitter/X:  / https://x.com/tribunjambiku",2025-05-07T02:43:09Z,PT1M26S,42152,138,0,157
7G1ycM81GVg,UC5BMIWZe9isJXLZZWPWvBlg,KOMPASTV,Tampak Desak Kompolnas Segera Periksa Irjen Ferdy Sambo,"JAKARTA, KOMPAS.TV  Tim advokat penegak hukum dan keadilan atau Tampak menyambangi kompolnas, Selasa (2/8/2022). 

Mereka menanyakan keseriusan pengawasan terhadap penyidikan kasus Brigadir Yoshua.

Tampak berpendapat dengan dua alat bukti permulaan yang cukup semestinya tim khusus polri sudah bisa menetapkan tersangka, dalam kasus penembakan Brigadir Yoshua. 

Baca Juga Kejanggalan Otopsi Pertama Brigadir Yoshua yang Timbulkan Misteri di https://www.kompas.tv/article/314563/kejanggalan-otopsi-pertama-brigadir-yoshua-yang-timbulkan-misteri

Anggota Tampak Saor Siagian pun menjawab pertanyaan wartawan terkait pemeriksaan Ferdy Sambo. 

Pihaknya telah mendesak Kompolnas, dan berharap desakan disampaikan kepada timsus Polri.

""Nah itu, karena Kompolnas adalah bagian dari tim penyidik, kami meminta supaya sifat Kompolnas yang pengawas itu melakukan pengawasannya. Beliau tadi berjanji sore ini akan disampaikan,"" kata Saor. 

Video Editor: Febi
 

Artikel ini bisa dilihat di :  https://www.kompas.tv/article/315141/tampak-desak-kompolnas-segera-periksa-irjen-ferdy-sambo",2022-08-02T11:42:57Z,PT4M25S,41649,433,0,200
QQcsYvwjl9w,UCmxAIW7RDDC88EPk4ry16Kg,Tribunnews,"Wakapolri Baru Pernah Terlibat Usut Kasus Ferdy Sambo, Pengamat: Cocok! Bisa Dampingi Listyo Sigit","Download aplikasi berita TribunX di Play Store atau App Store untuk dapatkan pengalaman baru

TRIBUN-VIDEO.COM - Komjen Dedi Prasetyo resmi dilantik dan menjabat sebagai Wakapolri menggantikan Ahmad Dofiri.

Pengamat kepolisian dari Institute for Security and Strategic Studies (ISESS), Bambang Rukminto menilai bahwa Dedi Prasetyo cocok mendampingi Kapolri, jenderal Listyo Sigit Prabowo. 

Alasan Bambang menyatakan kecocokan tersebut karena jejak Dedi yang turut berperan dalam berbagai kasus besar. 

""Komjen DP (Dedi Prasetyo) sangat cocok dengan Kapolri LSP (Listyo Sigit Prabowo). Beberapa tahun terakhir, DP sangat bisa mengamankan berbagai kebijakan LSP, mulai dari kasus Sambo, sampai program ketahanan pangan,"" katanya kepada Tribunnews.com, Selasa (5/8/2025). (TribunVideo.com)

Artikel ini telah tayang di Tribunnews.com dengan judul Dedi Prasetyo Jadi Wakapolri, Pengamat: Cocok, Bisa Sempurnakan Program Listyo Sigit, 

https://www.tribunnews.com/nasional/2025/08/05/dedi-prasetyo-jadi-wakapolri-pengamat-cocok-bisa-sempurnakan-program-listyo-sigit.

Program: Tribunnews Update
Host: Nurma Aisyah
Editor Video: Allamsyah Yusuf Kurniawan
Uploader : Radifan Setiawan",2025-08-06T02:21:55Z,PT1M59S,41651,62,0,22
CdqT3tyWmXU,UCJ1sHIhhF_bql6UaY4uNsyg,Tribun Selatan News,Pakar Pidana Ungkap Strategi Ferdy Sambo Agar Lolos dari Hukuman,,2022-09-21T18:55:12Z,PT10S,40863,0,0,2
p2eyDUoybBo,UCmxAIW7RDDC88EPk4ry16Kg,Tribunnews,Ferdy Sambo Teteskan Air Mata saat Pengacara di Persidangan Baca Kronologi PC Dilecehkan Brigadir J,"Baca Selengkapnya di https://video.tribunnews.com/view/474090/ferdy-sambo-teteskan-air-mata-saat-pengacara-di-persidangan-baca-kronologi-pc-dilecehkan-brigadir-j

TRIBUN-VIDEO.COM - Eks Kadiv Propam Polri, Ferdy Sambo menangis di persidangan saat pengacara membacakan kronologi pelecehan terhadap sang istri di Magelang Jawa Tengah.

Air mata Ferdy Sambo jatuh meski ia beberapa kali menghapusnya dengan menaikkan masker yang ia kenakan.

Inilah momen kala Ferdy Sambo menangis di persidangan saat pengacara keluarga Sarmauli Simangunsong membacakan dugaan kronologi pelecehan di Magelang Jawa Tengah.

#beritaterbaru #beritaterkini #beritaviral #ferdysambo #brigadirj #sidangferdysambo #bharadae",2022-10-17T14:31:36Z,PT57S,40901,472,0,57
p3Iy56loLws,UCSV7FgMcSdOWxeSCYCD3UOA,Warta Kota Production,Amnesty International Sebut Hukuman Mati Ferdy Sambo Sudah Ketinggalan Zaman,"Amnesty International Sebut Hukuman Mati Ferdy Sambo Sudah Ketinggalan Zaman
#shorts 
https://wartakota.tribunnews.com/2023/02/14/amnesty-international-sebut-hukuman-mati-ferdy-sambo-sudah-ketinggalan-zaman.

WARTAKOTALIVE.COM, JAKARTA - Amnesty International Indonesia menyebut hukuman mati yang diterima oleh mantan Kadiv Propam Polri Ferdy Sambo merupakan vonis yang sudah ketinggalan zaman.

Dari keterangan rilisnya, Direktur Eksekutif Amnesty International Indonesia Usman Hamid menanggapi vonis hukuman mati yang diterima Ferdy Sambo usai ditetapkan bersalah karena melakukan pembunuhan berencana terhadap ajudannya Brigadir J.

Menurut Usman, perbuatan Ferdy Sambo memang tergolong kejahatan yang serius dan sulit ditoleransi.

Terlebih mengingat kapasitasnya sebagai kepala dari polisinya polisi.

#FerdySambo #AmnestyInternationalIndonesia #UsmanHamid #VonisMati #VonisSambo

Sumber: Tribunnews
Penulis & VO: Desy Selviany
Editor Video: udinudin",2023-02-14T16:53:48Z,PT1M,39145,98,0,194
xni_pB51myw,UCfI9Bk6ZfNXZ2mg3QZoF5Lw,Tribun Jambi,"Beredar Foto Ferdy Sambo Di Tahanan Usai Isu Tak Dipenjara, Model Rambut Jadi Sorotan","Download aplikasi berita TribunX di Play Store atau App Store untuk dapatkan pengalaman baru

Ferdy Sambo disebut tidak pernah tidur di dalam sel saat ditahan di Lapas Salemba. Hal tersebut disampaikan oleh advokat Alvin Lim yang juga pernah ditahan di Lapas Salemba, dalam podcast bersama dr. Richard Lee.

Di tengah viralnya tudingan Alvin Lim, beredar foto-foto Ferdy Sambo di tahanan. Tampak mantan Kadiv Propam Polri itu memiliki rambut gondrong.",2024-01-10T11:30:10Z,PT1M37S,38176,161,0,111
YQvRHk6W_R8,UCmxAIW7RDDC88EPk4ry16Kg,Tribunnews,"Advokat Alvin Lim Sebut Ferdy Sambo Tak Pernah Tidur di Sel Lapas Salemba, Mahfud MD Beri Tanggapan","Baca Selengkapnya di https://video.tribunnews.com/view/687570/advokat-alvin-lim-sebut-ferdy-sambo-tak-pernah-tidur-di-sel-lapas-salemba-mahfud-md-beri-tanggapan

TRIBUN-VIDEO.COM - Pengacara Alvin Lim menyebut, Ferdy Sambo tak pernah di penjara Lapas Salemba.
 
Namun ia menjalaskan hanya namanya saja yang di sana.

""Dia tidak pernah ditahan di Lapas Salemba. Namanya doang di situ. Saya kan di Lapas Salemba. Saya ini di Lapas Salemba bebas, mohon maaf,"" kata Alvin di podcast Dokter Richard Lee pada Rabu (3/1/2024).

Host: Ni'ma Chalida Husna
VP: Ulung",2024-01-05T07:19:33Z,PT31S,38270,383,0,65
K-pishguWxQ,UC5BMIWZe9isJXLZZWPWvBlg,KOMPASTV,"Deretan Kesaksian Ajudan Ferdy Sambo, Adzan Romer: Soal Tangisan Putri Hingga Mau Disikut Sambo","JAKARTA, KOMPAS.TV  Inilah deretan keterangan anak buah Ferdy Sambo, Adzan Romer yang diperiksa menjadi saksi dalam kasus pembunuhan berencana Yosua.

Saat kejadian pada 8 Juli, Romer mengaku bahwa dirinya mendengar tangisan Putri Candrawathi dari pintu depan usai Yosua ditembak.

Romer juga ungkap bahwa bila pintu kamar Putri Candrawathi dibuka maka bisa melihat jelas posisi Yosua terkapar usai ditembak.

Baca Juga Mantan Hakim Agung Nilai Kesaksian Adzan Romer di Persidangan Kasus Yosua Lebih Bisa Dipercaya di https://www.kompas.tv/article/351162/mantan-hakim-agung-nilai-kesaksian-adzan-romer-di-persidangan-kasus-yosua-lebih-bisa-dipercaya

Romer juga ungkap bahwa dirinya sempat mau disikut oleh Ferdy Sambo. Sebelum hendak menyikut, Ferdy Sambo juga memarahi ajudannya tersebut karena tidak bisa menjaga Putri Candrawathi.

Adzan Romer juga menjabarkan kesaksiannya terkait senjata Ferdy Sambo yang jatuh saat keluar dari mobil dan perihal sarung tangan hitam yang dikenakan oleh Sambo.

Video Editor: Lintang Amiluhur

Artikel ini bisa dilihat di :  https://www.kompas.tv/article/377634/deretan-kesaksian-ajudan-ferdy-sambo-adzan-romer-soal-tangisan-putri-hingga-mau-disikut-sambo",2023-02-12T07:34:07Z,PT4M24S,37440,235,0,25
9JXwfazdbzo,UCdOovgmIPfj9a-o3VP5i2_g,MerdekaDotCom,Putri Candrawathi Istri Ferdy Sambo Jadi Tersangka,"Akhirnya, Putri Candrawathi istri Ferdy Sambo jadi tersangka dan terancam hukuman mati. Bukan cuma itu polisi yang merusakan cctv akhirnya juga terungkap.
-
-
#CreativeContent #Short # PutriCandrawathi #FerdySambo #BrigadirJ #BrigadirYosua",2022-08-19T11:24:50Z,PT47S,39599,391,0,13
zduL2uSPhKk,UCmxAIW7RDDC88EPk4ry16Kg,Tribunnews,"2 Kali Kapolri Bertanya, 2 Kali Ferdy Sambo Berbohong, Berani Sumpah Tak Terlibat Pembunuhan Yosua","TRIBUN-VIDEO.COM - Kapolri Jenderal Listyo Sigit Prabowo mengaku dua kali dibohongi oleh Ferdy Sambo terkait kasus pembunuhan Brigadir J.

Kapolri dengan tegas menanyakan apakah Ferdy Sambo terlibat dalam pembunuhan tersebut atau tidak.

Namun, Ferdy Sambo tetap bersikukuh bahwa apa yang ia sampaikan benar adanya. 


Di awal kasus, Ferdy Sambo menceritakan skenario baku tembak antara Brigadir J dengan Bharada E kepada banyak pihak, termasuk Kapolri.

""Memang awalnya agak sulit karena memang diawal-awal saudara FS ini menceritakan peristiwa skenario yang terjadi di Duren Tiga peristiwa tembak menembak dan itu disampaikan ke banyak orang termasuk saya,"" ucap Kapolri dalam program Satu Meja The Forum, Kompas TV, Rabu (7/9).

Saat bertemu Sambo, Kapolri mengaku sempat meminta mantan Kadiv Propam itu agar menceritakan hal sejujurnya terkait kematian Brigadir J.

""Saat itu saya tanya ke yang bersangkutan 'kamu jujur, kamu terlibat atau tidak,"" jelas Kapolri.

Sambil berlinang air mata, Ferdy Sambo mengatakan bahwa apa yang ia sampaikan memang benar adanya.

Bahkan, Ferdy Sambo sampai berani mengucapkan sumpah di depan Kapolri.

""Dia bersumpah, sampai beberapa kali saya tanyakan,"" ucap Kapolri.

Dikutip dari TribunJakarta.com, Kapolri kemudian memperingatkan Sambo bahwa dirinya akan mengusut kasus tersebut sesuai fakta.

Kapolri mengaku dua kali menanyakan hal tersebut kepada Ferdy Sambo.

Namun, Ferdy Sambo selalu membantah mengenai keterlibatannya dalam kematian sang ajudan di rumah dinasnya tersebut.

Lebih lanjut, Kapolri mengungkap alasan mengapa kasus ini begitu sulit terungkap.

Ferdy Sambo diduga membuat cerita sesuai skenario yang dirancangnya untuk disampaikan kepada orang-orang yang berpengaruh.

Strategi inilah yang membuat para penyidik sempat merasa ketakutan menghadapi Ferdy Sambo.

Pasalnya, siapa saja yang berani membongkar kasus akan berhadapan langsung dengan mantan Kadiv Propam tersebut.

""Penyidik pun sempat takut saat itu. Karena ada bahasa-bahasa bahwa mereka semua akan berhadapan dengan yang bersangkutan (Ferdy Sambo),"" tuturnya.

Namun, sandiwara Sambo rupanya tak bertahan lama.

Ia mengakui bahwa dirinya adalah dalang di balik pembunuhan Brigadir J.

Ferdy Sambo pun telah menjadi tersangka dan dipecat secara tidak hormat dari Polri.

(Tribun-Video.com)

Artikel ini telah tayang di TribunJakarta.com dengan judul Isi Percakapan Kapolri dengan Ferdy Sambo Soal Brigadir J, Ada Air Mata dan Sumpah yang Dilanggar, https://jakarta.tribunnews.com/2022/09/07/isi-percakapan-kapolri-dengan-ferdy-sambo-soal-brigadir-j-ada-air-mata-dan-sumpah-yang-dilanggar?page=all.
Penulis: Rr Dewi Kartika H | Editor: Yogi Jakarta

Host: Agung Laksono
VP: Reza Nova

#brigadirj #rekonstruksi #beritaterkini #kasusferdysambo #putricandrawathi #rumahsambo #beritapopuler #bharadae #rekonstruksibrigadirj #kapolri #ferdysambo",2022-09-08T01:44:58Z,PT3M36S,37140,323,0,170
GK4ac-z4Y7E,UC1QpnGo11epfexw1bIiTHTg,Liputan6,Viral! Video Lawas Ferdy Sambo Minta Naik Pangkat #Shorts,"Liputan6 - Viral! Video Lawas Ferdy Sambo Minta Naik Pangkat #Shorts

Video lama berisikan tersangka pembunuhan mendiang Brigadir J, yakni Ferdy Sambo saat tengah ‘mengemis’ meminta naik pangkat viral di media sosial.
------------------------------------
Simak berita lainnya di: https://www.youtube.com/channel/UC1QpnGo11epfexw1bIiTHTg/videos

Liputan 6 SCTV adalah program berita televisi nasional yang berada di bawah naungan Elang Mahkota Teknologi (Emtek) Group. Liputan 6 SCTV juga menyajikan informasi dalam bentuk live report dan breaking news. Tayang siaran langsung, setiap hari di saluran tv SCTV pada program Liputan 6 Pagi, Liputan 6 Siang, Liputan 6 Petang Terkini, dan Liputan 6 Malam.

Ikuti media sosial Liputan 6 SCTV untuk mendapatkan informasi Aktual, Tajam, Terpercaya. 

Liputan 6 SCTV Official Instagram: https://www.instagram.com/liputan6.sctv/
Liputan 6 SCTV Official Tiktok: https://www.tiktok.com/@liputan6.sctv
Liputan 6 SCTV Official Facebook : https://www.facebook.com/Liputan6SCTV
SCTV Facebook Fanpage: https://www.facebook.com/SCTV
SCTV Official Twitter: https://twitter.com/SCTV",2022-08-23T13:30:07Z,PT51S,38341,280,0,54
mRoj623Ns2E,UCKII0Ml9S5wneKbHswmUrIQ,CNN Indonesia,LIVE! Pemeriksaan Terdakwa Ferdy Sambo,"LIVE! Pemeriksaan Terdakwa Ferdy Sambo


Website: www.cnnindonesia.com
Facebook: https://m.facebook.com/CNNIndonesia/
Instagram: https://instagram.com/cnnindonesiatv
Twitter: https://twitter.com/cnniddaily
TikTok: https://www.tiktok.com/@cnnindonesia
Spotify: CNN Indonesia",2023-01-10T08:58:55Z,PT1H31M55S,36493,183,0,11
F_0oG1h51Bg,UCzl0OrB3-ehunyotIQvK77A,METRO TV ,"Sah, Ferdy Sambo Divonis Hukuman Mati #shorts","MetroTV, Ferdy Sambo Dikenakan vonis hukuman mati pada Senin (13/2/2023)

#Metrotv #topreviewmetrotv #ferdysambo #sidangsambo #kasusbrigadirj #shorts",2023-02-13T08:31:32Z,PT45S,37459,733,0,94
PMdeK6ObvJg,UCPAxpUn1mrn14xU0JpsLhDg,Kompas.com,Momen Pembacaan Putusan Etik Ferdy Sambo,"Sidang Komisi Kode Etik Polri (KKEP) terhadap Irjen Ferdy Sambo berlangsung secara tertutup pada Kamis 25/8/2022 pukul 09.25 WIB hingga Jumat dini hari.  
Hasil keputusan sidang etik tersebut adalah sanksi etika dan sanksi administratif berupa penempatan dalam tempat khusus, serta pemberhentian Ferdy Sambo secara tidak hormat. 
Sebelumnya, Ferdy Sambo ditetapkan sebagai tersangka pada kasus dugaan pembunuhan berencana terhadap Brigadir J. Sambo sendiri berperan sebagai orang yang membuat skenario pembunuhan Brigadir J dan menyuruh Bharada E untuk melakukan penembakan. 
Ia dijerat Pasal 340 KUHP tentang Pembunuhan Berencana subsider Pasal 338 KUHP tentang Pembunuhan juncto Pasal 55 juncto 56 KUHP. Atas perbuatannya mereka terancam hukuman mati atau penjara seumur hidup atau maksimal hukuman 20 tahun penjara.
Simak selengkapnya dalam video berikut.
Video Jurnalis: Pramulya Sadewa, Claudia Aviolola
Penulis Naskah: Putri Aulia
Narator: Putri Aulia
Video Editor: Putri Aulia
Produser:  Ira Gita Natalia Sembiring
Musik: Cinematic Trip Downtown by Mark David Lee
#JernihkanHarapan",2022-08-26T04:39:13Z,PT2M28S,35822,137,0,40
3C9rrkicOro,UCmxAIW7RDDC88EPk4ry16Kg,Tribunnews,"Ferdy Sambo Resmi Dieksekusi ke Lapas Salemba Jalani Hukuman Penjara Seumur Hidup, Ini Kata MA","Baca Selengkapnya di https://video.tribunnews.com/view/648677/ferdy-sambo-resmi-dieksekusi-ke-lapas-salemba-jalani-hukuman-penjara-seumur-hidup-ini-kata-ma

TRIBUN-VIDEO.COM - Ferdy Sambo, terpidana kasus pembunuhan berencana terhadap Brigadir J dijebloskan ke Lapas Kelas IIA Salemba, Jakarta Pusat, Kamis (24/8/2023).

Kejaksaan telah mengeksekusi putusan MA atas kasus Ferdy Sambo, yakni penjara seumur hidup.

Sebelumnya, Sambo menjalani masa penahanan sebagai tersangka dan terdakwa di Rutan Mako Brimob. 

Host: Ni'ma Chalida Husna
VP: Gianta",2023-08-25T09:29:16Z,PT1M,37615,272,0,33
6MXtlEZsGNw,UC5BMIWZe9isJXLZZWPWvBlg,KOMPASTV,"Hakim pertanyakan keterangan Ajudan Ferdy Sambo, Daden. #shorts #ferdysambo",,2022-11-08T07:57:06Z,PT36S,35421,386,0,38
lBgmGe_HB1o,UCdOovgmIPfj9a-o3VP5i2_g,MerdekaDotCom,Ferdy Sambo Tegur AKBP Arif Rahman: Kenapa Tak Berani Tatap Mata Saya!,"MERDEKA.COM - AKBP Arif Rahman, mantan Kanit I Subdit III Dittipidum Bareskrim Polri gemetar ketakutan. Begitu melaporkan perbedaan kronologi diceritakan Ferdy Sambo dengan yang dia saksikan di CCTV.

Arif menyaksikan Brigadir J masih dalam kondisi hidup. Berbeda dari kronologi Brigadir J tewas akibat baku tembak. Lantas, dia langsung melapor ke Brigjen Hendra Kurniawan, kemudian sama-sama menghadap ke Sambo.

----
#merdekadotcom

MORE VIDEOS: https://video.merdeka.com/

Produced by https://www.merdeka.com
KLN Apps ► http://www.kln.id/apps/

----
Youtube ► https://www.youtube.com/merdekacomvideonews
Vidio ► https://www.vidio.com/@merdeka
Twitter ► https://twitter.com/merdekadotcom
Facebook ► https://www.facebook.com/MDKcom
Telegram ► https://t.me/merdekacomnewsupdate",2022-10-19T13:00:27Z,PT2M19S,34962,76,0,11
TU2wYf9FQsU,UCovqoUzPm9_s6mMt9OiWKpA,Harian Kompas,Rumah Pribadi Ferdy Sambo Dipasang Garis Polisi,"Jelang konferensi pers terkait kematian Nofriansyah Yosua Hutabarat alias Brigadir J, area kediaman pribadi bekas Kepala Divisi Profesi dan Pengamanan Polri Inspektur Jenderal Ferdy Sambo di Jalam Saguling III Kompleks Pertambangan, Jakarta Selatan, dipasangi garis polisi, Selasa (9/8/2022), sekitar pukul 15.30.

#brigadirj 
#irjensambo 
#bharadae 

=====================================

Simak kumpulan video berita Harian Kompas: https://klik.kompas.id/videoberita

Info langganan harian Kompas & Kompas.id:
https://bit.ly/3J9LO2h

Subscribe Youtube Harian Kompas: http://bit.ly/2ZrQ4EK​

Ikuti media sosial Harian Kompas 
- Twitter: https://twitter.com/hariankompas​
- Facebook: https://www.facebook.com/hariankompas/​
- Instagram: https://www.instagram.com/hariankompas/",2022-08-09T09:28:39Z,PT1M21S,34669,158,0,99
Q3sx0huw4Ac,UCSV7FgMcSdOWxeSCYCD3UOA,Warta Kota Production,"Tidak Berani Tatap Ferdy Sambo, Ahli Emosi Duga Putri Candrawathi Tertekan","#brigadirj #putricandrawathi #ferdysambo #sambo 

Laporan : Desy Selviany
Editor Video : Dimas Aji

Pantau informasi terupdate melalui sosial kami:
Instagram: https://www.instagram.com/wartakotalive/
Twitter: https://twitter.com/wartakotalive
Facebook: https://www.facebook.com/wartakotalive/
TikTok : @wartakotalive.com",2022-08-30T14:45:02Z,PT59S,34521,80,0,20
Im6viJWrflA,UCkYTR78_Knz-3S5NTxJfCIw,Investigasi tvOne,Pemeriksaan Ferdy Sambo di Mako Brimob Masih Berlangsung dengan Penjagaan Ketat | Ragam Perkara,"Jakarta, tvOnenews.com - Pemeriksaan Ferdy Sambo di Mako Brimob Masih Berlangsung dengan Penjagaan Ketat | Ragam Perkara 


Saksikan live streaming tvOne hanya di https://www.tvonenews.com/live",2022-08-11T08:59:02Z,PT3M5S,34445,116,0,40
PTibFSIDMNk,UCdOovgmIPfj9a-o3VP5i2_g,MerdekaDotCom,"Genggam Senjata, Ferdy Sambo Bersarung Tangan Hitam Tembak Brigadir J yang Terkapar","MERDEKA.COM - Tersangka Irjen Ferdy Sambo menjalani rekonstruksi kasus pembunuhan Brigadir J di rumah dinasnya, Duren Tiga, Jakarta Selatan. 

Dalam salah satu adegan terlihat Sambo memerintahkan Bharada E menembak Brigadir J. Setelah tertembus timah panas beberapa kali tubuh Brigadir J terkapar tak berdaya. Tertelungkup dekat tangga, tubuh Brigadir J didekati Sambo.

Dalam animasi yang dirilis Polri TV Radio terungkap, Sambo terlihat sudah menggunakan sarung tangan hitam saat masuk ke rumah.

----
#merdekadotcom

MORE VIDEOS: https://video.merdeka.com/

Produced by https://www.merdeka.com
KLN Apps ► http://www.kln.id/apps/

----
Youtube ► https://www.youtube.com/merdekacomvideonews
Vidio ► https://www.vidio.com/@merdeka
Twitter ► https://twitter.com/merdekadotcom
Facebook ► https://www.facebook.com/MDKcom
Telegram ► https://t.me/merdekacomnewsupdate",2022-08-31T15:01:45Z,PT1M29S,34005,121,0,60
FlylI07VT5o,UCPG9dHYl2Xd7n8XnN-TKROA,Context ID,Pro Kontra Hukuman Mati Ferdy Sambo #kasussambo #hukumanmati #ferdysambo #kasusbrigadirj #kuhp,,2023-02-23T12:46:11Z,PT53S,36358,600,0,64
pVUQ2ul_tZ0,UCPhWauyGmombVZb5VRp4wLA,tribunjabar video,Karopenmas Polri Dampingi Komnas HAM Periksa Ajudan dan Pengurus Rumah Ferdy Sambo,"Seusai terlibat baku tembak hingga menewaskan Brigadir J, Bharada E kini ditarik bertugas di Korps Brigadir Mobil (Brimob). Polri pun mengungkap alasan memindahkan kembali Bharada E ke Brimob. Diketahui, sebelum menjadi pengawal Irjen Ferdy Sambo, Bharada E merupakan anggota Brimob.

Host: Tini Afshin | Video Editor: Oki Priyana

MEDIA SOCIAL & WEB Official 
Website  : https://jabar.tribunnews.com/ 
Instagram : https://www.instagram.com/tribunjabar
Twitter  : https://twitter.com/tribunjabar
Facebook : https://www.facebook.com/tribunjabar

#tribunjabarvideo  #karopenmaspolridampingikomnasham  #periksaajudandanpengururumahirjenferdysambo",2022-08-01T08:48:24Z,PT1M,32715,247,0,2
zt6W0DNwXOk,UCmxAIW7RDDC88EPk4ry16Kg,Tribunnews,"Pesan Ferdy Sambo ke Brigjen Hendra Bereskan Skenario Pembunuhan Berencana, Pastikan Semua Bersih","BACA SELENGKAPNYA https://video.tribunnews.com/view/475643/pesan-ferdy-sambo-ke-brigjen-hendra-bereskan-skenario-pembunuhan-berencana-pastikan-semua-bersih

TRIBUN-VIDEO.COM - Pengadilan Negeri Jakarta Selatan menggelar sidang kasus dugaan obstruction of justice.

Dalam pembacaan dakwaan Brigjen Hendra, diketahui Ferdy Sambo sempat menitipkan pesan ke Brigjen Hendra.

Sambo berpesan ke Brigjen Hendra agar memastikan skenario kematian Brigadir J beres.

Host: Umi Wakhidah
VP: Indra Imawan

#beritaterbaru #beritaterkini #beritaviral #brigadirj #ferdysambo #sidangferdysambo",2022-10-19T11:34:23Z,PT48S,32624,352,0,16
CTZvivsYAzE,UCKII0Ml9S5wneKbHswmUrIQ,CNN Indonesia,Misteri Kasus Ferdy Sambo,"Rekonstruksi pembunuhan berencana terhadap Brigadir Yosua Hutabarat, telah selesai digelar oleh pihak kepolisian. Dalam rekonstruksi tersebut, dihadirkan lima orang yang telah ditetapkan sebagai tersangka oleh polri. Namun, dalam proses rekonstruksi, masih ada penggambaran peristiwa yang belum jelas, dan ada ketidaksesuaian antara rekonstruksi dan pengakuan tersangka ferdy sambo dalam sidang pelanggaran etik. Berikut ulasannya.",2022-09-08T05:42:35Z,PT7M47S,33305,263,0,75
ihpG-aL9lGA,UCzl0OrB3-ehunyotIQvK77A,METRO TV ,Skenario Ferdy Sambo Ketika Hendak Eksekusi Yosua,"MetroTV, terdakwa Bharada Richard Eliezer mengakui Ferdy Sambo yang mengatur strategi eksekusi terhadap Brigadir Yosua.

Eliezer mengatakan bahwa Sambo saat itu dalam kondisi emosional dan mengklaim istrinya menjadi korban pelecehan Brigadir Yosua. Sambo memasang wajah emosi dan mengatakan Yosua harus dieksekusi.

Setelah diberi arahan untuk eksekusi Yosua, Eliezer merasa kaget dan ketakutan saat perencanaan.

#Metrotv #topreviewmetrotv #ferdysambo #putricandrawathi #brigadirj",2022-11-30T16:24:51Z,PT3M1S,32549,210,0,46
RlIFya73NZo,UCB1fvlA5xmLJ0tZblpoTuaQ,VIVA.CO.ID,LIVE BREAKING NEWS : Sidang Ferdy Sambo dan Putri Candrawathi serta Pemeriksaan Saksi,"VIVA  - Pengadilan Negeri Jakarta Selatan kembali menggelar sidang pembunuhan berencana terhadap dua terdakwa Ferdy Sambo dan Putri Candrawathi pada Selasa, 1 November 2022. Keduanya akan menjalani sidang dengan agenda pemeriksaan saksi.  #sambo #brigadirj #putricandrawathi #bharadae",2022-11-01T12:19:00Z,PT3H30M2S,32290,178,0,3
6phKK0TI9tk,UC5BMIWZe9isJXLZZWPWvBlg,KOMPASTV,Terdakwa Ferdy Sambo membantah keterangan ketua RT terkait pendanaan dan pembelian CCTV. #shorts,,2022-12-29T08:33:01Z,PT42S,32239,395,0,38
9JXwfazdbzo,UCdOovgmIPfj9a-o3VP5i2_g,MerdekaDotCom,Putri Candrawathi Istri Ferdy Sambo Jadi Tersangka,"Akhirnya, Putri Candrawathi istri Ferdy Sambo jadi tersangka dan terancam hukuman mati. Bukan cuma itu polisi yang merusakan cctv akhirnya juga terungkap.
-
-
#CreativeContent #Short # PutriCandrawathi #FerdySambo #BrigadirJ #BrigadirYosua",2022-08-19T11:24:50Z,PT47S,39599,391,0,13
zduL2uSPhKk,UCmxAIW7RDDC88EPk4ry16Kg,Tribunnews,"2 Kali Kapolri Bertanya, 2 Kali Ferdy Sambo Berbohong, Berani Sumpah Tak Terlibat Pembunuhan Yosua","TRIBUN-VIDEO.COM - Kapolri Jenderal Listyo Sigit Prabowo mengaku dua kali dibohongi oleh Ferdy Sambo terkait kasus pembunuhan Brigadir J.

Kapolri dengan tegas menanyakan apakah Ferdy Sambo terlibat dalam pembunuhan tersebut atau tidak.

Namun, Ferdy Sambo tetap bersikukuh bahwa apa yang ia sampaikan benar adanya. 


Di awal kasus, Ferdy Sambo menceritakan skenario baku tembak antara Brigadir J dengan Bharada E kepada banyak pihak, termasuk Kapolri.

""Memang awalnya agak sulit karena memang diawal-awal saudara FS ini menceritakan peristiwa skenario yang terjadi di Duren Tiga peristiwa tembak menembak dan itu disampaikan ke banyak orang termasuk saya,"" ucap Kapolri dalam program Satu Meja The Forum, Kompas TV, Rabu (7/9).

Saat bertemu Sambo, Kapolri mengaku sempat meminta mantan Kadiv Propam itu agar menceritakan hal sejujurnya terkait kematian Brigadir J.

""Saat itu saya tanya ke yang bersangkutan 'kamu jujur, kamu terlibat atau tidak,"" jelas Kapolri.

Sambil berlinang air mata, Ferdy Sambo mengatakan bahwa apa yang ia sampaikan memang benar adanya.

Bahkan, Ferdy Sambo sampai berani mengucapkan sumpah di depan Kapolri.

""Dia bersumpah, sampai beberapa kali saya tanyakan,"" ucap Kapolri.

Dikutip dari TribunJakarta.com, Kapolri kemudian memperingatkan Sambo bahwa dirinya akan mengusut kasus tersebut sesuai fakta.

Kapolri mengaku dua kali menanyakan hal tersebut kepada Ferdy Sambo.

Namun, Ferdy Sambo selalu membantah mengenai keterlibatannya dalam kematian sang ajudan di rumah dinasnya tersebut.

Lebih lanjut, Kapolri mengungkap alasan mengapa kasus ini begitu sulit terungkap.

Ferdy Sambo diduga membuat cerita sesuai skenario yang dirancangnya untuk disampaikan kepada orang-orang yang berpengaruh.

Strategi inilah yang membuat para penyidik sempat merasa ketakutan menghadapi Ferdy Sambo.

Pasalnya, siapa saja yang berani membongkar kasus akan berhadapan langsung dengan mantan Kadiv Propam tersebut.

""Penyidik pun sempat takut saat itu. Karena ada bahasa-bahasa bahwa mereka semua akan berhadapan dengan yang bersangkutan (Ferdy Sambo),"" tuturnya.

Namun, sandiwara Sambo rupanya tak bertahan lama.

Ia mengakui bahwa dirinya adalah dalang di balik pembunuhan Brigadir J.

Ferdy Sambo pun telah menjadi tersangka dan dipecat secara tidak hormat dari Polri.

(Tribun-Video.com)

Artikel ini telah tayang di TribunJakarta.com dengan judul Isi Percakapan Kapolri dengan Ferdy Sambo Soal Brigadir J, Ada Air Mata dan Sumpah yang Dilanggar, https://jakarta.tribunnews.com/2022/09/07/isi-percakapan-kapolri-dengan-ferdy-sambo-soal-brigadir-j-ada-air-mata-dan-sumpah-yang-dilanggar?page=all.
Penulis: Rr Dewi Kartika H | Editor: Yogi Jakarta

Host: Agung Laksono
VP: Reza Nova

#brigadirj #rekonstruksi #beritaterkini #kasusferdysambo #putricandrawathi #rumahsambo #beritapopuler #bharadae #rekonstruksibrigadirj #kapolri #ferdysambo",2022-09-08T01:44:58Z,PT3M36S,37140,323,0,170
GK4ac-z4Y7E,UC1QpnGo11epfexw1bIiTHTg,Liputan6,Viral! Video Lawas Ferdy Sambo Minta Naik Pangkat #Shorts,"Liputan6 - Viral! Video Lawas Ferdy Sambo Minta Naik Pangkat #Shorts

Video lama berisikan tersangka pembunuhan mendiang Brigadir J, yakni Ferdy Sambo saat tengah ‘mengemis’ meminta naik pangkat viral di media sosial.
------------------------------------
Simak berita lainnya di: https://www.youtube.com/channel/UC1QpnGo11epfexw1bIiTHTg/videos

Liputan 6 SCTV adalah program berita televisi nasional yang berada di bawah naungan Elang Mahkota Teknologi (Emtek) Group. Liputan 6 SCTV juga menyajikan informasi dalam bentuk live report dan breaking news. Tayang siaran langsung, setiap hari di saluran tv SCTV pada program Liputan 6 Pagi, Liputan 6 Siang, Liputan 6 Petang Terkini, dan Liputan 6 Malam.

Ikuti media sosial Liputan 6 SCTV untuk mendapatkan informasi Aktual, Tajam, Terpercaya. 

Liputan 6 SCTV Official Instagram: https://www.instagram.com/liputan6.sctv/
Liputan 6 SCTV Official Tiktok: https://www.tiktok.com/@liputan6.sctv
Liputan 6 SCTV Official Facebook : https://www.facebook.com/Liputan6SCTV
SCTV Facebook Fanpage: https://www.facebook.com/SCTV
SCTV Official Twitter: https://twitter.com/SCTV",2022-08-23T13:30:07Z,PT51S,38341,280,0,54
mRoj623Ns2E,UCKII0Ml9S5wneKbHswmUrIQ,CNN Indonesia,LIVE! Pemeriksaan Terdakwa Ferdy Sambo,"LIVE! Pemeriksaan Terdakwa Ferdy Sambo


Website: www.cnnindonesia.com
Facebook: https://m.facebook.com/CNNIndonesia/
Instagram: https://instagram.com/cnnindonesiatv
Twitter: https://twitter.com/cnniddaily
TikTok: https://www.tiktok.com/@cnnindonesia
Spotify: CNN Indonesia",2023-01-10T08:58:55Z,PT1H31M55S,36493,183,0,11
F_0oG1h51Bg,UCzl0OrB3-ehunyotIQvK77A,METRO TV ,"Sah, Ferdy Sambo Divonis Hukuman Mati #shorts","MetroTV, Ferdy Sambo Dikenakan vonis hukuman mati pada Senin (13/2/2023)

#Metrotv #topreviewmetrotv #ferdysambo #sidangsambo #kasusbrigadirj #shorts",2023-02-13T08:31:32Z,PT45S,37459,733,0,94
PMdeK6ObvJg,UCPAxpUn1mrn14xU0JpsLhDg,Kompas.com,Momen Pembacaan Putusan Etik Ferdy Sambo,"Sidang Komisi Kode Etik Polri (KKEP) terhadap Irjen Ferdy Sambo berlangsung secara tertutup pada Kamis 25/8/2022 pukul 09.25 WIB hingga Jumat dini hari.  
Hasil keputusan sidang etik tersebut adalah sanksi etika dan sanksi administratif berupa penempatan dalam tempat khusus, serta pemberhentian Ferdy Sambo secara tidak hormat. 
Sebelumnya, Ferdy Sambo ditetapkan sebagai tersangka pada kasus dugaan pembunuhan berencana terhadap Brigadir J. Sambo sendiri berperan sebagai orang yang membuat skenario pembunuhan Brigadir J dan menyuruh Bharada E untuk melakukan penembakan. 
Ia dijerat Pasal 340 KUHP tentang Pembunuhan Berencana subsider Pasal 338 KUHP tentang Pembunuhan juncto Pasal 55 juncto 56 KUHP. Atas perbuatannya mereka terancam hukuman mati atau penjara seumur hidup atau maksimal hukuman 20 tahun penjara.
Simak selengkapnya dalam video berikut.
Video Jurnalis: Pramulya Sadewa, Claudia Aviolola
Penulis Naskah: Putri Aulia
Narator: Putri Aulia
Video Editor: Putri Aulia
Produser:  Ira Gita Natalia Sembiring
Musik: Cinematic Trip Downtown by Mark David Lee
#JernihkanHarapan",2022-08-26T04:39:13Z,PT2M28S,35822,137,0,40
3C9rrkicOro,UCmxAIW7RDDC88EPk4ry16Kg,Tribunnews,"Ferdy Sambo Resmi Dieksekusi ke Lapas Salemba Jalani Hukuman Penjara Seumur Hidup, Ini Kata MA","Baca Selengkapnya di https://video.tribunnews.com/view/648677/ferdy-sambo-resmi-dieksekusi-ke-lapas-salemba-jalani-hukuman-penjara-seumur-hidup-ini-kata-ma

TRIBUN-VIDEO.COM - Ferdy Sambo, terpidana kasus pembunuhan berencana terhadap Brigadir J dijebloskan ke Lapas Kelas IIA Salemba, Jakarta Pusat, Kamis (24/8/2023).

Kejaksaan telah mengeksekusi putusan MA atas kasus Ferdy Sambo, yakni penjara seumur hidup.

Sebelumnya, Sambo menjalani masa penahanan sebagai tersangka dan terdakwa di Rutan Mako Brimob. 

Host: Ni'ma Chalida Husna
VP: Gianta",2023-08-25T09:29:16Z,PT1M,37615,272,0,33
6MXtlEZsGNw,UC5BMIWZe9isJXLZZWPWvBlg,KOMPASTV,"Hakim pertanyakan keterangan Ajudan Ferdy Sambo, Daden. #shorts #ferdysambo",,2022-11-08T07:57:06Z,PT36S,35421,386,0,38
lBgmGe_HB1o,UCdOovgmIPfj9a-o3VP5i2_g,MerdekaDotCom,Ferdy Sambo Tegur AKBP Arif Rahman: Kenapa Tak Berani Tatap Mata Saya!,"MERDEKA.COM - AKBP Arif Rahman, mantan Kanit I Subdit III Dittipidum Bareskrim Polri gemetar ketakutan. Begitu melaporkan perbedaan kronologi diceritakan Ferdy Sambo dengan yang dia saksikan di CCTV.

Arif menyaksikan Brigadir J masih dalam kondisi hidup. Berbeda dari kronologi Brigadir J tewas akibat baku tembak. Lantas, dia langsung melapor ke Brigjen Hendra Kurniawan, kemudian sama-sama menghadap ke Sambo.

----
#merdekadotcom

MORE VIDEOS: https://video.merdeka.com/

Produced by https://www.merdeka.com
KLN Apps ► http://www.kln.id/apps/

----
Youtube ► https://www.youtube.com/merdekacomvideonews
Vidio ► https://www.vidio.com/@merdeka
Twitter ► https://twitter.com/merdekadotcom
Facebook ► https://www.facebook.com/MDKcom
Telegram ► https://t.me/merdekacomnewsupdate",2022-10-19T13:00:27Z,PT2M19S,34962,76,0,11
TU2wYf9FQsU,UCovqoUzPm9_s6mMt9OiWKpA,Harian Kompas,Rumah Pribadi Ferdy Sambo Dipasang Garis Polisi,"Jelang konferensi pers terkait kematian Nofriansyah Yosua Hutabarat alias Brigadir J, area kediaman pribadi bekas Kepala Divisi Profesi dan Pengamanan Polri Inspektur Jenderal Ferdy Sambo di Jalam Saguling III Kompleks Pertambangan, Jakarta Selatan, dipasangi garis polisi, Selasa (9/8/2022), sekitar pukul 15.30.

#brigadirj 
#irjensambo 
#bharadae 

=====================================

Simak kumpulan video berita Harian Kompas: https://klik.kompas.id/videoberita

Info langganan harian Kompas & Kompas.id:
https://bit.ly/3J9LO2h

Subscribe Youtube Harian Kompas: http://bit.ly/2ZrQ4EK​

Ikuti media sosial Harian Kompas 
- Twitter: https://twitter.com/hariankompas​
- Facebook: https://www.facebook.com/hariankompas/​
- Instagram: https://www.instagram.com/hariankompas/",2022-08-09T09:28:39Z,PT1M21S,34669,158,0,99
Q3sx0huw4Ac,UCSV7FgMcSdOWxeSCYCD3UOA,Warta Kota Production,"Tidak Berani Tatap Ferdy Sambo, Ahli Emosi Duga Putri Candrawathi Tertekan","#brigadirj #putricandrawathi #ferdysambo #sambo 

Laporan : Desy Selviany
Editor Video : Dimas Aji

Pantau informasi terupdate melalui sosial kami:
Instagram: https://www.instagram.com/wartakotalive/
Twitter: https://twitter.com/wartakotalive
Facebook: https://www.facebook.com/wartakotalive/
TikTok : @wartakotalive.com",2022-08-30T14:45:02Z,PT59S,34521,80,0,20
Im6viJWrflA,UCkYTR78_Knz-3S5NTxJfCIw,Investigasi tvOne,Pemeriksaan Ferdy Sambo di Mako Brimob Masih Berlangsung dengan Penjagaan Ketat | Ragam Perkara,"Jakarta, tvOnenews.com - Pemeriksaan Ferdy Sambo di Mako Brimob Masih Berlangsung dengan Penjagaan Ketat | Ragam Perkara 


Saksikan live streaming tvOne hanya di https://www.tvonenews.com/live",2022-08-11T08:59:02Z,PT3M5S,34445,116,0,40
PTibFSIDMNk,UCdOovgmIPfj9a-o3VP5i2_g,MerdekaDotCom,"Genggam Senjata, Ferdy Sambo Bersarung Tangan Hitam Tembak Brigadir J yang Terkapar","MERDEKA.COM - Tersangka Irjen Ferdy Sambo menjalani rekonstruksi kasus pembunuhan Brigadir J di rumah dinasnya, Duren Tiga, Jakarta Selatan. 

Dalam salah satu adegan terlihat Sambo memerintahkan Bharada E menembak Brigadir J. Setelah tertembus timah panas beberapa kali tubuh Brigadir J terkapar tak berdaya. Tertelungkup dekat tangga, tubuh Brigadir J didekati Sambo.

Dalam animasi yang dirilis Polri TV Radio terungkap, Sambo terlihat sudah menggunakan sarung tangan hitam saat masuk ke rumah.

----
#merdekadotcom

MORE VIDEOS: https://video.merdeka.com/

Produced by https://www.merdeka.com
KLN Apps ► http://www.kln.id/apps/

----
Youtube ► https://www.youtube.com/merdekacomvideonews
Vidio ► https://www.vidio.com/@merdeka
Twitter ► https://twitter.com/merdekadotcom
Facebook ► https://www.facebook.com/MDKcom
Telegram ► https://t.me/merdekacomnewsupdate",2022-08-31T15:01:45Z,PT1M29S,34005,121,0,60
FlylI07VT5o,UCPG9dHYl2Xd7n8XnN-TKROA,Context ID,Pro Kontra Hukuman Mati Ferdy Sambo #kasussambo #hukumanmati #ferdysambo #kasusbrigadirj #kuhp,,2023-02-23T12:46:11Z,PT53S,36358,600,0,64
pVUQ2ul_tZ0,UCPhWauyGmombVZb5VRp4wLA,tribunjabar video,Karopenmas Polri Dampingi Komnas HAM Periksa Ajudan dan Pengurus Rumah Ferdy Sambo,"Seusai terlibat baku tembak hingga menewaskan Brigadir J, Bharada E kini ditarik bertugas di Korps Brigadir Mobil (Brimob). Polri pun mengungkap alasan memindahkan kembali Bharada E ke Brimob. Diketahui, sebelum menjadi pengawal Irjen Ferdy Sambo, Bharada E merupakan anggota Brimob.

Host: Tini Afshin | Video Editor: Oki Priyana

MEDIA SOCIAL & WEB Official 
Website  : https://jabar.tribunnews.com/ 
Instagram : https://www.instagram.com/tribunjabar
Twitter  : https://twitter.com/tribunjabar
Facebook : https://www.facebook.com/tribunjabar

#tribunjabarvideo  #karopenmaspolridampingikomnasham  #periksaajudandanpengururumahirjenferdysambo",2022-08-01T08:48:24Z,PT1M,32715,247,0,2
zt6W0DNwXOk,UCmxAIW7RDDC88EPk4ry16Kg,Tribunnews,"Pesan Ferdy Sambo ke Brigjen Hendra Bereskan Skenario Pembunuhan Berencana, Pastikan Semua Bersih","BACA SELENGKAPNYA https://video.tribunnews.com/view/475643/pesan-ferdy-sambo-ke-brigjen-hendra-bereskan-skenario-pembunuhan-berencana-pastikan-semua-bersih

TRIBUN-VIDEO.COM - Pengadilan Negeri Jakarta Selatan menggelar sidang kasus dugaan obstruction of justice.

Dalam pembacaan dakwaan Brigjen Hendra, diketahui Ferdy Sambo sempat menitipkan pesan ke Brigjen Hendra.

Sambo berpesan ke Brigjen Hendra agar memastikan skenario kematian Brigadir J beres.

Host: Umi Wakhidah
VP: Indra Imawan

#beritaterbaru #beritaterkini #beritaviral #brigadirj #ferdysambo #sidangferdysambo",2022-10-19T11:34:23Z,PT48S,32624,352,0,16
CTZvivsYAzE,UCKII0Ml9S5wneKbHswmUrIQ,CNN Indonesia,Misteri Kasus Ferdy Sambo,"Rekonstruksi pembunuhan berencana terhadap Brigadir Yosua Hutabarat, telah selesai digelar oleh pihak kepolisian. Dalam rekonstruksi tersebut, dihadirkan lima orang yang telah ditetapkan sebagai tersangka oleh polri. Namun, dalam proses rekonstruksi, masih ada penggambaran peristiwa yang belum jelas, dan ada ketidaksesuaian antara rekonstruksi dan pengakuan tersangka ferdy sambo dalam sidang pelanggaran etik. Berikut ulasannya.",2022-09-08T05:42:35Z,PT7M47S,33305,263,0,75
ihpG-aL9lGA,UCzl0OrB3-ehunyotIQvK77A,METRO TV ,Skenario Ferdy Sambo Ketika Hendak Eksekusi Yosua,"MetroTV, terdakwa Bharada Richard Eliezer mengakui Ferdy Sambo yang mengatur strategi eksekusi terhadap Brigadir Yosua.

Eliezer mengatakan bahwa Sambo saat itu dalam kondisi emosional dan mengklaim istrinya menjadi korban pelecehan Brigadir Yosua. Sambo memasang wajah emosi dan mengatakan Yosua harus dieksekusi.

Setelah diberi arahan untuk eksekusi Yosua, Eliezer merasa kaget dan ketakutan saat perencanaan.

#Metrotv #topreviewmetrotv #ferdysambo #putricandrawathi #brigadirj",2022-11-30T16:24:51Z,PT3M1S,32549,210,0,46
RlIFya73NZo,UCB1fvlA5xmLJ0tZblpoTuaQ,VIVA.CO.ID,LIVE BREAKING NEWS : Sidang Ferdy Sambo dan Putri Candrawathi serta Pemeriksaan Saksi,"VIVA  - Pengadilan Negeri Jakarta Selatan kembali menggelar sidang pembunuhan berencana terhadap dua terdakwa Ferdy Sambo dan Putri Candrawathi pada Selasa, 1 November 2022. Keduanya akan menjalani sidang dengan agenda pemeriksaan saksi.  #sambo #brigadirj #putricandrawathi #bharadae",2022-11-01T12:19:00Z,PT3H30M2S,32290,178,0,3
6phKK0TI9tk,UC5BMIWZe9isJXLZZWPWvBlg,KOMPASTV,Terdakwa Ferdy Sambo membantah keterangan ketua RT terkait pendanaan dan pembelian CCTV. #shorts,,2022-12-29T08:33:01Z,PT42S,32239,395,0,38
KD7anIZQd38,UCmxAIW7RDDC88EPk4ry16Kg,Tribunnews,Pilu! Vera Simanjuntak Kekasih Brigadir J 'Diledek' Fans Ferdy Sambo seusai MA Beri Diskon Hukuman,"Baca Selengkapnya di https://video.tribunnews.com/view/642992/pilu-vera-simanjuntak-kekasih-brigadir-j-diledek-fans-ferdy-sambo-seusai-ma-beri-diskon-hukuman

TRIBUN-VIDEO.COM - Nasib pilu Vera Simanjuntak pacar mendiang Brigadir J kecewa dengan keputusan MA.

Lantaran Mahkamah Agung (MA) diskon hukuman Ferdy Sambo dan lolos hukuman mati.

Setelah pengumuman dari Mahkamah Agung (MA) Vera mendapatkan teror dari akun Instagram penggemar Ferdy Sambo.

Host: Ni'ma Chalida Husna
VP: Irvan

#verasimanjuntak #brigadirj #yosuahutabarat #ferdysambo #sambo",2023-08-10T00:34:12Z,PT1M,31694,314,0,30
zU8QySgDbQA,UCqLsfkQSM0yfyGvONAGWd3Q,BeritaSatu,Kronologi Kematian Brigadir J Hingga Akhirnya Irjen Ferdy Sambo Ditetapkan Tersangka,"Irjen Ferdy Sambo ditetapkan tersangka kasus pembunuhan Brigadir Nofriansyah Yoshua Hutabarat atau Brigadir J di rumah dinasnya. Kapolri menyebut Irjen Ferdy Sambo diduga dalang pembunuhan Brigadir J.
#Kapolri #BrigadirJ #IrjenSambo

Jangan lewatkan live streaming BeritaSatu News Channel 24 jam non stop di https://www.beritasatu.com/livestream.

Pastikan kamu subscribe dan aktifkan juga tombol lonceng untuk mendapatkan notifikasi video terbaru dari BeritaSatu.

Kunjungi juga social media channel kami :

Official Website: https://www.beritasatu.com
Twitter : https://twitter.com/Beritasatu
Facebook : https://www.facebook.com/beritasatu/
Instagram : https://www.instagram.com/beritasatu/",2022-08-11T10:30:10Z,PT3M22S,30768,182,0,7
Kl8AyOpNmYQ,UCK6c4qk3hRaa6fMIEZrhiXQ,Tribun Timur,"🔴 LIVE Sidang Ferdy Sambo Hari Ini, Brigjen Hendra hingga Agus Nurpatria Dihadirkan","#tribuntimur #sidangferdysambo #ferdysambo #richardeliezer #bharadae #sidangsambo 










OP: Yusril
(TRIBUN-TIMUR.COM) - Sidang Ferdy Sambo Hari Ini, Brigjen Hendra hingga Agus Nurpatria Dihadirkan


Update info terkini via http://tribun-timur.com/

Follow akun Instagram http://bit.ly/IGTribunTimur
Follow akun Twitter http://bit.ly/twitterTribunTimur
Follow dan like fanpage Facebook http://bit.ly/FBTribunTimurMks
YouTube business inquiries: 081144407111",2022-12-29T08:37:09Z,PT4H4M31S,30437,129,0,31
3pDocKR_zqw,UCPAxpUn1mrn14xU0JpsLhDg,Kompas.com,HOAKS! Ferdy Sambo Dieksekusi Mati pada 27 Februari 2023,"Tonton video lainnya di https://kmp.im/video

KOMPAS.com - Beredar unggahan di media sosial yang mengeklaim bekas Kadiv Propam Polri Ferdy Sambo telah dieksekusi mati pada Senin 27 Februari 2023 malam.

Sambo merupakan terpidana kasus pembunuhan berencana terhadap Brigadri J.

Apakah informasi tersebut benar? Simak informasi lengkapnya dalam video berikut.

Penulis: Tim Cek Fakta KOMPAS.com

#cekfakta #hoaks #FerdySamboDieksekusiMati #aigenerated #jernihkanharapan 

Catatan redaksi:
Video ini menggunakan virtual host yang dibuat melalui aplikasi kecerdasan buatan.",2023-03-03T09:15:38Z,PT2M25S,29865,55,0,22
Y_Hc4wvpgr4,UCmxAIW7RDDC88EPk4ry16Kg,Tribunnews,"🔴 Ajudan dan ART Irjen Ferdy Sambo Diperiksa Komnas HAM, Pakar Hukum Pertanyakan Status Bharada E","TRIBUN-VIDEO.COM - Karopenmas Divisi Humas Polri Brigjen Pol Ahmad Ramadhan mendampingi ajudan dan pengurus rumah Irjen Ferdy Sambo di Kantor Komnas HAM.

Ajudan dan asisten rumah tangga (ART) Irjen Ferdy Sambo itu dipanggil Komnas HAM untuk diperiksa lebih lanjut.

Pemeriksaan tersebut dilakukan untuk mengusut kasus tewasnya Brigadir J.

Pasalnya ART Ferdy Sambo tersebut diduga berada di lokasi saat peristiwa terjadi.

Sementara itu pemeriksaan digelar di Kantor Komnas HAM pada hari ini Senin 1 Agustus 2022.

Karopenmas Divisi Humas Polri Brigjen Pol Ahmad Ramadhan tiba di kantor Komnas HAM pukul 11.24 WIB.

Ramadhan mengatakan, kedatangannya untuk mendampingi pemeriksaan pengurus rumah dan ajudan yang sedang diperiksa.

Pada hari Jumat (29/7/2022), Bharada Richard Eliezer atau Bharada E telah mendatangi Lembaga Perlindungan Saksi dan Korban (LPSK).

Ia meminta perlindungan dari LPSK dalam proses penyelidikan dan penyidikan kasus baku tembak yang menewaskan Brigadir Yosua.

Namun, status Bharada E dipertanyakan lantaran meminta perlindungan LPSK tidak mudah.

Dikutip dari WartaKotalive.com, Pakar Hukum Pidana dari Universitas Pelita Harapan (UPH), Jamin Ginting memberikan penjelasan.

Ia berujar untuk dilindungi LPSK ada syarat yang harus dipenuhi.

Satu di antaranya pihak pemohon harus dijelaskan statusnya dalam kasus.

Apakah berstatus saksi, korban, saksi korban atau saksi pelaku.

Sementara, Bharada E merupakan pihak yang membuat Brigadir Yosua tewas dalam kasus ini.",2022-08-01T14:02:32Z,PT1H12M1S,29407,225,0,6
HCttmn7nbk0,UCdOovgmIPfj9a-o3VP5i2_g,MerdekaDotCom,Emosi Eliezer Meledak Jawab Kuasa Hukum Ferdy Sambo #merdekadotcom #sidangsambo,,2022-12-13T13:25:54Z,PT52S,29381,512,0,72
gC3ElwjvhBI,UCwFc1bMj5KFxX8BJ1wBRuzw,Tribun MedanTV,Tatapan Tajam Orang tua Brigadir J dan Ekspresi Ferdy Sambo Tertunduk Sesekali Menatap Ibu Yosua!,"#sidangsambo #sambobertemuorangtua #orangtuabrigadirJ #sambodanorangtua #putricandrawathi 

TRIBUN-MEDAN.com - Tatapan tajam orang tua Brigadir J saat pertama kali melihat Ferdy Sambo dan istrinya Putri Candrawathi usai meninggalnya anak meraka Nofriansyah Yosua Hutabarat.

Amatan Tribun Medan, sementara Ferdy Sambo terlihat hanya tertunduk dan sesekali tatapannya diarahkan ke araha ibu Brigadir J Rosti Simanjuntak.

Namun tampak ia tak berani menatap kedua orangtua Brigadir Yosua terlalu lama dan hanya mencuri tatapan sesekali.

Rosti kemudian masuk bersama suaminya, Samuel Hutabarat. Mereka berdua bersama 10 orang lainnya akan bersaksi dalam sidang pembunuhan Brigadir J dengan terdakwa Ferdy Sambo.

Sementara Ayah Brigadir Yosua, Samuel Hutabarat setelah duduk di kursi saksi terlihat sesekali menatap mata Ferdy Sambo yang berada di sebelah kananya.

Baca selengkapnya di www.tribun-medan.com",2022-11-01T04:14:31Z,PT3M19S,29353,117,0,32
HtJ7bpAK3Vk,UCPAxpUn1mrn14xU0JpsLhDg,Kompas.com,Pengacara Brigadir J Sebut Ferdy Sambo Tak Berpendirian Minta Bharada E Ikut Dipecat,"Pengacara keluarga Brigadir J, Martin Lukas Simanjuntak menyebut Ferdy Sambo tidak memiliki pendirian saat memberi pernyataan agar Bharada E atau Richard Eliezer ikut dipecat.

Diketahui, Sambo sebelumnya meminta Richard untuk dipecat secara tidak terhormat dan membandingkan statusnya yang diberhentikan tidak dengan hormat.
￼
Martin menilai, Sambo merupakan orang yang plin-plan lantaran sebelumnya menyebut dirinya siap bertanggung jawab terkait kasus pembunuhan berencana tersebut.

(Sambo) merupakan orang yang menyuruh untuk membunuh, tapi malah menyuruh (Bharada E) dipecat, ujar Martin.

Simak informasi selengkapnya dalam video berikut.


Video Jurnalis: Pramulya Sadewa, Firda Rahmawan, Nissi Elizabeth
Penulis: Danang Suryo
Penulis Naskah: Alexandra Birgitta Anandaputri
Narator: Alexandra Birgitta Anandaputri
Video Editor: Farah Chaerunniza
Produser: Khairun Alfi Syahri MJ

Music: Cinematic Trip Downtown - Mark David Lee
#FerdySambo #RichardEliezer #KasusBrigadirJ #JernihkanHarapan",2022-12-07T06:08:39Z,PT2M1S,29269,233,0,165
IpZP_ZIU5Ec,UCKII0Ml9S5wneKbHswmUrIQ,CNN Indonesia,"LIVE! Sidang Sambo: Duplik Penasihat Hukum Terdakwa Ferdy Sambo, Ricky Rizal, Kuat Ma’ruf","LIVE! Sidang Sambo: Duplik Penasihat Hukum Terdakwa Ferdy Sambo, Ricky Rizal, Kuat Ma’ruf

Website: www.cnnindonesia.com
Facebook: https://m.facebook.com/CNNIndonesia/
Instagram: https://instagram.com/cnnindonesiatv
Twitter: https://twitter.com/cnniddaily
TikTok: https://www.tiktok.com/@cnnindonesia
Spotify: CNN Indonesia",2023-01-31T07:14:05Z,PT4H31M41S,29205,194,0,17
2QjR6kXCynI,UC1QpnGo11epfexw1bIiTHTg,Liputan6,Ferdy Sambo Masih Dipanggil Jenderal Saat Lakukan Rekonstruksi Pembunuhan Brigadir J #Shorts,"Liputan6 - Ferdy Sambo Masih Dipanggil Jenderal Saat Lakukan Rekonstruksi Pembunuhan Brigadir J #Shorts

Saat rekonstruksi pembunuhan Brigadir J alias Nofriansyah Yoshua Hutabarat pada Selasa 30 Agustus 2022, di rumah dinas Ferdy Sambo. Salah seorang polisi kedapatan masih memanggil Ferdy Sambo dengan sebutan 'Jenderal'.
------------------------------------
Simak berita lainnya di: https://www.youtube.com/channel/UC1QpnGo11epfexw1bIiTHTg/videos

Liputan 6 SCTV adalah program berita televisi nasional yang berada di bawah naungan Elang Mahkota Teknologi (Emtek) Group. Liputan 6 SCTV juga menyajikan informasi dalam bentuk live report dan breaking news. Tayang siaran langsung, setiap hari di saluran tv SCTV pada program Liputan 6 Pagi, Liputan 6 Siang, Liputan 6 Petang Terkini, dan Liputan 6 Malam.

Ikuti media sosial Liputan 6 SCTV untuk mendapatkan informasi Aktual, Tajam, Terpercaya. 

Liputan 6 SCTV Official Instagram: https://www.instagram.com/liputan6.sctv/
Liputan 6 SCTV Official Tiktok: https://www.tiktok.com/@liputan6.sctv
Liputan 6 SCTV Official Facebook : https://www.facebook.com/Liputan6SCTV
SCTV Facebook Fanpage: https://www.facebook.com/SCTV
SCTV Official Twitter: https://twitter.com/SCTV",2022-09-01T12:30:01Z,PT33S,29295,211,0,54
32C2JBXLlco,UC_W5RTN5Y0uJUsfZ8tTIEGg,Talk Show tvOne RELOAD,Nostalgia! Momen Penasihat IPW Kritik Keras Institusi Polri di Hadapan Ferdy Sambo | tvOne,"Dua Sisi, https://www.tvOnenews.com - Nostalgia! Momen Penasihat IPW Kritik Keras Institusi Polri di Hadapan Ferdy Sambo | tvOne

DS01
FN01

Channel Talk Show tvOne RELOAD ini merupakan channel yang menampilkan tayangan-tayangan lawas dari program-program talk show favorit pemirsa tvOne.

Saksikan live streaming tvOne hanya di https://www.tvonenews.com/live
Dan jangan lupa untuk follow akun-Akun Sosial Media tvOnenews untuk mendapatkan beragam informasi terkini dan update dari kami:

Facebook - https://www.facebook.com/tvOnenews
Instagram - https://www.instagram.com/tvOnenews
Twitter - https://twitter.com/tvOnenews
TikTok - https://www.tiktok.com/@tvOnenews
Website - https://tvOnenews.com",2025-02-26T14:00:06Z,PT7M39S,28919,187,0,86
VolRyxM48pY,UCzl0OrB3-ehunyotIQvK77A,METRO TV ,Ferdy Sambo Menangis Ceritakan Anak dan Karirnya di Polri Terhenti,"MetroTV, Ferdy Sambo menangis saat menceritakan karirnya sebagai polisi, mendapat penghargaan harus terhenti karena terlibat dalam kasus pembunuhan berencana Brigadir Yoshua, Selasa (10/1/2023). Ia juga menangis saat ditanya mengenai anak-anaknya.

Hal ini bermula saat penasuhat hukum Sambo, Rasamala Aritomang menanyakan sudah berapa lama dirinya berkarir di Polri.

#Metrotv #topreviewmetrotv #ferdysambo #brigadirj",2023-01-10T11:19:40Z,PT2M18S,28881,233,0,330
mwQ_0qCiR9M,UCmvHnw66WIjHbZvDGkTMmGg,Tribun Bengkulu,"Momen Tribrata Putra Anak Ferdy Sambo Wisuda Prabhatar Akpol, Tahan Tangis saat Ditemani Sang Kakak","Momen Tribrata Putra, anak Ferdy Sambo wisuda Prabhatar Akademi TNI dan Akpol pada Selasa (28/11/2023).",2023-11-29T13:08:25Z,PT3M3S,28222,164,0,63
ZDpEQJUGRsg,UCPAxpUn1mrn14xU0JpsLhDg,Kompas.com,Ferdy Sambo Cerita Jenderal Bintang Dua Datangi Dirinya dan Bawa BAP Richard Eliezer,"Terdakwa kasus pembunuhan berencana Nofriansyah Yosua Hutabarat alis Brigadir J, Ferdy Sambo mengatakan dirinya dihubungi oleh Kadiv TIK Polri, Irjen Slamet Uliandi pada 5 Agustus 2022.

Sambo mengatakan Irjen Slamet menghubunginya untuk memberi tahu dirinya jika Richard Eliezer merubah keterangannya. Dalam keterangannya saat itu, Eliezer mengaku bahwa Ferdy Sambo lah yang menembak Brigadir J.

Irjen Slamet kemudian membawa Berita Acara Pemeriksaan (BAP) Eliezer dan membawa Sambo untuk menghadap kepada pimpinan Polri.

Simak selengkapnya dalam video berikut.

Video Jurnalis: Pramulya Sadewa
Penulis Naskah: Pramulya Sadewa
Video Editor: Pramulya Sadewa
Produser: Okky Mahdi Yasser

#JernihkanHarapan #FerdySambo #BrigadirJ #BharadaE",2023-01-10T07:40:00Z,PT5M22S,27814,128,0,24
rt6YIU0yQY0,UCmxAIW7RDDC88EPk4ry16Kg,Tribunnews,"Hakim Vonis Mati Ferdy Sambo Gagal Lolos Seleksi Hakim Agung, Tak Dapat Suara di Komisi III DPR","Download aplikasi berita TribunX di Play Store atau App Store untuk dapatkan pengalaman baru

TRIBUN-VIDEO.COM - Hakim Alimin Ribut Sujono gagal melangkah dalam seleksi calon hakim agung tahun 2025.

Namanya sempat populer setelah menjatuhkan vonis mati kepada Ferdy Sambo, namun ia tidak memperoleh dukungan di DPR.

Dalam rapat pleno Komisi III DPR RI, Selasa (16/9/2025), Alimin tidak mendapat satu pun suara dari anggota dewan.

Dari 16 calon yang mengikuti uji kelayakan, hanya 10 nama yang dinyatakan layak untuk diajukan lebih lanjut.

Ketua Komisi III DPR RI, Habiburokhman, menyebut proses seleksi telah dilakukan terbuka sejak 9 hingga 15 September 2025.

Para calon diuji mulai dari rekam jejak, integritas, hingga pandangan mengenai penegakan hukum.

Alimin menjadi sorotan ketika ditanya soal pandangannya terhadap hukuman mati

Menjawab hal itu, Alimin menegaskan keputusannya dijatuhkan demi keadilan sesuai hukum, bukan berdasarkan keyakinan pribadi.

Dengan hasil nol suara, langkah Alimin dipastikan terhenti.

(Tribun-Video.com)

Program: Tribunnews Update
Host: Tita Syarif
Editor: Nathanael Moer Rahardian
Uploader: Bintang Nur Rahman

Artikel ini telah tayang di WartaKotalive.com dengan judul Hakim Vonis Mati Ferdy Sambo Gagal Lolos Seleksi Hakim Agung, https://wartakota.tribunnews.com/nasional/867948/hakim-vonis-mati-ferdy-sambo-gagal-lolos-seleksi-hakim-agung#google_vignette.




#FerdySambo #VonisMati #HakimAgung #KomisiIII #DPR #SeleksiHakim #Kejahatan #Peradilan",2025-09-18T14:59:25Z,PT1M12S,27687,50,0,77
T_08xumG-KY,UCdOovgmIPfj9a-o3VP5i2_g,MerdekaDotCom,BONGKAR HABIS PERAN KOTOR FERDY SAMBO di Kasus Brigadir J #merdekadotcom #kapolri #ferdysambo,,2022-08-09T12:34:52Z,PT55S,27527,326,0,23
4-ZNrFyUM5U,UClncl2j_oVWNIIU24IMfgBw,Sumber Berita,Ahli Bela Richard Eliezer Disidang Ferdy Sambo #sambo #eliezer #putricandrawathi #shorts #short,,2022-12-26T23:46:42Z,PT1M1S,27334,503,0,9
K4at30z_Uvs,UCB1fvlA5xmLJ0tZblpoTuaQ,VIVA.CO.ID,"Sempat Pelukan, Respons Irjen Fadil soal Ferdy Sambo Jadi Tersangka","VIVA -Kapolda Metro Jaya Irjen Fadil Imran enggan mengomentari lebih mengenai kasus pembunuhan Brigadir Nopryansah Yosua Hutabarat alias Brigadir J. Seperti diketahui sebelumnya, Irjen Fadil sempat bertemu dengan Irjen Ferdy Sambo sebelum Ferdy ditetapkan sebagai tersangka. (SF-MA-MI) #VIVAnewsdaily

Baca berita terbaru, terkini dan terpopuler disini https://www.viva.co.id/",2022-08-11T08:15:00Z,PT2M8S,27134,278,0,257
zEAXFZTC0Gg,UCKII0Ml9S5wneKbHswmUrIQ,CNN Indonesia,"Dipecat dari Polri, Ferdy Sambo Ajukan Banding","Hasil sidang kode etik polri memutuskan, Irjen Ferdy Sambo diberhentikan secara tidak hormat dari Kepolisian Republik Indonesia.
Namun, mantan Kadiv Propam Polri ini mengajukan banding, yang akan ditunggu selama tiga hari mendatang.",2022-08-26T03:01:02Z,PT3M12S,27111,190,0,95
zU8QySgDbQA,UCqLsfkQSM0yfyGvONAGWd3Q,BeritaSatu,Kronologi Kematian Brigadir J Hingga Akhirnya Irjen Ferdy Sambo Ditetapkan Tersangka,"Irjen Ferdy Sambo ditetapkan tersangka kasus pembunuhan Brigadir Nofriansyah Yoshua Hutabarat atau Brigadir J di rumah dinasnya. Kapolri menyebut Irjen Ferdy Sambo diduga dalang pembunuhan Brigadir J.
#Kapolri #BrigadirJ #IrjenSambo

Jangan lewatkan live streaming BeritaSatu News Channel 24 jam non stop di https://www.beritasatu.com/livestream.

Pastikan kamu subscribe dan aktifkan juga tombol lonceng untuk mendapatkan notifikasi video terbaru dari BeritaSatu.

Kunjungi juga social media channel kami :

Official Website: https://www.beritasatu.com
Twitter : https://twitter.com/Beritasatu
Facebook : https://www.facebook.com/beritasatu/
Instagram : https://www.instagram.com/beritasatu/",2022-08-11T10:30:10Z,PT3M22S,30768,182,0,7
Kl8AyOpNmYQ,UCK6c4qk3hRaa6fMIEZrhiXQ,Tribun Timur,"🔴 LIVE Sidang Ferdy Sambo Hari Ini, Brigjen Hendra hingga Agus Nurpatria Dihadirkan","#tribuntimur #sidangferdysambo #ferdysambo #richardeliezer #bharadae #sidangsambo 










OP: Yusril
(TRIBUN-TIMUR.COM) - Sidang Ferdy Sambo Hari Ini, Brigjen Hendra hingga Agus Nurpatria Dihadirkan


Update info terkini via http://tribun-timur.com/

Follow akun Instagram http://bit.ly/IGTribunTimur
Follow akun Twitter http://bit.ly/twitterTribunTimur
Follow dan like fanpage Facebook http://bit.ly/FBTribunTimurMks
YouTube business inquiries: 081144407111",2022-12-29T08:37:09Z,PT4H4M31S,30437,129,0,31
3pDocKR_zqw,UCPAxpUn1mrn14xU0JpsLhDg,Kompas.com,HOAKS! Ferdy Sambo Dieksekusi Mati pada 27 Februari 2023,"Tonton video lainnya di https://kmp.im/video

KOMPAS.com - Beredar unggahan di media sosial yang mengeklaim bekas Kadiv Propam Polri Ferdy Sambo telah dieksekusi mati pada Senin 27 Februari 2023 malam.

Sambo merupakan terpidana kasus pembunuhan berencana terhadap Brigadri J.

Apakah informasi tersebut benar? Simak informasi lengkapnya dalam video berikut.

Penulis: Tim Cek Fakta KOMPAS.com

#cekfakta #hoaks #FerdySamboDieksekusiMati #aigenerated #jernihkanharapan 

Catatan redaksi:
Video ini menggunakan virtual host yang dibuat melalui aplikasi kecerdasan buatan.",2023-03-03T09:15:38Z,PT2M25S,29865,55,0,22
Y_Hc4wvpgr4,UCmxAIW7RDDC88EPk4ry16Kg,Tribunnews,"🔴 Ajudan dan ART Irjen Ferdy Sambo Diperiksa Komnas HAM, Pakar Hukum Pertanyakan Status Bharada E","TRIBUN-VIDEO.COM - Karopenmas Divisi Humas Polri Brigjen Pol Ahmad Ramadhan mendampingi ajudan dan pengurus rumah Irjen Ferdy Sambo di Kantor Komnas HAM.

Ajudan dan asisten rumah tangga (ART) Irjen Ferdy Sambo itu dipanggil Komnas HAM untuk diperiksa lebih lanjut.

Pemeriksaan tersebut dilakukan untuk mengusut kasus tewasnya Brigadir J.

Pasalnya ART Ferdy Sambo tersebut diduga berada di lokasi saat peristiwa terjadi.

Sementara itu pemeriksaan digelar di Kantor Komnas HAM pada hari ini Senin 1 Agustus 2022.

Karopenmas Divisi Humas Polri Brigjen Pol Ahmad Ramadhan tiba di kantor Komnas HAM pukul 11.24 WIB.

Ramadhan mengatakan, kedatangannya untuk mendampingi pemeriksaan pengurus rumah dan ajudan yang sedang diperiksa.

Pada hari Jumat (29/7/2022), Bharada Richard Eliezer atau Bharada E telah mendatangi Lembaga Perlindungan Saksi dan Korban (LPSK).

Ia meminta perlindungan dari LPSK dalam proses penyelidikan dan penyidikan kasus baku tembak yang menewaskan Brigadir Yosua.

Namun, status Bharada E dipertanyakan lantaran meminta perlindungan LPSK tidak mudah.

Dikutip dari WartaKotalive.com, Pakar Hukum Pidana dari Universitas Pelita Harapan (UPH), Jamin Ginting memberikan penjelasan.

Ia berujar untuk dilindungi LPSK ada syarat yang harus dipenuhi.

Satu di antaranya pihak pemohon harus dijelaskan statusnya dalam kasus.

Apakah berstatus saksi, korban, saksi korban atau saksi pelaku.

Sementara, Bharada E merupakan pihak yang membuat Brigadir Yosua tewas dalam kasus ini.",2022-08-01T14:02:32Z,PT1H12M1S,29407,225,0,6
HCttmn7nbk0,UCdOovgmIPfj9a-o3VP5i2_g,MerdekaDotCom,Emosi Eliezer Meledak Jawab Kuasa Hukum Ferdy Sambo #merdekadotcom #sidangsambo,,2022-12-13T13:25:54Z,PT52S,29381,512,0,72
gC3ElwjvhBI,UCwFc1bMj5KFxX8BJ1wBRuzw,Tribun MedanTV,Tatapan Tajam Orang tua Brigadir J dan Ekspresi Ferdy Sambo Tertunduk Sesekali Menatap Ibu Yosua!,"#sidangsambo #sambobertemuorangtua #orangtuabrigadirJ #sambodanorangtua #putricandrawathi 

TRIBUN-MEDAN.com - Tatapan tajam orang tua Brigadir J saat pertama kali melihat Ferdy Sambo dan istrinya Putri Candrawathi usai meninggalnya anak meraka Nofriansyah Yosua Hutabarat.

Amatan Tribun Medan, sementara Ferdy Sambo terlihat hanya tertunduk dan sesekali tatapannya diarahkan ke araha ibu Brigadir J Rosti Simanjuntak.

Namun tampak ia tak berani menatap kedua orangtua Brigadir Yosua terlalu lama dan hanya mencuri tatapan sesekali.

Rosti kemudian masuk bersama suaminya, Samuel Hutabarat. Mereka berdua bersama 10 orang lainnya akan bersaksi dalam sidang pembunuhan Brigadir J dengan terdakwa Ferdy Sambo.

Sementara Ayah Brigadir Yosua, Samuel Hutabarat setelah duduk di kursi saksi terlihat sesekali menatap mata Ferdy Sambo yang berada di sebelah kananya.

Baca selengkapnya di www.tribun-medan.com",2022-11-01T04:14:31Z,PT3M19S,29353,117,0,32
HtJ7bpAK3Vk,UCPAxpUn1mrn14xU0JpsLhDg,Kompas.com,Pengacara Brigadir J Sebut Ferdy Sambo Tak Berpendirian Minta Bharada E Ikut Dipecat,"Pengacara keluarga Brigadir J, Martin Lukas Simanjuntak menyebut Ferdy Sambo tidak memiliki pendirian saat memberi pernyataan agar Bharada E atau Richard Eliezer ikut dipecat.

Diketahui, Sambo sebelumnya meminta Richard untuk dipecat secara tidak terhormat dan membandingkan statusnya yang diberhentikan tidak dengan hormat.
￼
Martin menilai, Sambo merupakan orang yang plin-plan lantaran sebelumnya menyebut dirinya siap bertanggung jawab terkait kasus pembunuhan berencana tersebut.

(Sambo) merupakan orang yang menyuruh untuk membunuh, tapi malah menyuruh (Bharada E) dipecat, ujar Martin.

Simak informasi selengkapnya dalam video berikut.


Video Jurnalis: Pramulya Sadewa, Firda Rahmawan, Nissi Elizabeth
Penulis: Danang Suryo
Penulis Naskah: Alexandra Birgitta Anandaputri
Narator: Alexandra Birgitta Anandaputri
Video Editor: Farah Chaerunniza
Produser: Khairun Alfi Syahri MJ

Music: Cinematic Trip Downtown - Mark David Lee
#FerdySambo #RichardEliezer #KasusBrigadirJ #JernihkanHarapan",2022-12-07T06:08:39Z,PT2M1S,29269,233,0,165
IpZP_ZIU5Ec,UCKII0Ml9S5wneKbHswmUrIQ,CNN Indonesia,"LIVE! Sidang Sambo: Duplik Penasihat Hukum Terdakwa Ferdy Sambo, Ricky Rizal, Kuat Ma’ruf","LIVE! Sidang Sambo: Duplik Penasihat Hukum Terdakwa Ferdy Sambo, Ricky Rizal, Kuat Ma’ruf

Website: www.cnnindonesia.com
Facebook: https://m.facebook.com/CNNIndonesia/
Instagram: https://instagram.com/cnnindonesiatv
Twitter: https://twitter.com/cnniddaily
TikTok: https://www.tiktok.com/@cnnindonesia
Spotify: CNN Indonesia",2023-01-31T07:14:05Z,PT4H31M41S,29205,194,0,17
2QjR6kXCynI,UC1QpnGo11epfexw1bIiTHTg,Liputan6,Ferdy Sambo Masih Dipanggil Jenderal Saat Lakukan Rekonstruksi Pembunuhan Brigadir J #Shorts,"Liputan6 - Ferdy Sambo Masih Dipanggil Jenderal Saat Lakukan Rekonstruksi Pembunuhan Brigadir J #Shorts

Saat rekonstruksi pembunuhan Brigadir J alias Nofriansyah Yoshua Hutabarat pada Selasa 30 Agustus 2022, di rumah dinas Ferdy Sambo. Salah seorang polisi kedapatan masih memanggil Ferdy Sambo dengan sebutan 'Jenderal'.
------------------------------------
Simak berita lainnya di: https://www.youtube.com/channel/UC1QpnGo11epfexw1bIiTHTg/videos

Liputan 6 SCTV adalah program berita televisi nasional yang berada di bawah naungan Elang Mahkota Teknologi (Emtek) Group. Liputan 6 SCTV juga menyajikan informasi dalam bentuk live report dan breaking news. Tayang siaran langsung, setiap hari di saluran tv SCTV pada program Liputan 6 Pagi, Liputan 6 Siang, Liputan 6 Petang Terkini, dan Liputan 6 Malam.

Ikuti media sosial Liputan 6 SCTV untuk mendapatkan informasi Aktual, Tajam, Terpercaya. 

Liputan 6 SCTV Official Instagram: https://www.instagram.com/liputan6.sctv/
Liputan 6 SCTV Official Tiktok: https://www.tiktok.com/@liputan6.sctv
Liputan 6 SCTV Official Facebook : https://www.facebook.com/Liputan6SCTV
SCTV Facebook Fanpage: https://www.facebook.com/SCTV
SCTV Official Twitter: https://twitter.com/SCTV",2022-09-01T12:30:01Z,PT33S,29295,211,0,54
32C2JBXLlco,UC_W5RTN5Y0uJUsfZ8tTIEGg,Talk Show tvOne RELOAD,Nostalgia! Momen Penasihat IPW Kritik Keras Institusi Polri di Hadapan Ferdy Sambo | tvOne,"Dua Sisi, https://www.tvOnenews.com - Nostalgia! Momen Penasihat IPW Kritik Keras Institusi Polri di Hadapan Ferdy Sambo | tvOne

DS01
FN01

Channel Talk Show tvOne RELOAD ini merupakan channel yang menampilkan tayangan-tayangan lawas dari program-program talk show favorit pemirsa tvOne.

Saksikan live streaming tvOne hanya di https://www.tvonenews.com/live
Dan jangan lupa untuk follow akun-Akun Sosial Media tvOnenews untuk mendapatkan beragam informasi terkini dan update dari kami:

Facebook - https://www.facebook.com/tvOnenews
Instagram - https://www.instagram.com/tvOnenews
Twitter - https://twitter.com/tvOnenews
TikTok - https://www.tiktok.com/@tvOnenews
Website - https://tvOnenews.com",2025-02-26T14:00:06Z,PT7M39S,28919,187,0,86
VolRyxM48pY,UCzl0OrB3-ehunyotIQvK77A,METRO TV ,Ferdy Sambo Menangis Ceritakan Anak dan Karirnya di Polri Terhenti,"MetroTV, Ferdy Sambo menangis saat menceritakan karirnya sebagai polisi, mendapat penghargaan harus terhenti karena terlibat dalam kasus pembunuhan berencana Brigadir Yoshua, Selasa (10/1/2023). Ia juga menangis saat ditanya mengenai anak-anaknya.

Hal ini bermula saat penasuhat hukum Sambo, Rasamala Aritomang menanyakan sudah berapa lama dirinya berkarir di Polri.

#Metrotv #topreviewmetrotv #ferdysambo #brigadirj",2023-01-10T11:19:40Z,PT2M18S,28881,233,0,330
mwQ_0qCiR9M,UCmvHnw66WIjHbZvDGkTMmGg,Tribun Bengkulu,"Momen Tribrata Putra Anak Ferdy Sambo Wisuda Prabhatar Akpol, Tahan Tangis saat Ditemani Sang Kakak","Momen Tribrata Putra, anak Ferdy Sambo wisuda Prabhatar Akademi TNI dan Akpol pada Selasa (28/11/2023).",2023-11-29T13:08:25Z,PT3M3S,28222,164,0,63
ZDpEQJUGRsg,UCPAxpUn1mrn14xU0JpsLhDg,Kompas.com,Ferdy Sambo Cerita Jenderal Bintang Dua Datangi Dirinya dan Bawa BAP Richard Eliezer,"Terdakwa kasus pembunuhan berencana Nofriansyah Yosua Hutabarat alis Brigadir J, Ferdy Sambo mengatakan dirinya dihubungi oleh Kadiv TIK Polri, Irjen Slamet Uliandi pada 5 Agustus 2022.

Sambo mengatakan Irjen Slamet menghubunginya untuk memberi tahu dirinya jika Richard Eliezer merubah keterangannya. Dalam keterangannya saat itu, Eliezer mengaku bahwa Ferdy Sambo lah yang menembak Brigadir J.

Irjen Slamet kemudian membawa Berita Acara Pemeriksaan (BAP) Eliezer dan membawa Sambo untuk menghadap kepada pimpinan Polri.

Simak selengkapnya dalam video berikut.

Video Jurnalis: Pramulya Sadewa
Penulis Naskah: Pramulya Sadewa
Video Editor: Pramulya Sadewa
Produser: Okky Mahdi Yasser

#JernihkanHarapan #FerdySambo #BrigadirJ #BharadaE",2023-01-10T07:40:00Z,PT5M22S,27814,128,0,24
rt6YIU0yQY0,UCmxAIW7RDDC88EPk4ry16Kg,Tribunnews,"Hakim Vonis Mati Ferdy Sambo Gagal Lolos Seleksi Hakim Agung, Tak Dapat Suara di Komisi III DPR","Download aplikasi berita TribunX di Play Store atau App Store untuk dapatkan pengalaman baru

TRIBUN-VIDEO.COM - Hakim Alimin Ribut Sujono gagal melangkah dalam seleksi calon hakim agung tahun 2025.

Namanya sempat populer setelah menjatuhkan vonis mati kepada Ferdy Sambo, namun ia tidak memperoleh dukungan di DPR.

Dalam rapat pleno Komisi III DPR RI, Selasa (16/9/2025), Alimin tidak mendapat satu pun suara dari anggota dewan.

Dari 16 calon yang mengikuti uji kelayakan, hanya 10 nama yang dinyatakan layak untuk diajukan lebih lanjut.

Ketua Komisi III DPR RI, Habiburokhman, menyebut proses seleksi telah dilakukan terbuka sejak 9 hingga 15 September 2025.

Para calon diuji mulai dari rekam jejak, integritas, hingga pandangan mengenai penegakan hukum.

Alimin menjadi sorotan ketika ditanya soal pandangannya terhadap hukuman mati

Menjawab hal itu, Alimin menegaskan keputusannya dijatuhkan demi keadilan sesuai hukum, bukan berdasarkan keyakinan pribadi.

Dengan hasil nol suara, langkah Alimin dipastikan terhenti.

(Tribun-Video.com)

Program: Tribunnews Update
Host: Tita Syarif
Editor: Nathanael Moer Rahardian
Uploader: Bintang Nur Rahman

Artikel ini telah tayang di WartaKotalive.com dengan judul Hakim Vonis Mati Ferdy Sambo Gagal Lolos Seleksi Hakim Agung, https://wartakota.tribunnews.com/nasional/867948/hakim-vonis-mati-ferdy-sambo-gagal-lolos-seleksi-hakim-agung#google_vignette.




#FerdySambo #VonisMati #HakimAgung #KomisiIII #DPR #SeleksiHakim #Kejahatan #Peradilan",2025-09-18T14:59:25Z,PT1M12S,27687,50,0,77
T_08xumG-KY,UCdOovgmIPfj9a-o3VP5i2_g,MerdekaDotCom,BONGKAR HABIS PERAN KOTOR FERDY SAMBO di Kasus Brigadir J #merdekadotcom #kapolri #ferdysambo,,2022-08-09T12:34:52Z,PT55S,27527,326,0,23
4-ZNrFyUM5U,UClncl2j_oVWNIIU24IMfgBw,Sumber Berita,Ahli Bela Richard Eliezer Disidang Ferdy Sambo #sambo #eliezer #putricandrawathi #shorts #short,,2022-12-26T23:46:42Z,PT1M1S,27334,503,0,9
K4at30z_Uvs,UCB1fvlA5xmLJ0tZblpoTuaQ,VIVA.CO.ID,"Sempat Pelukan, Respons Irjen Fadil soal Ferdy Sambo Jadi Tersangka","VIVA -Kapolda Metro Jaya Irjen Fadil Imran enggan mengomentari lebih mengenai kasus pembunuhan Brigadir Nopryansah Yosua Hutabarat alias Brigadir J. Seperti diketahui sebelumnya, Irjen Fadil sempat bertemu dengan Irjen Ferdy Sambo sebelum Ferdy ditetapkan sebagai tersangka. (SF-MA-MI) #VIVAnewsdaily

Baca berita terbaru, terkini dan terpopuler disini https://www.viva.co.id/",2022-08-11T08:15:00Z,PT2M8S,27134,278,0,257
zEAXFZTC0Gg,UCKII0Ml9S5wneKbHswmUrIQ,CNN Indonesia,"Dipecat dari Polri, Ferdy Sambo Ajukan Banding","Hasil sidang kode etik polri memutuskan, Irjen Ferdy Sambo diberhentikan secara tidak hormat dari Kepolisian Republik Indonesia.
Namun, mantan Kadiv Propam Polri ini mengajukan banding, yang akan ditunggu selama tiga hari mendatang.",2022-08-26T03:01:02Z,PT3M12S,27111,190,0,95
iIJpgZfHNE0,UCmxAIW7RDDC88EPk4ry16Kg,Tribunnews,"Tak Masalah Jika Satu Sel dengan Ferdy Sambo, Napoleon Bonaparte Akui akan Bersikap 'Welcome'","Baca Selengkapnya di https://video.tribunnews.com/view/439370/tak-masalah-jika-satu-sel-dengan-ferdy-sambo-napoleon-bonaparte-akui-akan-bersikap-welcome

TRIBUN-VIDEO.COM - Eks Kepala Divisi Hubungan Internasional Polri, Irjen Napoleon Bonaparte menyatakan tak masalah apabila ditempatkan satu sel dengan Irjen Ferdy Sambo .

Napoleon juga mengatakan siap merawat Ferdy Sambo apabila memang eks Kadiv Propam tersebut dijadikan satu dengannya.

Hal ini disampaikan oleh Napoleon Bonaparte seusai sidang di Pengadilan Negeri Jakarta Selatan , Kamis (25/8).

VP: Indra Imawan",2022-08-26T07:00:13Z,PT50S,27299,288,0,23
JhnZx6XV7n4,UCB1fvlA5xmLJ0tZblpoTuaQ,VIVA.CO.ID,"Kadiv Propam Polri, Irjen Ferdy Sambo: Selamat HUT ke-13, Semoga Memajukan Peradaban","VIVA - Kadiv Propam Polri, Irjen Ferdy Sambo mengucapkan selamat ulang tahun yang ke-13 untuk VIVA Networks. #13TahunVIVANetworks

Baca berita terbaru, terkini dan terpopuler disini https://www.viva.co.id/",2021-12-15T09:01:55Z,PT46S,26998,147,0,58
vqUe5bI_p-o,UCPAxpUn1mrn14xU0JpsLhDg,Kompas.com,"Kesaksian Eliezer: Ferdy Sambo Bilang, ""Harus Dikasih Mati Anak Itu!""","Richard Eliezer atau Bharada E mengungkap bagaimana Ferdy Sambo memaparkan skenario pembunuhan Brigadir J atau Nofriansyah Yosua Hutabarat.

Kesaksian ini disampaikan Eliezer saat bersaksi di persidangan dengan terdakwa Kuat Maruf dan Ricky Rizal, Rabu (30/11/2022), di PN Jakarta Selatan.

Richard mengatakan, awalnya Ferdy Sambo menanyakan apakah dia mengetahui peristiwa yang terjadi di Magelang, Jawa Tengah. Eliezer mengaku tak mengetahuinya. Sambo kemudian memberi tahu bahwa istrinya, Putri Cancrawathi, dilecehkan Brigadir Yosua Hutabarat. 

Eliezer terkejut dan bertanya-tanya. Selanjutnya, Sambo terlihat emosional hingga mengatakan bahwa Yosua telah menghina harkat dan martabatnya sehingga harus mati.

Music: Airborne - Quincas Moreira

#BharadaE #Eliezer #BharadaEliezer #SidangSambo #PembunuhanBrigadirJ #jernihkanharapan #kompascom #shorts",2022-12-01T03:57:15Z,PT59S,26473,392,0,7
0eMa9TUsPKo,UCzl0OrB3-ehunyotIQvK77A,METRO TV ,Ferdy Sambo: Penyesalan Terbesar Dalam Diri Saya Atas Korban Yoshua #shorts,"MetroTV, Pada pembacaan nota pembelaan Selasa, (24/1/2023) Ferdy Sambo memberikan penyesalan yang mendalam atas peristiwa  yang menimpah Brigadir J dan penyesalan atas istrinya Putri Candrawathi yang ikut menjadi tersangka dalam kasus ini.

#Metrotv #topreviewmetrotv #ferdysambo #sidangsambo #shorts",2023-01-24T13:09:50Z,PT36S,26243,369,0,31
wE2rsUpN5vo,UCMzeVf1cGe6RSK0Olh8AVtw,GenPI co,Ferdy Sambo Bisa Bebas Bersyarat,,2022-09-01T11:48:59Z,PT50S,25517,177,0,28
7MhJBjvAMi8,UCdOovgmIPfj9a-o3VP5i2_g,MerdekaDotCom,Kata Kapolres Jaksel CCTV Dekat Rumah Irjen Ferdy Sambo Diganti Usai Ketua RT Murka,"MERDEKA.COM - Kapolres Metro Jakarta Selatan Kombes Budhi Herdi Susianto meluruskan pernyataan kabar CCTV dekat rumah Kadiv Propam Irjen Ferdy Sambo diganti

Pernyataan ini sekaligus menjawab kemarahan Seno Sukarto pensiunan jenderal yang juga Ketua RT di lingkungan Kompleks Polri lokasi rumah dinas Ferdy Sambo

Budhi menjelaskan pergantian dilakukan demi kepentingan penyidikan Dia juga meluruskan bahwa yang diganti tim penyidik adalah decoder CCTV yang ada di pos satpam

Menurutnya pergantian dekoder bertujuan agar CCTV di Kompleks Polri tetap bisa digunakan.

#news 
#jakarta 
#brigadirj 


----
#merdekadotcom

MORE VIDEOS: https://video.merdeka.com/

Produced by https://www.merdeka.com
KLN Apps ► http://www.kln.id/apps/

----
Youtube ► https://www.youtube.com/merdekacomvideonews
Vidio ► https://www.vidio.com/@merdeka
Twitter ► https://twitter.com/merdekadotcom
Facebook ► https://www.facebook.com/MDKcom
Telegram ► https://t.me/merdekacomnewsupdate",2022-07-14T15:38:28Z,PT1M45S,25009,76,0,142
jc77u9KcBOY,UCK6c4qk3hRaa6fMIEZrhiXQ,Tribun Timur,SHORT | Detik-detik Hakim Jatuhkan Vonis Mati ke Ferdy Sambo,"#tribuntimur #tribunviral #ferdysambo #shorts 

TRIBUN-TIMUR.COM - Terdakwa Ferdy Sambo menerima vonis dalam sidang pembunuhan Brigadir J pada Senin (13/2/2023).

Dalam kasus tersebut, Ferdy Sambo mendapatkan vonis hukuman mati pembunuhan Brigadir J.

Hakim meyakini motif dari pembunuhan tersebut adalah rasa sakit hati yang diderita oleh putri Candrawathi.

Ferdy Sambo diyakini hakim memang memerintahkan Bharada E untuk menembak korban.

Ferdy Sambo adalah dalang di balik kasus pembunuhan Brigadir J.

EKs Kadiv Propam tersebut juga terbukti melakukan skenario dalam kasus pembunuhan Brigadir J.

Dalam kasus ini, eks Kadiv Propam Polri dan istrinya itu menjadi terdakwa bersama dengan dua ajudannya, Richard Eliezer atau Bharada E dan Ricky Rizal atau Bripka RR. 

Selain itu, seorang asisten rumah tangga (ART) sekaligus sopir keluarga Ferdy Sambo, Kuat Ma’ruf juga turut menjadi terdakwa dalam kasus ini. 

Berdasarkan surat tuntutan jaksa, kelimanya dinilai terbukti secara sah dan meyakinkan bersalah melakukan tindak pidana pembunuhan terhadap Brigadir J yang direncanakan terlebih dahulu.

Mereka dinilai telah melanggar Pasal 340 Kitab Undang-Undang Hukum Pidana (KUHP) juncto Pasal 55 Ayat (1) ke 1 KUHP. 

Eks Kadiv Propam itu terlibat obstruction of justice atau perintangan penyidikan pengusutan kasus kematian Brigadir J.

Editor : Muhamad Asrul
Sumber : Tribunnews

(TRIBUN-TIMUR.COM)
Update info terkini via http://tribun-timur.com/

Follow akun Instagram http://bit.ly/IGTribunTimur
Follow akun Twitter http://bit.ly/twitterTribunTimur
Follow dan like fanpage Facebook http://bit.ly/FBTribunTimurMks
YouTube business inquiries: 081144407111",2023-02-13T08:47:31Z,PT59S,25019,533,0,55
caCblp16pEY,UCKII0Ml9S5wneKbHswmUrIQ,CNN Indonesia,Momen Ferdy Sambo Minta Maaf Usai Dipecat dari Kepolisian,Komisi kode etik Polri akhirnya memecat Irjen Ferdy Sambo dengan tidak hormat saat berdasarkan sidang etik yang digelar selama 18 jam di Mabes Polri Jumat Dinihari. Eks Kadiv Propam itu pun mengakui semua perbuatannya dan menyampaikan permohonan maaf. Berikut permintaan maaf Irjen Sambo yang disampaikan di depan komisi kode etik.,2022-08-26T06:18:45Z,PT2M9S,24522,125,0,59
NKdkan-gpCA,UC5BMIWZe9isJXLZZWPWvBlg,KOMPASTV,Ferdy Sambo Membenarkan Soal Penyelidikan Tambang Ilegal: Ada Surat Penyelidikannya!,"JAKARTA, KOMPAS.TV - Usai sidang Selasa (22/11/2022) kemarin, mantan Kadiv Propam Polri, Ferdy Sambo membenarkan adanya laporan penyelidikan tambang ilegal di Kalimantan Timur yang ia tangani saat masih menjabat sebagai Kadiv Propam Polri.

Untuk lebih jelasnya, Sambo meminta agar langsung menanyakan hal tersebut kepada pejabat yang berwenang karena sudah ada suratnya.

Kasus dugaan suap tambang ilegal ini mencuat setelah video pengakuan mantan polisi Ismail Bolong terkait adanya bisnis tambang batubara yang hasilnya disetorkan ke sejumlah petinggi Polri.

Baca Juga Saksi Ridwan Mengaku Jadi Korban ""Prank"" Skenario Sambo Terkait Pelecehan Yosua Terhadap PC di https://www.kompas.tv/article/351915/saksi-ridwan-mengaku-jadi-korban-prank-skenario-sambo-terkait-pelecehan-yosua-terhadap-pc


 

Artikel ini bisa dilihat di :  https://www.kompas.tv/article/351919/ferdy-sambo-membernarkan-soal-penyelidikan-tambang-ilegal-ada-surat-penyelidikannya",2022-11-24T06:35:29Z,PT2M21S,24447,181,0,63
53a4WODlK8c,UCkB-tL3qX-TmLOQiMPp-0yA,Katadata Indonesia,Perjalanan Karier Irjen Ferdy Sambo yang Mengungkap Sejumlah Kasus Besar | Katadata Indonesia,"Kapolri Jenderal Pol Listyo Sigit Prabowo mencopot jabatan Irjen Pol Ferdy Sambo sebagai Kepala Divisi Profesi dan Pengamanan (Kadiv Propam) Polri, berlaku mulai Senin (18/7) malam. Untuk sementara, tugas terkait profesi dan pengamanan ini akan diemban oleh Wakapolri Komisaris Jenderal Gatot Eddy Pramono.

Pemberhentian Ferdy Sambo dilakukan kepolisian untuk menjaga objektifitas penyidikan kasus penembakan Brigadir J yang juga membelit Istri Sambo.

""Ini terkait komitmen untuk menjaga objektifitas kami agar rangkaian proses penyidikan bisa berjalan baik,"" kata Sigit dalam konferensi pers di Mabes Polri, Jakarta, Senin (18/7).

Saat ini proses penyidikan dan pemeriksaan masih dilakukan oleh tim yang terdiri dari polisi, Komisi Polisi Nasional (Kompolnas), dan Komisi Nasional Hak Asasi Manusia (Komnas HAM). 

Sebelum dicopot dari jabatannya, Irjen Ferdy Sambo mencatatkan karir yang cemerlang di kepolisian sejak lulus dari Akademi Polisi pada 1994. Ia juga terlibat dalam pengungkapan kasus-kasus besar di tanah air. Simak profil Ferdy Sambo berikut ini.

======================================================

Mulai Sekarang #KalauBicaraPakaiData

Pantau dan Subscribe Katadata Indonesia.

Official Website : https://katadata.co.id/
Youtube              : https://www.youtube.com/c/KatadataIndonesia
Instagram           : https://www.instagram.com/katadatacoid
Facebook           : https://www.facebook.com/katadatacoid",2022-07-20T02:00:52Z,PT1M42S,24077,68,0,8
Ho42a1w6SG0,UCRdwWPjiCuG37GIsnt4breg,KOMPASTV MAKASSAR,Detik-Detik Ferdy Sambo Keceplosan Akui Tembak Punggung Brigadir Yosua #shorts #reels #fyp #sambo,"Detik-Detik Ferdy Sambo Keceplosan Akui Tembak Punggung Brigadir Yosua  selengkapnya di  https://youtu.be/qBVWVibupdI 
Dalam persidangan, Sambo keceplosan mengakui bahwa dirinya menembak punggung Yosua menggunakan senjata HS. Momen itu terjadi saat jaksa penuntut umum (JPU) menunjukkan barang bukti berupa senjata HS. Sambo pun terlihat gelisah sesaat setelah menjawab pertanyaan jaksa.",2022-12-10T12:52:02Z,PT57S,24435,239,0,17
OnZQoR4tBvY,UCK6c4qk3hRaa6fMIEZrhiXQ,Tribun Timur,Putri Ferdy Sambo Curhat Mulai Kesusahan,"#tribuntimur #viral #video #sambo #putricandrawathi 

(TRIBUN-TIMUR.COM) - Hampir setahun Ferdy Sambo dan Putri Candrawathi ditahan karena kasus pembunuhan, kabar terbaru datang dari putri pertamanya Trisha Eungelica.

Diketahui sejak kedua orangtuanya mendekam di penjara dan kini menunggu eksekusi, kehidupan yang dialami putra putri Ferdy Sambo sudah jauh berbeda.

Kemarin Tribrata Putra Sambo harus menjalani kelulusan sekolahnya di Taruna Nusantra tanpa kehadiran kedua orangtua.

Kini putri pertamanya mulai curhat kesusahan urusi rumah.

Trisha lantas mencurahkan hatinya soal kesusahan mengurus rumah dan adik-adiknya kini

Diakui Trisha dirinya tak memiliki banyak waktu lagi untuk dirinya sendiri.

Karena itu Trisha juga mengaku sempat beberapa kali kebingungan dalam mengurus rumah, terutama terkait bayar membayar tagihan rumah tangga.

Ia juga harus mengurusi kebutuhan orangtuanya selama di penjara

Editor Video : Ahmad Faiz Faqih
Narator : Wa Ode Nurmin
Update info terkini via http://tribun-timur.com/

Follow akun Instagram http://bit.ly/IGTribunTimur
Follow akun Twitter http://bit.ly/twitterTribunTimur
Follow dan like fanpage Facebook http://bit.ly/FBTribunTimurMks
YouTube business inquiries: 081144407111",2023-05-23T01:00:15Z,PT56S,24824,203,0,33
UMI0B12o1QU,UCdOovgmIPfj9a-o3VP5i2_g,MerdekaDotCom,Putri Candrawathi Istri Ferdy Sambo Dapat Remisi Natal 2023,"MERDEKA.COM - Kementerian Hukum dan Hak Asasi Manusia memberikan memberikan remisi kepada hampir 16 ribu narapidana dalam rangka Natal 2023.

Dari belasan ribu narapidana tersebut, Putri Candrawathi, istri dari terpidana Ferdy Sambo, salah satunya. Dia mendapat sati bulan potongan tahanan. 

Sementara itu, Ferdy Sambo sendiri tidak dapat remisi Natal 2023.

Keduanya merupakan narapidana kasus pembunuhan berencana terhadap Brigadir Novriansyah Yoshua Hutabarat alias Brigadir J yang tewas pada 8 Juli 2022 lalu. (angga/afida)

----
#merdekadotcom

MORE VIDEOS: https://video.merdeka.com/

Produced by https://www.merdeka.com
KLN Apps ► http://www.kln.id/apps/

----
Youtube ► https://www.youtube.com/merdekacomvideonews
Vidio ► https://www.vidio.com/@merdeka
WhatsApp Channel ►  https://whatsapp.com/channel/0029Va2aKxNAjPXQRpJGf70z
Twitter ► https://twitter.com/merdekadotcom
Facebook ► https://www.facebook.com/MDKcom
Telegram ► https://t.me/merdekacomnewsupdate",2023-12-26T09:00:16Z,PT1M48S,23159,60,0,50
bCllzhhEVtc,UC-ky0ON5vuB41a-BIHNhMuw,KOMPASTV SUKABUMI,[FULL] Isi Nota Pembelaan Ferdy Sambo Lawan Tuntutan Bui Seumur Hidup  Bantah Ada Rencana Pembunuhan,"JAKARTA, KOMPAS.TV -Terdakwa Ferdy Sambo bacakan nota pembelaan atau pleidoi di Pengadilan Negeri Jakarta Selatan pada Selasa (24/1/2023)

Sambo mengatakan awalnya pleidoi diberi judul Pembelaan yang sia-sia. Namun dirinya menjelaskan karena caci maki yang diterimanya, Sambo memberi judul Setitik Harapan dalam Ruang Sesak Pengadilan

Dalam pleidoinya Sambo curhat mengenai tuduhan yang ditunjukkan kepadanya.

Baca Juga Ferdy Sambo: Skenario Tembak-Menembak untuk Lindungi Eliezer di https://www.kompas.tv/article/371414/...

Sambo juga mengaku selama menjadi anggota Polri tidak ada terdakwa yang merasa tekanan sangat besar seperti yang dialaminya.

Dalam kesempatan itu, Sambo menjelaskan pembelaan bahwa tidak ada perencanaan sebelum memberi perintah kepada Richard Eliezer untuk membunuh Yosua.



Sahabat Kompas TV Sukabumi! Jangan lupa like, comment, dan subscribe channel YouTube Kompas TV Sukabumi, juga aktifkan lonceng notifikasi agar tidak ketinggalan update mengenai isu-isu terkini di Indonesia.

Jangan lewatkan live streaming Kompas TV 24 jam non stop di https://www.kompas.tv/live.

Sosial Media Kompas TV Sukabumi:
YouTube : https://www.youtube.com/c/KompasTVSukabumi/videos
Instagram : https://www.instagram.com/kompastvsukabumi
Facebook : https://www.facebook.com/redaksikompastvsukabumi
Twitter : @ktvsukabumi",2023-01-24T13:00:45Z,PT34M29S,22954,149,0,70
4SrnTwbHP_8,UCRdwWPjiCuG37GIsnt4breg,KOMPASTV MAKASSAR,Penampakan Ferdy Sambo Di Sidang Kode Etik.,,2022-08-25T04:03:30Z,PT19S,22145,177,0,24
q7M4G_TUutk,UC5BMIWZe9isJXLZZWPWvBlg,KOMPASTV,Sidang Komisi Banding Terkait Pemecatan Ferdy Sambo akan Dipimpin Perwira Tinggi Bintang 3,"JAKARTA, KOMPAS.TV - Polri sudah menyiapkan sidang komisi banding terkait pemecatan Irjen Ferdy Sambo.

Walaupun demikian, memori banding Ferdy Sambo belum juga diterima Polri.

""Untuk memori banding Irjen FS atau Saudara FS, belum diterima,"" kata Kadiv Humas Polri, Irjen Pol Dedi Prasetyo, Sabtu (3/9).

Baca Juga Hingga Saat Ini, Polri Belum Terima Memori Banding Pemecatan Ferdy Sambo di https://www.kompas.tv/article/324921/hingga-saat-ini-polri-belum-terima-memori-banding-pemecatan-ferdy-sambo

Meski begitu, lanjut Dedi, pihak Biro Wabprof telah berkomunikasi dengan Divkum Polri untuk menyiapkan sidang komisi banding.

""Namun demikian, dari pihak Wabprof sudah berkomunikasi dengan Divkum Polri, sudah mempersiapkan sidang komisi banding.""

Kata Dedi, nantinya sidang komisi banding tersebut akan dipimpin oleh perwira tinggi bintang tiga atau berpangkat Komjen.

""Sidang komisi banding ini akan dipimpin oleh Pati bintang tiga,"" ucapnya.

Lebih lanjut, dia menjelaskan, sesuai aturan, Ferdy Sambo mempunyai waktu selama 21 hari untuk menyampaikan memori banding tersebut.

Video Editor: Lintang

Artikel ini bisa dilihat di :  https://www.kompas.tv/article/324946/sidang-komisi-banding-terkait-pemecatan-ferdy-sambo-akan-dipimpin-perwira-tinggi-bintang-3",2022-09-03T06:08:29Z,PT1M38S,21841,82,0,32
75aHk1vHe5U,UCPAxpUn1mrn14xU0JpsLhDg,Kompas.com,"Menangis, Istri Ferdy Sambo: Saya Tulus Mencintai Suami Saya","Putri Candrawathi untuk pertama kalinya muncul di publik pada Minggu 7 Agustus 2022. Istri Irjen Ferdy Sambo tersebut mendatangi Mako Brimob bersama anak dan pengacara keluarganya. 

Putri bersama kuasa hukum keluarga bermaksud untuk bertemu Ferdy Sambo. Namun keinginannya tersebut ditolak karena Ferdy Sambo masih dalam proses pemeriksaan. 

Simak selengkapnya dalam video berikut. 

Penulis Naskah: Musayadah Khusnul Khotimah 
Video Editor: Musayadah Khusnul Khotimah 
Produser: Naufal Noorosa 

Song: Dawn of Man - Quincas Moreira 

#PutriCandrawathi #MakoBrimob #IstriFerdySambo #KasusBrigadirJ #FerdySambo #JernihkanHarapan",2022-08-07T14:39:42Z,PT1M48S,21832,70,0,221
IJHBdumbDXM,UCPAxpUn1mrn14xU0JpsLhDg,Kompas.com,Kompolnas Sebut Irjen Ferdy Sambo Terus Pantau Perkembangan Kasus Brigadir J,"Komisioner Kompolnas Yusuf Warsyim mengungkapkan kondisi terkini Irjen Ferdy Sambo pasca peristiwa baku tembak di rumahnya, kawasan Duren Tiga, Jumat (8/7/2022).

Yusuf mengatakan kondisi Sambo saat ini baik-baik saja dan terus memantau perkembangan kasus yang menewaskan ajudannya, Brigadir J.

Selain itu, Yusuf menyebut Kompolnas saat ini sudah masuk dalam tim khusus yang telah dibentuk Kapolri Jenderal Listyo Sigit Prabowo. Sehingga, proses penelusuran tewasnya Brigadir J akan dilakukan bersama-sama dengan tim tersebut.

Simak selengkapnya dalam video berikut.

Penulis: Nicholas Ryan Aditya
Video Jurnalis: Pramulya Sadewa, Syalutan Ilham
Penulis Naskah: Pramulya Sadewa
Video Editor: Pramulya Sadewa
Produser: Rose Komala Dewi

Musik: The Von Trapp Family Choir - Alge
#JernihkanHarapan #IrjenFerdySambo #BrigadirJ #BharadaE #Kompolnas",2022-07-29T02:40:22Z,PT1M44S,21565,96,0,103
I5wnz_AMvMY,UCJpdpj9hNhaYBRGusGv7CjQ,Tribun Jateng,Detik-detik Ferdy Sambo Divonis Hukuman Mati,Detik-detik Ferdy Sambo Divonis Hukuman Mati,2023-02-13T11:06:21Z,PT50S,22838,445,0,34
VDypPGCGdg0,UCB1fvlA5xmLJ0tZblpoTuaQ,VIVA.CO.ID,Bharada E Ngaku Siap Mati Saat Bongkar Rencana Ferdy Sambo,"VIVA - Kuasa hukum Bharada Richard Eliezer telah mendengar seluruh curahan hati kliennya tersebut. Bharada E dalam ceritanya mengaku siap mati saat memutuskan untuk menjadi Justice Collaborator. (RK-RN-DA) #VIVAnewsdaily

Baca berita terbaru, terkini dan terpopuler disini https://www.viva.co.id/",2022-08-11T12:17:53Z,PT1M50S,21285,210,0,62
JhnZx6XV7n4,UCB1fvlA5xmLJ0tZblpoTuaQ,VIVA.CO.ID,"Kadiv Propam Polri, Irjen Ferdy Sambo: Selamat HUT ke-13, Semoga Memajukan Peradaban","VIVA - Kadiv Propam Polri, Irjen Ferdy Sambo mengucapkan selamat ulang tahun yang ke-13 untuk VIVA Networks. #13TahunVIVANetworks

Baca berita terbaru, terkini dan terpopuler disini https://www.viva.co.id/",2021-12-15T09:01:55Z,PT46S,26998,147,0,58
vqUe5bI_p-o,UCPAxpUn1mrn14xU0JpsLhDg,Kompas.com,"Kesaksian Eliezer: Ferdy Sambo Bilang, ""Harus Dikasih Mati Anak Itu!""","Richard Eliezer atau Bharada E mengungkap bagaimana Ferdy Sambo memaparkan skenario pembunuhan Brigadir J atau Nofriansyah Yosua Hutabarat.

Kesaksian ini disampaikan Eliezer saat bersaksi di persidangan dengan terdakwa Kuat Maruf dan Ricky Rizal, Rabu (30/11/2022), di PN Jakarta Selatan.

Richard mengatakan, awalnya Ferdy Sambo menanyakan apakah dia mengetahui peristiwa yang terjadi di Magelang, Jawa Tengah. Eliezer mengaku tak mengetahuinya. Sambo kemudian memberi tahu bahwa istrinya, Putri Cancrawathi, dilecehkan Brigadir Yosua Hutabarat. 

Eliezer terkejut dan bertanya-tanya. Selanjutnya, Sambo terlihat emosional hingga mengatakan bahwa Yosua telah menghina harkat dan martabatnya sehingga harus mati.

Music: Airborne - Quincas Moreira

#BharadaE #Eliezer #BharadaEliezer #SidangSambo #PembunuhanBrigadirJ #jernihkanharapan #kompascom #shorts",2022-12-01T03:57:15Z,PT59S,26473,392,0,7
0eMa9TUsPKo,UCzl0OrB3-ehunyotIQvK77A,METRO TV ,Ferdy Sambo: Penyesalan Terbesar Dalam Diri Saya Atas Korban Yoshua #shorts,"MetroTV, Pada pembacaan nota pembelaan Selasa, (24/1/2023) Ferdy Sambo memberikan penyesalan yang mendalam atas peristiwa  yang menimpah Brigadir J dan penyesalan atas istrinya Putri Candrawathi yang ikut menjadi tersangka dalam kasus ini.

#Metrotv #topreviewmetrotv #ferdysambo #sidangsambo #shorts",2023-01-24T13:09:50Z,PT36S,26243,369,0,31
wE2rsUpN5vo,UCMzeVf1cGe6RSK0Olh8AVtw,GenPI co,Ferdy Sambo Bisa Bebas Bersyarat,,2022-09-01T11:48:59Z,PT50S,25517,177,0,28
7MhJBjvAMi8,UCdOovgmIPfj9a-o3VP5i2_g,MerdekaDotCom,Kata Kapolres Jaksel CCTV Dekat Rumah Irjen Ferdy Sambo Diganti Usai Ketua RT Murka,"MERDEKA.COM - Kapolres Metro Jakarta Selatan Kombes Budhi Herdi Susianto meluruskan pernyataan kabar CCTV dekat rumah Kadiv Propam Irjen Ferdy Sambo diganti

Pernyataan ini sekaligus menjawab kemarahan Seno Sukarto pensiunan jenderal yang juga Ketua RT di lingkungan Kompleks Polri lokasi rumah dinas Ferdy Sambo

Budhi menjelaskan pergantian dilakukan demi kepentingan penyidikan Dia juga meluruskan bahwa yang diganti tim penyidik adalah decoder CCTV yang ada di pos satpam

Menurutnya pergantian dekoder bertujuan agar CCTV di Kompleks Polri tetap bisa digunakan.

#news 
#jakarta 
#brigadirj 


----
#merdekadotcom

MORE VIDEOS: https://video.merdeka.com/

Produced by https://www.merdeka.com
KLN Apps ► http://www.kln.id/apps/

----
Youtube ► https://www.youtube.com/merdekacomvideonews
Vidio ► https://www.vidio.com/@merdeka
Twitter ► https://twitter.com/merdekadotcom
Facebook ► https://www.facebook.com/MDKcom
Telegram ► https://t.me/merdekacomnewsupdate",2022-07-14T15:38:28Z,PT1M45S,25009,76,0,142
jc77u9KcBOY,UCK6c4qk3hRaa6fMIEZrhiXQ,Tribun Timur,SHORT | Detik-detik Hakim Jatuhkan Vonis Mati ke Ferdy Sambo,"#tribuntimur #tribunviral #ferdysambo #shorts 

TRIBUN-TIMUR.COM - Terdakwa Ferdy Sambo menerima vonis dalam sidang pembunuhan Brigadir J pada Senin (13/2/2023).

Dalam kasus tersebut, Ferdy Sambo mendapatkan vonis hukuman mati pembunuhan Brigadir J.

Hakim meyakini motif dari pembunuhan tersebut adalah rasa sakit hati yang diderita oleh putri Candrawathi.

Ferdy Sambo diyakini hakim memang memerintahkan Bharada E untuk menembak korban.

Ferdy Sambo adalah dalang di balik kasus pembunuhan Brigadir J.

EKs Kadiv Propam tersebut juga terbukti melakukan skenario dalam kasus pembunuhan Brigadir J.

Dalam kasus ini, eks Kadiv Propam Polri dan istrinya itu menjadi terdakwa bersama dengan dua ajudannya, Richard Eliezer atau Bharada E dan Ricky Rizal atau Bripka RR. 

Selain itu, seorang asisten rumah tangga (ART) sekaligus sopir keluarga Ferdy Sambo, Kuat Ma’ruf juga turut menjadi terdakwa dalam kasus ini. 

Berdasarkan surat tuntutan jaksa, kelimanya dinilai terbukti secara sah dan meyakinkan bersalah melakukan tindak pidana pembunuhan terhadap Brigadir J yang direncanakan terlebih dahulu.

Mereka dinilai telah melanggar Pasal 340 Kitab Undang-Undang Hukum Pidana (KUHP) juncto Pasal 55 Ayat (1) ke 1 KUHP. 

Eks Kadiv Propam itu terlibat obstruction of justice atau perintangan penyidikan pengusutan kasus kematian Brigadir J.

Editor : Muhamad Asrul
Sumber : Tribunnews

(TRIBUN-TIMUR.COM)
Update info terkini via http://tribun-timur.com/

Follow akun Instagram http://bit.ly/IGTribunTimur
Follow akun Twitter http://bit.ly/twitterTribunTimur
Follow dan like fanpage Facebook http://bit.ly/FBTribunTimurMks
YouTube business inquiries: 081144407111",2023-02-13T08:47:31Z,PT59S,25019,533,0,55
caCblp16pEY,UCKII0Ml9S5wneKbHswmUrIQ,CNN Indonesia,Momen Ferdy Sambo Minta Maaf Usai Dipecat dari Kepolisian,Komisi kode etik Polri akhirnya memecat Irjen Ferdy Sambo dengan tidak hormat saat berdasarkan sidang etik yang digelar selama 18 jam di Mabes Polri Jumat Dinihari. Eks Kadiv Propam itu pun mengakui semua perbuatannya dan menyampaikan permohonan maaf. Berikut permintaan maaf Irjen Sambo yang disampaikan di depan komisi kode etik.,2022-08-26T06:18:45Z,PT2M9S,24522,125,0,59
NKdkan-gpCA,UC5BMIWZe9isJXLZZWPWvBlg,KOMPASTV,Ferdy Sambo Membenarkan Soal Penyelidikan Tambang Ilegal: Ada Surat Penyelidikannya!,"JAKARTA, KOMPAS.TV - Usai sidang Selasa (22/11/2022) kemarin, mantan Kadiv Propam Polri, Ferdy Sambo membenarkan adanya laporan penyelidikan tambang ilegal di Kalimantan Timur yang ia tangani saat masih menjabat sebagai Kadiv Propam Polri.

Untuk lebih jelasnya, Sambo meminta agar langsung menanyakan hal tersebut kepada pejabat yang berwenang karena sudah ada suratnya.

Kasus dugaan suap tambang ilegal ini mencuat setelah video pengakuan mantan polisi Ismail Bolong terkait adanya bisnis tambang batubara yang hasilnya disetorkan ke sejumlah petinggi Polri.

Baca Juga Saksi Ridwan Mengaku Jadi Korban ""Prank"" Skenario Sambo Terkait Pelecehan Yosua Terhadap PC di https://www.kompas.tv/article/351915/saksi-ridwan-mengaku-jadi-korban-prank-skenario-sambo-terkait-pelecehan-yosua-terhadap-pc


 

Artikel ini bisa dilihat di :  https://www.kompas.tv/article/351919/ferdy-sambo-membernarkan-soal-penyelidikan-tambang-ilegal-ada-surat-penyelidikannya",2022-11-24T06:35:29Z,PT2M21S,24447,181,0,63
53a4WODlK8c,UCkB-tL3qX-TmLOQiMPp-0yA,Katadata Indonesia,Perjalanan Karier Irjen Ferdy Sambo yang Mengungkap Sejumlah Kasus Besar | Katadata Indonesia,"Kapolri Jenderal Pol Listyo Sigit Prabowo mencopot jabatan Irjen Pol Ferdy Sambo sebagai Kepala Divisi Profesi dan Pengamanan (Kadiv Propam) Polri, berlaku mulai Senin (18/7) malam. Untuk sementara, tugas terkait profesi dan pengamanan ini akan diemban oleh Wakapolri Komisaris Jenderal Gatot Eddy Pramono.

Pemberhentian Ferdy Sambo dilakukan kepolisian untuk menjaga objektifitas penyidikan kasus penembakan Brigadir J yang juga membelit Istri Sambo.

""Ini terkait komitmen untuk menjaga objektifitas kami agar rangkaian proses penyidikan bisa berjalan baik,"" kata Sigit dalam konferensi pers di Mabes Polri, Jakarta, Senin (18/7).

Saat ini proses penyidikan dan pemeriksaan masih dilakukan oleh tim yang terdiri dari polisi, Komisi Polisi Nasional (Kompolnas), dan Komisi Nasional Hak Asasi Manusia (Komnas HAM). 

Sebelum dicopot dari jabatannya, Irjen Ferdy Sambo mencatatkan karir yang cemerlang di kepolisian sejak lulus dari Akademi Polisi pada 1994. Ia juga terlibat dalam pengungkapan kasus-kasus besar di tanah air. Simak profil Ferdy Sambo berikut ini.

======================================================

Mulai Sekarang #KalauBicaraPakaiData

Pantau dan Subscribe Katadata Indonesia.

Official Website : https://katadata.co.id/
Youtube              : https://www.youtube.com/c/KatadataIndonesia
Instagram           : https://www.instagram.com/katadatacoid
Facebook           : https://www.facebook.com/katadatacoid",2022-07-20T02:00:52Z,PT1M42S,24077,68,0,8
Ho42a1w6SG0,UCRdwWPjiCuG37GIsnt4breg,KOMPASTV MAKASSAR,Detik-Detik Ferdy Sambo Keceplosan Akui Tembak Punggung Brigadir Yosua #shorts #reels #fyp #sambo,"Detik-Detik Ferdy Sambo Keceplosan Akui Tembak Punggung Brigadir Yosua  selengkapnya di  https://youtu.be/qBVWVibupdI 
Dalam persidangan, Sambo keceplosan mengakui bahwa dirinya menembak punggung Yosua menggunakan senjata HS. Momen itu terjadi saat jaksa penuntut umum (JPU) menunjukkan barang bukti berupa senjata HS. Sambo pun terlihat gelisah sesaat setelah menjawab pertanyaan jaksa.",2022-12-10T12:52:02Z,PT57S,24435,239,0,17
OnZQoR4tBvY,UCK6c4qk3hRaa6fMIEZrhiXQ,Tribun Timur,Putri Ferdy Sambo Curhat Mulai Kesusahan,"#tribuntimur #viral #video #sambo #putricandrawathi 

(TRIBUN-TIMUR.COM) - Hampir setahun Ferdy Sambo dan Putri Candrawathi ditahan karena kasus pembunuhan, kabar terbaru datang dari putri pertamanya Trisha Eungelica.

Diketahui sejak kedua orangtuanya mendekam di penjara dan kini menunggu eksekusi, kehidupan yang dialami putra putri Ferdy Sambo sudah jauh berbeda.

Kemarin Tribrata Putra Sambo harus menjalani kelulusan sekolahnya di Taruna Nusantra tanpa kehadiran kedua orangtua.

Kini putri pertamanya mulai curhat kesusahan urusi rumah.

Trisha lantas mencurahkan hatinya soal kesusahan mengurus rumah dan adik-adiknya kini

Diakui Trisha dirinya tak memiliki banyak waktu lagi untuk dirinya sendiri.

Karena itu Trisha juga mengaku sempat beberapa kali kebingungan dalam mengurus rumah, terutama terkait bayar membayar tagihan rumah tangga.

Ia juga harus mengurusi kebutuhan orangtuanya selama di penjara

Editor Video : Ahmad Faiz Faqih
Narator : Wa Ode Nurmin
Update info terkini via http://tribun-timur.com/

Follow akun Instagram http://bit.ly/IGTribunTimur
Follow akun Twitter http://bit.ly/twitterTribunTimur
Follow dan like fanpage Facebook http://bit.ly/FBTribunTimurMks
YouTube business inquiries: 081144407111",2023-05-23T01:00:15Z,PT56S,24824,203,0,33
UMI0B12o1QU,UCdOovgmIPfj9a-o3VP5i2_g,MerdekaDotCom,Putri Candrawathi Istri Ferdy Sambo Dapat Remisi Natal 2023,"MERDEKA.COM - Kementerian Hukum dan Hak Asasi Manusia memberikan memberikan remisi kepada hampir 16 ribu narapidana dalam rangka Natal 2023.

Dari belasan ribu narapidana tersebut, Putri Candrawathi, istri dari terpidana Ferdy Sambo, salah satunya. Dia mendapat sati bulan potongan tahanan. 

Sementara itu, Ferdy Sambo sendiri tidak dapat remisi Natal 2023.

Keduanya merupakan narapidana kasus pembunuhan berencana terhadap Brigadir Novriansyah Yoshua Hutabarat alias Brigadir J yang tewas pada 8 Juli 2022 lalu. (angga/afida)

----
#merdekadotcom

MORE VIDEOS: https://video.merdeka.com/

Produced by https://www.merdeka.com
KLN Apps ► http://www.kln.id/apps/

----
Youtube ► https://www.youtube.com/merdekacomvideonews
Vidio ► https://www.vidio.com/@merdeka
WhatsApp Channel ►  https://whatsapp.com/channel/0029Va2aKxNAjPXQRpJGf70z
Twitter ► https://twitter.com/merdekadotcom
Facebook ► https://www.facebook.com/MDKcom
Telegram ► https://t.me/merdekacomnewsupdate",2023-12-26T09:00:16Z,PT1M48S,23159,60,0,50
bCllzhhEVtc,UC-ky0ON5vuB41a-BIHNhMuw,KOMPASTV SUKABUMI,[FULL] Isi Nota Pembelaan Ferdy Sambo Lawan Tuntutan Bui Seumur Hidup  Bantah Ada Rencana Pembunuhan,"JAKARTA, KOMPAS.TV -Terdakwa Ferdy Sambo bacakan nota pembelaan atau pleidoi di Pengadilan Negeri Jakarta Selatan pada Selasa (24/1/2023)

Sambo mengatakan awalnya pleidoi diberi judul Pembelaan yang sia-sia. Namun dirinya menjelaskan karena caci maki yang diterimanya, Sambo memberi judul Setitik Harapan dalam Ruang Sesak Pengadilan

Dalam pleidoinya Sambo curhat mengenai tuduhan yang ditunjukkan kepadanya.

Baca Juga Ferdy Sambo: Skenario Tembak-Menembak untuk Lindungi Eliezer di https://www.kompas.tv/article/371414/...

Sambo juga mengaku selama menjadi anggota Polri tidak ada terdakwa yang merasa tekanan sangat besar seperti yang dialaminya.

Dalam kesempatan itu, Sambo menjelaskan pembelaan bahwa tidak ada perencanaan sebelum memberi perintah kepada Richard Eliezer untuk membunuh Yosua.



Sahabat Kompas TV Sukabumi! Jangan lupa like, comment, dan subscribe channel YouTube Kompas TV Sukabumi, juga aktifkan lonceng notifikasi agar tidak ketinggalan update mengenai isu-isu terkini di Indonesia.

Jangan lewatkan live streaming Kompas TV 24 jam non stop di https://www.kompas.tv/live.

Sosial Media Kompas TV Sukabumi:
YouTube : https://www.youtube.com/c/KompasTVSukabumi/videos
Instagram : https://www.instagram.com/kompastvsukabumi
Facebook : https://www.facebook.com/redaksikompastvsukabumi
Twitter : @ktvsukabumi",2023-01-24T13:00:45Z,PT34M29S,22954,149,0,70
4SrnTwbHP_8,UCRdwWPjiCuG37GIsnt4breg,KOMPASTV MAKASSAR,Penampakan Ferdy Sambo Di Sidang Kode Etik.,,2022-08-25T04:03:30Z,PT19S,22145,177,0,24
q7M4G_TUutk,UC5BMIWZe9isJXLZZWPWvBlg,KOMPASTV,Sidang Komisi Banding Terkait Pemecatan Ferdy Sambo akan Dipimpin Perwira Tinggi Bintang 3,"JAKARTA, KOMPAS.TV - Polri sudah menyiapkan sidang komisi banding terkait pemecatan Irjen Ferdy Sambo.

Walaupun demikian, memori banding Ferdy Sambo belum juga diterima Polri.

""Untuk memori banding Irjen FS atau Saudara FS, belum diterima,"" kata Kadiv Humas Polri, Irjen Pol Dedi Prasetyo, Sabtu (3/9).

Baca Juga Hingga Saat Ini, Polri Belum Terima Memori Banding Pemecatan Ferdy Sambo di https://www.kompas.tv/article/324921/hingga-saat-ini-polri-belum-terima-memori-banding-pemecatan-ferdy-sambo

Meski begitu, lanjut Dedi, pihak Biro Wabprof telah berkomunikasi dengan Divkum Polri untuk menyiapkan sidang komisi banding.

""Namun demikian, dari pihak Wabprof sudah berkomunikasi dengan Divkum Polri, sudah mempersiapkan sidang komisi banding.""

Kata Dedi, nantinya sidang komisi banding tersebut akan dipimpin oleh perwira tinggi bintang tiga atau berpangkat Komjen.

""Sidang komisi banding ini akan dipimpin oleh Pati bintang tiga,"" ucapnya.

Lebih lanjut, dia menjelaskan, sesuai aturan, Ferdy Sambo mempunyai waktu selama 21 hari untuk menyampaikan memori banding tersebut.

Video Editor: Lintang

Artikel ini bisa dilihat di :  https://www.kompas.tv/article/324946/sidang-komisi-banding-terkait-pemecatan-ferdy-sambo-akan-dipimpin-perwira-tinggi-bintang-3",2022-09-03T06:08:29Z,PT1M38S,21841,82,0,32
75aHk1vHe5U,UCPAxpUn1mrn14xU0JpsLhDg,Kompas.com,"Menangis, Istri Ferdy Sambo: Saya Tulus Mencintai Suami Saya","Putri Candrawathi untuk pertama kalinya muncul di publik pada Minggu 7 Agustus 2022. Istri Irjen Ferdy Sambo tersebut mendatangi Mako Brimob bersama anak dan pengacara keluarganya. 

Putri bersama kuasa hukum keluarga bermaksud untuk bertemu Ferdy Sambo. Namun keinginannya tersebut ditolak karena Ferdy Sambo masih dalam proses pemeriksaan. 

Simak selengkapnya dalam video berikut. 

Penulis Naskah: Musayadah Khusnul Khotimah 
Video Editor: Musayadah Khusnul Khotimah 
Produser: Naufal Noorosa 

Song: Dawn of Man - Quincas Moreira 

#PutriCandrawathi #MakoBrimob #IstriFerdySambo #KasusBrigadirJ #FerdySambo #JernihkanHarapan",2022-08-07T14:39:42Z,PT1M48S,21832,70,0,221
IJHBdumbDXM,UCPAxpUn1mrn14xU0JpsLhDg,Kompas.com,Kompolnas Sebut Irjen Ferdy Sambo Terus Pantau Perkembangan Kasus Brigadir J,"Komisioner Kompolnas Yusuf Warsyim mengungkapkan kondisi terkini Irjen Ferdy Sambo pasca peristiwa baku tembak di rumahnya, kawasan Duren Tiga, Jumat (8/7/2022).

Yusuf mengatakan kondisi Sambo saat ini baik-baik saja dan terus memantau perkembangan kasus yang menewaskan ajudannya, Brigadir J.

Selain itu, Yusuf menyebut Kompolnas saat ini sudah masuk dalam tim khusus yang telah dibentuk Kapolri Jenderal Listyo Sigit Prabowo. Sehingga, proses penelusuran tewasnya Brigadir J akan dilakukan bersama-sama dengan tim tersebut.

Simak selengkapnya dalam video berikut.

Penulis: Nicholas Ryan Aditya
Video Jurnalis: Pramulya Sadewa, Syalutan Ilham
Penulis Naskah: Pramulya Sadewa
Video Editor: Pramulya Sadewa
Produser: Rose Komala Dewi

Musik: The Von Trapp Family Choir - Alge
#JernihkanHarapan #IrjenFerdySambo #BrigadirJ #BharadaE #Kompolnas",2022-07-29T02:40:22Z,PT1M44S,21565,96,0,103
I5wnz_AMvMY,UCJpdpj9hNhaYBRGusGv7CjQ,Tribun Jateng,Detik-detik Ferdy Sambo Divonis Hukuman Mati,Detik-detik Ferdy Sambo Divonis Hukuman Mati,2023-02-13T11:06:21Z,PT50S,22838,445,0,34
VDypPGCGdg0,UCB1fvlA5xmLJ0tZblpoTuaQ,VIVA.CO.ID,Bharada E Ngaku Siap Mati Saat Bongkar Rencana Ferdy Sambo,"VIVA - Kuasa hukum Bharada Richard Eliezer telah mendengar seluruh curahan hati kliennya tersebut. Bharada E dalam ceritanya mengaku siap mati saat memutuskan untuk menjadi Justice Collaborator. (RK-RN-DA) #VIVAnewsdaily

Baca berita terbaru, terkini dan terpopuler disini https://www.viva.co.id/",2022-08-11T12:17:53Z,PT1M50S,21285,210,0,62
Soww4vQCiss,UCu9g2ID__kol_6aqQJTn9kg,Tribun Pontianak,🔴 Masa Muda Ferdy Sambo dan Putri Candrawathi,"Potret kebersamaan Ferdy Sambo dan Putri Candrawathi Semasa Muda.

#ferdysambo #putricandrawathi #bharadae 

Simak berita selengkapnya di http://pontianak.tribunnews.com/
Simak Video Viral lainnya https://www.youtube.com/c/TribunSingkawang1

Follow us:

Instagram: https://www.instagram.com/tribunpontianak/
Facebook: https://www.facebook.com/TribunPontianakInteraktif/
Twitter: https://twitter.com/tribunpontianak
TikTok: tiktok.com/@tribunpontianak

Terima Kasih Telah Subscribe, Like, dan comment konten-konten menarik dari Kami.",2022-11-05T01:19:45Z,PT1M,21750,168,0,12
izXuxx4ElFM,UCu9g2ID__kol_6aqQJTn9kg,Tribun Pontianak,"🔴 Cinta Buta, Syarifah Ima Rela Ikut Ditembak Mati Bersama Ferdy Sambo, Mau Gantikan Suami PC","Syarifah Ima fans Ferdy Sambo kembali menjadi sorotan setelah vonis hukuman mati dijatuhkan.

Mengetahui vonis hukuman mati yang diberikan untuk Ferdy Sambo, Syarifah Ima mengaku sedih.

Bahkan Syarifah rela ikut ditembak mati bersama sang idola, Ferdy Sambo.

Tak pelak pengakuan Syarifah Ima yang cinta berat pada Ferdy Sambo ini jadi sorotan.

Diakui Syarifah Imah, Syarifah sangat mencintai Ferdy Sambo suami yang tak lain suami Putri Candrawathi

Sehingga hal tersebut membuat dirinya nekat ingin dihukum mati bersama Ferdy Sambo.

""Kalau Pak Sambo dihukum mati, aku mau dihukum mati juga,"" ujar Syarifah Ima, mengutip Tribun Sumsel.

#fanssambo #ferdysambo #sambo #vonissambo 

Simak berita selengkapnya di https://pontianak.tribunnews.com/2023/02/17/hasil-banding-ferdy-sambo-cs-dan-upaya-hukum-lepas-dari-jeratan-vonis-mati
Simak Video Viral lainnya https://www.youtube.com/c/TribunSingkawang1

Follow us:

Instagram: https://www.instagram.com/tribunpontianak/
Facebook: https://www.facebook.com/TribunPontianakInteraktif/
Twitter: https://twitter.com/tribunpontianak
TikTok: tiktok.com/@tribunpontianak

Terima Kasih Telah Subscribe, Like, dan comment konten-konten menarik dari Kami.",2023-02-18T06:20:30Z,PT54S,23170,199,0,42
3lm38mRR6ZQ,UCPAxpUn1mrn14xU0JpsLhDg,Kompas.com,"15 Menit Hakim di Rumah Ferdy Sambo, Cek CCTV dan TKP Penembakan","Hakim Ketua kasus pembunuhan berencana Nofriansyah Yosua Hutabarat atau Brigadir J menyambangi rumah dinas mantan Kepala Divisi Profesi dan Pengamanan (Kadiv Propam) Polri Ferdy Sambo.

Rumah yang berada di Kompleks Polri Duren Tiga Jakarta Selatan ini menjadi tempat kejadian perkara (TKP) penembakan Brigadir J.

Pada sidang yang digelar di Pengadilan Negeri Jakarta Selatan (PN Jaksel), Selasa (3/1/2023), jaksa penuntut umum (JPU) dan sejumlah penasihat hukum terdakwa perkara ini sependapat untuk mengecek TKP penembakan Brigadir J.

Pemeriksaan awal yakni dengan mengecek rumah dinas Ferdy Sambo yang tak jauh dari TKP penembakan yakni di Jalan Saguling, Jakarta Selatan.

Selengkapnya simak video berikut.

Penulis : Adhyasta Dirgantara
Penulis Naskah: Novyana Nurmita Dewi
Narator : Novyana Nurmita Dewi
Video Editor: Agung Setiawan
Produser: Yusuf Reza Permadi

#RumahDInasSambo #CCTVrumahsambo #JernihkanHarapan

Music: Getaway Powder - DJ Freedem",2023-01-05T03:08:25Z,PT2M39S,20933,134,0,50
iNO2qlcReTA,UCSV7FgMcSdOWxeSCYCD3UOA,Warta Kota Production,DPR RI 'Tendang' Hakim yang Vonis Mati Ferdy Sambo,"Download aplikasi berita TribunX di PlayStore atau AppStore untuk mendapatkan pengalaman baru.

=================

Alimin Ribut Sujono menjadi salah satu calon hakim Agung RI yang sudah masuk ke tahap Uji Kelayakan-Kepatutan di DPR RI. 

Dari 16 kandidat yang mengikuti proses tersebut, sosok Alimin Ribut disorot lantaran ditanya perihal hukuman mati mantan Kadiv Propam Polri Ferdy Sambo. 

Anggota DPR RI Benny K Harman dalam uji kelayakan dan kepatuhan sempat menyindir Alimin Ribut sebagai hakim yang memiliki kewenangan seperti Tuhan lantaran berani menjauhi vonis hukuman mati kepada Ferdy Sambo. 

“Pertanyaan saya simpel saja. Pak Alimin tadi bilang wakil Tuhan di dunia. Berarti bagaimana Pak Alimin begitu, bertemu dengan Tuhannya dan merasa benar menjatuhkan vonis mati? Seperti apa prosesnya?” cecar Benny saat uji kelayakan dan kepatuhan di DPR RI pada Senin (16/9/2025).

Pada Selasa (16/9/2025) Komisi DPR RI pun sudah mengeluarkan hasil dari uji kelayakan dan kepatutan. 

Hasilnya, Alimin Ribut tidak lolos sebagai calon hakim Mahkamah Agung (MA). 

Berikut nama 9 nama hakim agung dan 1 hakim ad hoc HAM yang lolos uji kelayakan dan kepatutan di DPR RI. 

Hakim agung:
- Heru Pramono, Hakim Agung kamar Perdata
- Budi Nugroho, Hakim Agung kamar TUN (khusus pajak)
- Hari Sugiharto, Hakim Agung kamar TUN
- Agustinus Purnomo Hadi, Hakim Agung kamar Militer
- Diana Malemita Ginting, Hakim Agung kamar TUN (khusus pajak)
- Lailatul Arofah, Hakim Agung kamar Agama
- Muhayah, Hakim Agung kamar Agama
- Ennid Hasanuddin, Hakim Agung kamar Perdata
- Suradi, Hakim Agung kamar Pidana

Berita Selengkapnya klik tautan di bawah ini :
https://wartakota.tribunnews.com/video

Program : 
Host : 
Ilustrasi: TV Parlemen
Laporan: Desy
Editor  : ABS
Uploader: ABS

#beritajakarta #beritaviral #wartakota",2025-09-16T11:03:14Z,PT2M6S,21934,141,0,218
JIyVboQZL5c,UCB1fvlA5xmLJ0tZblpoTuaQ,VIVA.CO.ID,Brimob Loreng Bersenjata Lengkap 'Kepung' Rumah Ferdy Sambo,"VIVA - Hari ini, Selasa 30 Agustus 2022 Polri akan menggelar rekonstruksi ulang pembunuhan tersebut di rumah dinas dan rumah pribadi Ferdy Sambo di kawasan Duren Tiga, Pancoran, Jakarta Selatan. Anggota Korps Brimob lengkap dengan senjata laras panjang dan atributnya berjaga-jaga di sekitar rumah pribadi Ferdy Sambo. (SF-MA-MI) #ferdysambo #VIVAnewsdaily

Baca berita terbaru, terkini dan terpopuler disini https://www.viva.co.id/",2022-08-30T04:30:29Z,PT2M24S,20522,110,0,107
yyzydotwWyE,UC5BMIWZe9isJXLZZWPWvBlg,KOMPASTV,"Menanti Vonis Sambo CS Pekan Depan, Ferdy Sambo dan Putri Candrawathi Akan Divonis di Hari yang Sama","JAKARTA, KOMPAS.TV - Sidang kasus pembunuhan berencana Yosua, akan memasuki babak akhir.

Lima terdakwa, Ferdy Sambo, Putri Candrawathi, Ricky Rizal, Kuat Maruf, dan Richard Eliezer, akan divonis.

Ferdy Sambo dan Putri Candrwathi, bakal menjalani sidang pembacaan vonis, pada hari ini Senin, 13 Februari 2023.

Dalam sidang pleidoi, Ferdy Sambo menyebut, ia marah, terkait kasus pelecehan istrinya di Magelang.

Sambo juga membantah keterangan Eliezer, bahwa skenario penembakan diceritakan sebelum tewasnya Yosua.

Sedangkan Putri Candrawathi, dalam pleidoinya kembali menegaskan, dirinya sebagai korban pelecehan seksual yang dilakukan Yosua, di Magelang.
 

Artikel ini bisa dilihat di :  https://www.kompas.tv/article/375321/menanti-vonis-sambo-cs-pekan-depan-ferdy-sambo-dan-putri-candrawathi-akan-divonis-di-hari-yang-sama",2023-02-06T00:55:30Z,PT2M23S,20416,56,0,38
IqTkcZ0duuM,UCB1fvlA5xmLJ0tZblpoTuaQ,VIVA.CO.ID,Profil Ketua Hakim Pemberi Vonis Hukuman Mati Ferdy Sambo,"VIVA - Ketua majelis hakim dalam sidang tuntutan terhadap terdakwa kasus pembunuhan berencana Nofriansyah Yosua Hutabarat atau Brigadir J, Ferdy Sambo menyedot atensi publik. Hal itu berkaitan dengan vonis mati yang diterima Sambo pada Senin, 13 Februari 2023. (RP-DRP-RN) #VIVAnewsdaily


Baca berita terbaru, terkini dan terpopuler disini https://www.viva.co.id/",2023-02-13T14:25:52Z,PT2M21S,20299,107,0,46
jrJJc29zXlg,UCSV7FgMcSdOWxeSCYCD3UOA,Warta Kota Production,Perbedaan Keterangan Antara Ferdy Sambo dan Bharada E Saat Rekontruksi,#BharadaE #BrigadirJ #Sambo #shorts,2022-08-31T11:52:46Z,PT1M,19832,117,0,9
dMnYOkVfZ6c,UCovqoUzPm9_s6mMt9OiWKpA,Harian Kompas,"Mengingat Kasus Ferdy Sambo, Rusak dan Manipulasi CCTV Untuk Hilangkan Barang Bukti","Kasus kematian Afif Maulana menjadi sorotan. Salah satunya lantaran rekaman CCTV di Polsek Kuranji, Padang, Sumatera Barat, sudah terhapus. Padahal, data itu dibutuhkan untuk mengungkap tabir kematian bocah berusia 13 tahun ini. Keraguan warga pun muncul. Pasalnya ini bukan pertama kalinya rekaman kamera pengawas hilang, rusak, atau bahkan dimanipulasi saat kasus sedang berjalan. Pertanyaannya mengapa hal ini terus berulang?

#afifmaulana 
#ferdysambo 
#cctv",2024-07-03T10:30:24Z,PT38S,24258,223,0,1
2HoquhQ1LNU,UC5BMIWZe9isJXLZZWPWvBlg,KOMPASTV,Arif Rachman Menangis saat Cerita Betapa Takut Dirinya pada Ferdy Sambo,"JAKARTA, KOMPAS.TV - Sidang kasus perintangan penyidikan pembunuhan Brigadir Yosua kembali digelar dengan pemeriksaan terdakwa Arif Rachman Arifin, kemarin (13/01/23).

Di sidang perintangan penyidikan kasus Yosua terdakwa Arif Rachman Arifin mengaku, takut bahkan hingga menangis saat bercerita betapa takut dirinya kepada Ferdy Sambo.

Baca Juga Psikologi Forensik Sangsi Putri Candrawathi Jadi Korban Pelecehan Seksual Yosua di https://www.kompas.tv/article/367665/psikologi-forensik-sangsi-putri-candrawathi-jadi-korban-pelecehan-seksual-yosua

Awalnya pengacara Arif Rachman menanyakan alasan kliennya tidak menceritakan apa yang ia lihat dalam rekaman CCTV, yakni saat Brigadir Yosua masih hidup dan Ferdy Sambo tiba di TKP Duren Tiga.

Arif pun mengaku takut kepada Ferdy Sambo jika ia berbicara yang sejujurnya. Bahkan keluarga Arif pun takut saat pernyataan Arif di persidangan berbeda dengan Ferdy Sambo.

Artikel ini bisa dilihat di :  https://www.kompas.tv/article/367965/arif-rachman-menangis-saat-cerita-betapa-takut-dirinya-pada-ferdy-sambo",2023-01-14T01:35:25Z,PT1M59S,19710,81,0,20
TVlJ1TONjrg,UCtvpoTEsRrpBaNmj6jy9J9g,SEA Today News,"Residents, Police Witness Ferdy Sambo’s Trial Through Screen","Warga antusias menyaksikan Sidang Pertama kasus Brigjen Yosua melalui layar monitor, Senin (17/10). Personel polisi dikerahkan untuk menjaga keamanan di sekitar lokasi juga berkumpul untuk menyaksikan persidangan.

______

Residents were enthusiastic to watch the first trial of Brigadier Yosua's case through a monitor screen, Monday (10/17). Police personnel who were dispatched to ensure safety around the area also gathered to watch the trial.

#SEAToday #SEATodayNews #BrigadierYosua #FerdySambo

You can watch SEA Today on IndiHome Interactive TV, Usee TV GO app, www.useetv.com, Maxstream app, SEA Today app, YouTube SEA Today News, and website www.seatoday.com, vidio.com, MyRepublic service, and Mola TV

Don't forget to subscribe, leave comments and share this video
https://www.youtube.com/SEATodayNews

Stay connected  - follow us on all our social media platforms! 
https://www.instagram.com/seatodaynews/
https://twitter.com/seatodaynews 
https://www.facebook.com/seatodaynews",2022-10-19T14:37:47Z,PT1M24S,19064,16,0,3
H3lyKomlJo8,UCzl0OrB3-ehunyotIQvK77A,METRO TV ,Momen JPU 'Olok-Olok' Kuasa Hukum Ferdy Sambo #shorts,"MetroTV, Momen jaksa penuntut umum dengan kuasa hukum Ferdy Sambo saling lempar argumen di persidangan pengadilan negeri Jakarta Selatan, Kamis (02/02/2023). Jaksa menilai kuasa hukum Ferdy Sambo tidak profesional dan bersekongkol mengungkapkan hal yang tak jujur di persidangan replik dan duplik Ferdy Sambo.


#Metrotv #topreviewmetrotv #ferdysambo #sidangsambo  #metrohariini",2023-02-02T15:26:12Z,PT50S,18963,312,0,21
LWbpMfbK3Wg,UCB1fvlA5xmLJ0tZblpoTuaQ,VIVA.CO.ID,Ferdy Sambo Divonis Hukuman Mati,"VIVA - Majelis hakim Pengadilan Negeri Jakarta Selatan (PN Jaksel) menjatuhkan hukuman mati terhadap mantan Kadiv Propam Polri, Ferdy Sambo karena terbukti bersalah melakukan pembunuhan berencana terhadap Brigadir J atau Brigadir Nofriansyah Yosua Hutabarat. (RP-DRP) 

Baca berita terbaru, terkini dan terpopuler disini https://www.viva.co.id/",2023-02-13T08:47:34Z,PT2M21S,18734,195,0,122
e5ZOy87wCQM,UCSV7FgMcSdOWxeSCYCD3UOA,Warta Kota Production,Keluarga Ferdy Sambo Sesalkan Pemakaman Pakai Cara Kedinasan,"Keluarga Ferdy Sambo mengomentari pemakaman ulang Brigadir J seusai dilakukan autopsi.

Pihaknya mengaku menyesalkan pemakaman Brigadir J dilakukan dengan cara kedinasan.

Dikutip dari tribunnews.com, Hal ini diungkapkan oleh kuasa hukum istri Irjen Ferdy SamboPutri Chandrawati, Arman Hanis.

Menurutnya, Brigadir J meninggal dunia lantaran masih berstatus terlapor dugaan pelecehan seksual terhadap Putri Chandrawati.

#brigadirJ #dugaan #pemakaman #sesalkan #pemakaman

Berita Selengkapnya klik tautan di bawah ini :
https://wartakota.tribunnews.com/video

laporan: Vicky Uswatun Hasanah
Sumber Tribun News
Editor Video: Bima Nugroho",2022-07-28T11:47:24Z,PT59S,18552,131,0,9
dl7hJU2jut0,UCwFc1bMj5KFxX8BJ1wBRuzw,Tribun MedanTV,"NASIB Baik Istri Ferdy Sambo, Putri Candrawathi Dapat Remisi Penjara 1 Bulan","TRIBUN-MEDAN.COM - Istri Ferdy Sambo, Putri Candrawathi mendapat remisi atau potongan hukuman penjara selama 1 bulan di natal tahun ini.

Seperti diketahui, Putri Candrawathi merupakan terpidana kasus pembunuhan berencana Brigadir Novriansyah Yosua Hutabarat.

Saat ini, istri Ferdy Sambo itu menjalani hukuman 10 tahun penjara di Lapas Kelas II A Tangerang.

Putri mendapat remisi natal karena dianggap memenuhi syarat oleh pihak lapas. 

Bergabung dengan channel ini untuk mendapatkan akses ke berbagai keuntungan:
https://www.youtube.com/channel/UCwFc1bMj5KFxX8BJ1wBRuzw/join",2023-12-27T05:21:03Z,PT59S,19125,164,0,59
ivRdWKJBHMI,UCSV7FgMcSdOWxeSCYCD3UOA,Warta Kota Production,Saat JPU Tertawa Usai Video CCTV Ferdy Sambo Diulang dalam Sidang Pembunuhan Brigadir J,"Saat JPU Tertawa Usai Video CCTV Ferdy Sambo Diulang dalam Sidang Pembunuhan Brigadir J
#shorts 
https://wartakota.tribunnews.com/2022/12/21/eliezer-konsisten-sebut-banyak-bukti-rekaman-cctv-di-rumah-ferdy-sambo

WARTAKOTALIVE.COM, JAKARTA -- Jaksa Penuntut Umum (JPU) mendadak meminta ahli digital forensik untuk mengulang video rekaman CCTV Ferdy Sambo. 

Jaksa juga meminta agar video diperlambat dan diperbesar. 

Ahli digital forensik kemudian melakukan permintaan tersebut. 

Video rekaman CCTV terlihat diulang dan diperlambat serta diperbesar. 

Tampak ahli yang datang sebagai saksi di sidang pada Selasa (20/12/2022) memperbesar bagian tangan Ferdy Sambo. 

Jaksa Penuntut Umum justru tertawa saat video tersebut diulang. 

Namun masih belum diketahui penyebab para jaksa tertawa. (Tribun-Video.com)

#sambo #putricandrawathi #bharadae #kuatmaruf #brigadiryosua #rickyrizal #sidang #cctv #pnjaksel #pengadilan  #hendrakurniawan #HENDRA #brigadirj #sambo #ferdysambo #brigadirjoshua

Sumber: Tribunnews
Editor Video: udinudin",2022-12-21T04:42:24Z,PT1M,19324,109,0,12
TAGLbxKJ_0w,UCB1fvlA5xmLJ0tZblpoTuaQ,VIVA.CO.ID,"Banding Diacuhkan, Ferdy Sambo Gigit Jari Tetap Dihukum Mati","VIVA - Mantan Kadiv Propam Ferdy Sambo mengajukan banding setelah divonis hukuman mati kasus pembunuhan berencana Brigadir J. Pengadilan Tinggi (PT) DKI Jakarta menguatkan hukuman mati yang dijatuhkan Pengadilan Negeri (PN) Jakarta Selatan.

Hal ini disampaikan Ketua Majelis Hakim Singgih Budi Prakoso dalam persidangan di PT DKI Jakarta, Rabu 12 April 2023. Hakim menilai unsur sengaja, saksi hingga alat bukti sudah cukup untuk vonis tersebut. (RP-MA-DA)

Baca berita terbaru, terkini dan terpopuler disini https://www.viva.co.id/",2023-04-12T09:30:10Z,PT2M57S,18399,208,0,65
g1b0J-lVD6g,UCB1fvlA5xmLJ0tZblpoTuaQ,VIVA.CO.ID,"Usai Dipecat, Begini Ekspresi Ferdy Sambo Keluar dari Ruangan Sidang","VIVA - Terlihat Ferdy Sambo keluar dari ruangan sidang. Ferdy Sambo masih tampak mengenakan seragam dinas Polri. Ferdy Sambo keluar dikawal dengan beberapa anggota kepolisian hingga anggota Brimob loreng bersenjata lengkap. (ST-RN-MI) #ferdysambo #VIVAnewsdaily

Baca berita terbaru, terkini dan terpopuler disini https://www.viva.co.id/",2022-08-26T07:15:01Z,PT1M41S,18259,184,0,78
vzJK07sJujY,UCxZYOJPkYCwww12GMsdcIbw,voidotid,"Saat Sidang Etik Ferdy Sambo, Anggota Brimob Bentak Wartawan #shorts","Momen sidang kode etik Irjen Ferdy Sambo diiringi aksi marah-marah seorang anggota Brimob berpakaian loreng hijau. Kejadian itu berlangsung di Gedung Transnational Crime Center, Mabes Polri, Jalan Trunojoyo, Jakarta Selatan, Kamis (25/8). Aksi anggota Brimob itu tepat di depan ruang sidang kode etik ketika awak media telah menunggu kedatangan Irjen Ferdy Sambo. 
Dengan memakai masker, lengkap dengan kacamata hitam, anggota Brimob itu menunjuk para wartawan sembari membentak. Simak videonya berikut ini.

Baca Berita di:
https://voi.id/berita/204285/anggota-brimob-bentak-wartawan-saat-sidang-etik-ferdy-sambo-jenderal-bintang-1-dan-2-polri-ikut-terdiam

#ferdysambo #irjenferdysambo #brimob 

Selamat bergabung bersama VOI. Waktunya merevolusi pemberitaan. Ikuti kami!

Baca berita selengkapnya di https://voi.id/

Follow akun official kami di:
Instagram: https://www.instagram.com/voidotid/
Twitter: https://twitter.com/voidotid
Facebook: https://www.facebook.com/Voindonesia/",2022-08-26T08:00:31Z,PT43S,18848,212,0,52
OM7DzUacJNM,UCPhWauyGmombVZb5VRp4wLA,tribunjabar video,"Kombes Hari Nugroho Jadi Atasan Baru Irjen Ferdy Sambo, Pernah Ungkap 45 Kejahatan Dalam Sepekan","Buntut kasus tewasnya Brigadir J beberapa waktu lalu membuat Irjen Ferdy Sambo dicopot dari jabatan Kadiv Propam Polri dan kini dimutasi ke Yanma Polri. Kini ia menjadi anak buah dari Kayanma Polri Kombes Hari Nugroho yang memiliki karir cemerlang. Kombes Hari disebut pernah mengungkap 45 kasus kejahatan dalam seminggu. 

Host: Ratu Sejati | Video Editor: Oki Priyana

MEDIA SOCIAL & WEB Official 
Website  : https://jabar.tribunnews.com/ 
Instagram : https://www.instagram.com/tribunjabar
Twitter  : https://twitter.com/tribunjabar
Facebook : https://www.facebook.com/tribunjabar

#tribunjabarvideo  #kombesharinugrohojadiatasanbaruirjenferdysambo  #pernahungkap45kasuskejahatandalamsepekan",2022-08-06T06:36:19Z,PT1M,18186,183,0,3
izXuxx4ElFM,UCu9g2ID__kol_6aqQJTn9kg,Tribun Pontianak,"🔴 Cinta Buta, Syarifah Ima Rela Ikut Ditembak Mati Bersama Ferdy Sambo, Mau Gantikan Suami PC","Syarifah Ima fans Ferdy Sambo kembali menjadi sorotan setelah vonis hukuman mati dijatuhkan.

Mengetahui vonis hukuman mati yang diberikan untuk Ferdy Sambo, Syarifah Ima mengaku sedih.

Bahkan Syarifah rela ikut ditembak mati bersama sang idola, Ferdy Sambo.

Tak pelak pengakuan Syarifah Ima yang cinta berat pada Ferdy Sambo ini jadi sorotan.

Diakui Syarifah Imah, Syarifah sangat mencintai Ferdy Sambo suami yang tak lain suami Putri Candrawathi

Sehingga hal tersebut membuat dirinya nekat ingin dihukum mati bersama Ferdy Sambo.

""Kalau Pak Sambo dihukum mati, aku mau dihukum mati juga,"" ujar Syarifah Ima, mengutip Tribun Sumsel.

#fanssambo #ferdysambo #sambo #vonissambo 

Simak berita selengkapnya di https://pontianak.tribunnews.com/2023/02/17/hasil-banding-ferdy-sambo-cs-dan-upaya-hukum-lepas-dari-jeratan-vonis-mati
Simak Video Viral lainnya https://www.youtube.com/c/TribunSingkawang1

Follow us:

Instagram: https://www.instagram.com/tribunpontianak/
Facebook: https://www.facebook.com/TribunPontianakInteraktif/
Twitter: https://twitter.com/tribunpontianak
TikTok: tiktok.com/@tribunpontianak

Terima Kasih Telah Subscribe, Like, dan comment konten-konten menarik dari Kami.",2023-02-18T06:20:30Z,PT54S,23170,199,0,42
3lm38mRR6ZQ,UCPAxpUn1mrn14xU0JpsLhDg,Kompas.com,"15 Menit Hakim di Rumah Ferdy Sambo, Cek CCTV dan TKP Penembakan","Hakim Ketua kasus pembunuhan berencana Nofriansyah Yosua Hutabarat atau Brigadir J menyambangi rumah dinas mantan Kepala Divisi Profesi dan Pengamanan (Kadiv Propam) Polri Ferdy Sambo.

Rumah yang berada di Kompleks Polri Duren Tiga Jakarta Selatan ini menjadi tempat kejadian perkara (TKP) penembakan Brigadir J.

Pada sidang yang digelar di Pengadilan Negeri Jakarta Selatan (PN Jaksel), Selasa (3/1/2023), jaksa penuntut umum (JPU) dan sejumlah penasihat hukum terdakwa perkara ini sependapat untuk mengecek TKP penembakan Brigadir J.

Pemeriksaan awal yakni dengan mengecek rumah dinas Ferdy Sambo yang tak jauh dari TKP penembakan yakni di Jalan Saguling, Jakarta Selatan.

Selengkapnya simak video berikut.

Penulis : Adhyasta Dirgantara
Penulis Naskah: Novyana Nurmita Dewi
Narator : Novyana Nurmita Dewi
Video Editor: Agung Setiawan
Produser: Yusuf Reza Permadi

#RumahDInasSambo #CCTVrumahsambo #JernihkanHarapan

Music: Getaway Powder - DJ Freedem",2023-01-05T03:08:25Z,PT2M39S,20933,134,0,50
iNO2qlcReTA,UCSV7FgMcSdOWxeSCYCD3UOA,Warta Kota Production,DPR RI 'Tendang' Hakim yang Vonis Mati Ferdy Sambo,"Download aplikasi berita TribunX di PlayStore atau AppStore untuk mendapatkan pengalaman baru.

=================

Alimin Ribut Sujono menjadi salah satu calon hakim Agung RI yang sudah masuk ke tahap Uji Kelayakan-Kepatutan di DPR RI. 

Dari 16 kandidat yang mengikuti proses tersebut, sosok Alimin Ribut disorot lantaran ditanya perihal hukuman mati mantan Kadiv Propam Polri Ferdy Sambo. 

Anggota DPR RI Benny K Harman dalam uji kelayakan dan kepatuhan sempat menyindir Alimin Ribut sebagai hakim yang memiliki kewenangan seperti Tuhan lantaran berani menjauhi vonis hukuman mati kepada Ferdy Sambo. 

“Pertanyaan saya simpel saja. Pak Alimin tadi bilang wakil Tuhan di dunia. Berarti bagaimana Pak Alimin begitu, bertemu dengan Tuhannya dan merasa benar menjatuhkan vonis mati? Seperti apa prosesnya?” cecar Benny saat uji kelayakan dan kepatuhan di DPR RI pada Senin (16/9/2025).

Pada Selasa (16/9/2025) Komisi DPR RI pun sudah mengeluarkan hasil dari uji kelayakan dan kepatutan. 

Hasilnya, Alimin Ribut tidak lolos sebagai calon hakim Mahkamah Agung (MA). 

Berikut nama 9 nama hakim agung dan 1 hakim ad hoc HAM yang lolos uji kelayakan dan kepatutan di DPR RI. 

Hakim agung:
- Heru Pramono, Hakim Agung kamar Perdata
- Budi Nugroho, Hakim Agung kamar TUN (khusus pajak)
- Hari Sugiharto, Hakim Agung kamar TUN
- Agustinus Purnomo Hadi, Hakim Agung kamar Militer
- Diana Malemita Ginting, Hakim Agung kamar TUN (khusus pajak)
- Lailatul Arofah, Hakim Agung kamar Agama
- Muhayah, Hakim Agung kamar Agama
- Ennid Hasanuddin, Hakim Agung kamar Perdata
- Suradi, Hakim Agung kamar Pidana

Berita Selengkapnya klik tautan di bawah ini :
https://wartakota.tribunnews.com/video

Program : 
Host : 
Ilustrasi: TV Parlemen
Laporan: Desy
Editor  : ABS
Uploader: ABS

#beritajakarta #beritaviral #wartakota",2025-09-16T11:03:14Z,PT2M6S,21934,141,0,218
JIyVboQZL5c,UCB1fvlA5xmLJ0tZblpoTuaQ,VIVA.CO.ID,Brimob Loreng Bersenjata Lengkap 'Kepung' Rumah Ferdy Sambo,"VIVA - Hari ini, Selasa 30 Agustus 2022 Polri akan menggelar rekonstruksi ulang pembunuhan tersebut di rumah dinas dan rumah pribadi Ferdy Sambo di kawasan Duren Tiga, Pancoran, Jakarta Selatan. Anggota Korps Brimob lengkap dengan senjata laras panjang dan atributnya berjaga-jaga di sekitar rumah pribadi Ferdy Sambo. (SF-MA-MI) #ferdysambo #VIVAnewsdaily

Baca berita terbaru, terkini dan terpopuler disini https://www.viva.co.id/",2022-08-30T04:30:29Z,PT2M24S,20522,110,0,107
yyzydotwWyE,UC5BMIWZe9isJXLZZWPWvBlg,KOMPASTV,"Menanti Vonis Sambo CS Pekan Depan, Ferdy Sambo dan Putri Candrawathi Akan Divonis di Hari yang Sama","JAKARTA, KOMPAS.TV - Sidang kasus pembunuhan berencana Yosua, akan memasuki babak akhir.

Lima terdakwa, Ferdy Sambo, Putri Candrawathi, Ricky Rizal, Kuat Maruf, dan Richard Eliezer, akan divonis.

Ferdy Sambo dan Putri Candrwathi, bakal menjalani sidang pembacaan vonis, pada hari ini Senin, 13 Februari 2023.

Dalam sidang pleidoi, Ferdy Sambo menyebut, ia marah, terkait kasus pelecehan istrinya di Magelang.

Sambo juga membantah keterangan Eliezer, bahwa skenario penembakan diceritakan sebelum tewasnya Yosua.

Sedangkan Putri Candrawathi, dalam pleidoinya kembali menegaskan, dirinya sebagai korban pelecehan seksual yang dilakukan Yosua, di Magelang.
 

Artikel ini bisa dilihat di :  https://www.kompas.tv/article/375321/menanti-vonis-sambo-cs-pekan-depan-ferdy-sambo-dan-putri-candrawathi-akan-divonis-di-hari-yang-sama",2023-02-06T00:55:30Z,PT2M23S,20416,56,0,38
IqTkcZ0duuM,UCB1fvlA5xmLJ0tZblpoTuaQ,VIVA.CO.ID,Profil Ketua Hakim Pemberi Vonis Hukuman Mati Ferdy Sambo,"VIVA - Ketua majelis hakim dalam sidang tuntutan terhadap terdakwa kasus pembunuhan berencana Nofriansyah Yosua Hutabarat atau Brigadir J, Ferdy Sambo menyedot atensi publik. Hal itu berkaitan dengan vonis mati yang diterima Sambo pada Senin, 13 Februari 2023. (RP-DRP-RN) #VIVAnewsdaily


Baca berita terbaru, terkini dan terpopuler disini https://www.viva.co.id/",2023-02-13T14:25:52Z,PT2M21S,20299,107,0,46
jrJJc29zXlg,UCSV7FgMcSdOWxeSCYCD3UOA,Warta Kota Production,Perbedaan Keterangan Antara Ferdy Sambo dan Bharada E Saat Rekontruksi,#BharadaE #BrigadirJ #Sambo #shorts,2022-08-31T11:52:46Z,PT1M,19832,117,0,9
dMnYOkVfZ6c,UCovqoUzPm9_s6mMt9OiWKpA,Harian Kompas,"Mengingat Kasus Ferdy Sambo, Rusak dan Manipulasi CCTV Untuk Hilangkan Barang Bukti","Kasus kematian Afif Maulana menjadi sorotan. Salah satunya lantaran rekaman CCTV di Polsek Kuranji, Padang, Sumatera Barat, sudah terhapus. Padahal, data itu dibutuhkan untuk mengungkap tabir kematian bocah berusia 13 tahun ini. Keraguan warga pun muncul. Pasalnya ini bukan pertama kalinya rekaman kamera pengawas hilang, rusak, atau bahkan dimanipulasi saat kasus sedang berjalan. Pertanyaannya mengapa hal ini terus berulang?

#afifmaulana 
#ferdysambo 
#cctv",2024-07-03T10:30:24Z,PT38S,24258,223,0,1
2HoquhQ1LNU,UC5BMIWZe9isJXLZZWPWvBlg,KOMPASTV,Arif Rachman Menangis saat Cerita Betapa Takut Dirinya pada Ferdy Sambo,"JAKARTA, KOMPAS.TV - Sidang kasus perintangan penyidikan pembunuhan Brigadir Yosua kembali digelar dengan pemeriksaan terdakwa Arif Rachman Arifin, kemarin (13/01/23).

Di sidang perintangan penyidikan kasus Yosua terdakwa Arif Rachman Arifin mengaku, takut bahkan hingga menangis saat bercerita betapa takut dirinya kepada Ferdy Sambo.

Baca Juga Psikologi Forensik Sangsi Putri Candrawathi Jadi Korban Pelecehan Seksual Yosua di https://www.kompas.tv/article/367665/psikologi-forensik-sangsi-putri-candrawathi-jadi-korban-pelecehan-seksual-yosua

Awalnya pengacara Arif Rachman menanyakan alasan kliennya tidak menceritakan apa yang ia lihat dalam rekaman CCTV, yakni saat Brigadir Yosua masih hidup dan Ferdy Sambo tiba di TKP Duren Tiga.

Arif pun mengaku takut kepada Ferdy Sambo jika ia berbicara yang sejujurnya. Bahkan keluarga Arif pun takut saat pernyataan Arif di persidangan berbeda dengan Ferdy Sambo.

Artikel ini bisa dilihat di :  https://www.kompas.tv/article/367965/arif-rachman-menangis-saat-cerita-betapa-takut-dirinya-pada-ferdy-sambo",2023-01-14T01:35:25Z,PT1M59S,19710,81,0,20
TVlJ1TONjrg,UCtvpoTEsRrpBaNmj6jy9J9g,SEA Today News,"Residents, Police Witness Ferdy Sambo’s Trial Through Screen","Warga antusias menyaksikan Sidang Pertama kasus Brigjen Yosua melalui layar monitor, Senin (17/10). Personel polisi dikerahkan untuk menjaga keamanan di sekitar lokasi juga berkumpul untuk menyaksikan persidangan.

______

Residents were enthusiastic to watch the first trial of Brigadier Yosua's case through a monitor screen, Monday (10/17). Police personnel who were dispatched to ensure safety around the area also gathered to watch the trial.

#SEAToday #SEATodayNews #BrigadierYosua #FerdySambo

You can watch SEA Today on IndiHome Interactive TV, Usee TV GO app, www.useetv.com, Maxstream app, SEA Today app, YouTube SEA Today News, and website www.seatoday.com, vidio.com, MyRepublic service, and Mola TV

Don't forget to subscribe, leave comments and share this video
https://www.youtube.com/SEATodayNews

Stay connected  - follow us on all our social media platforms! 
https://www.instagram.com/seatodaynews/
https://twitter.com/seatodaynews 
https://www.facebook.com/seatodaynews",2022-10-19T14:37:47Z,PT1M24S,19064,16,0,3
H3lyKomlJo8,UCzl0OrB3-ehunyotIQvK77A,METRO TV ,Momen JPU 'Olok-Olok' Kuasa Hukum Ferdy Sambo #shorts,"MetroTV, Momen jaksa penuntut umum dengan kuasa hukum Ferdy Sambo saling lempar argumen di persidangan pengadilan negeri Jakarta Selatan, Kamis (02/02/2023). Jaksa menilai kuasa hukum Ferdy Sambo tidak profesional dan bersekongkol mengungkapkan hal yang tak jujur di persidangan replik dan duplik Ferdy Sambo.


#Metrotv #topreviewmetrotv #ferdysambo #sidangsambo  #metrohariini",2023-02-02T15:26:12Z,PT50S,18963,312,0,21
LWbpMfbK3Wg,UCB1fvlA5xmLJ0tZblpoTuaQ,VIVA.CO.ID,Ferdy Sambo Divonis Hukuman Mati,"VIVA - Majelis hakim Pengadilan Negeri Jakarta Selatan (PN Jaksel) menjatuhkan hukuman mati terhadap mantan Kadiv Propam Polri, Ferdy Sambo karena terbukti bersalah melakukan pembunuhan berencana terhadap Brigadir J atau Brigadir Nofriansyah Yosua Hutabarat. (RP-DRP) 

Baca berita terbaru, terkini dan terpopuler disini https://www.viva.co.id/",2023-02-13T08:47:34Z,PT2M21S,18734,195,0,122
e5ZOy87wCQM,UCSV7FgMcSdOWxeSCYCD3UOA,Warta Kota Production,Keluarga Ferdy Sambo Sesalkan Pemakaman Pakai Cara Kedinasan,"Keluarga Ferdy Sambo mengomentari pemakaman ulang Brigadir J seusai dilakukan autopsi.

Pihaknya mengaku menyesalkan pemakaman Brigadir J dilakukan dengan cara kedinasan.

Dikutip dari tribunnews.com, Hal ini diungkapkan oleh kuasa hukum istri Irjen Ferdy SamboPutri Chandrawati, Arman Hanis.

Menurutnya, Brigadir J meninggal dunia lantaran masih berstatus terlapor dugaan pelecehan seksual terhadap Putri Chandrawati.

#brigadirJ #dugaan #pemakaman #sesalkan #pemakaman

Berita Selengkapnya klik tautan di bawah ini :
https://wartakota.tribunnews.com/video

laporan: Vicky Uswatun Hasanah
Sumber Tribun News
Editor Video: Bima Nugroho",2022-07-28T11:47:24Z,PT59S,18552,131,0,9
dl7hJU2jut0,UCwFc1bMj5KFxX8BJ1wBRuzw,Tribun MedanTV,"NASIB Baik Istri Ferdy Sambo, Putri Candrawathi Dapat Remisi Penjara 1 Bulan","TRIBUN-MEDAN.COM - Istri Ferdy Sambo, Putri Candrawathi mendapat remisi atau potongan hukuman penjara selama 1 bulan di natal tahun ini.

Seperti diketahui, Putri Candrawathi merupakan terpidana kasus pembunuhan berencana Brigadir Novriansyah Yosua Hutabarat.

Saat ini, istri Ferdy Sambo itu menjalani hukuman 10 tahun penjara di Lapas Kelas II A Tangerang.

Putri mendapat remisi natal karena dianggap memenuhi syarat oleh pihak lapas. 

Bergabung dengan channel ini untuk mendapatkan akses ke berbagai keuntungan:
https://www.youtube.com/channel/UCwFc1bMj5KFxX8BJ1wBRuzw/join",2023-12-27T05:21:03Z,PT59S,19125,164,0,59
ivRdWKJBHMI,UCSV7FgMcSdOWxeSCYCD3UOA,Warta Kota Production,Saat JPU Tertawa Usai Video CCTV Ferdy Sambo Diulang dalam Sidang Pembunuhan Brigadir J,"Saat JPU Tertawa Usai Video CCTV Ferdy Sambo Diulang dalam Sidang Pembunuhan Brigadir J
#shorts 
https://wartakota.tribunnews.com/2022/12/21/eliezer-konsisten-sebut-banyak-bukti-rekaman-cctv-di-rumah-ferdy-sambo

WARTAKOTALIVE.COM, JAKARTA -- Jaksa Penuntut Umum (JPU) mendadak meminta ahli digital forensik untuk mengulang video rekaman CCTV Ferdy Sambo. 

Jaksa juga meminta agar video diperlambat dan diperbesar. 

Ahli digital forensik kemudian melakukan permintaan tersebut. 

Video rekaman CCTV terlihat diulang dan diperlambat serta diperbesar. 

Tampak ahli yang datang sebagai saksi di sidang pada Selasa (20/12/2022) memperbesar bagian tangan Ferdy Sambo. 

Jaksa Penuntut Umum justru tertawa saat video tersebut diulang. 

Namun masih belum diketahui penyebab para jaksa tertawa. (Tribun-Video.com)

#sambo #putricandrawathi #bharadae #kuatmaruf #brigadiryosua #rickyrizal #sidang #cctv #pnjaksel #pengadilan  #hendrakurniawan #HENDRA #brigadirj #sambo #ferdysambo #brigadirjoshua

Sumber: Tribunnews
Editor Video: udinudin",2022-12-21T04:42:24Z,PT1M,19324,109,0,12
TAGLbxKJ_0w,UCB1fvlA5xmLJ0tZblpoTuaQ,VIVA.CO.ID,"Banding Diacuhkan, Ferdy Sambo Gigit Jari Tetap Dihukum Mati","VIVA - Mantan Kadiv Propam Ferdy Sambo mengajukan banding setelah divonis hukuman mati kasus pembunuhan berencana Brigadir J. Pengadilan Tinggi (PT) DKI Jakarta menguatkan hukuman mati yang dijatuhkan Pengadilan Negeri (PN) Jakarta Selatan.

Hal ini disampaikan Ketua Majelis Hakim Singgih Budi Prakoso dalam persidangan di PT DKI Jakarta, Rabu 12 April 2023. Hakim menilai unsur sengaja, saksi hingga alat bukti sudah cukup untuk vonis tersebut. (RP-MA-DA)

Baca berita terbaru, terkini dan terpopuler disini https://www.viva.co.id/",2023-04-12T09:30:10Z,PT2M57S,18399,208,0,65
g1b0J-lVD6g,UCB1fvlA5xmLJ0tZblpoTuaQ,VIVA.CO.ID,"Usai Dipecat, Begini Ekspresi Ferdy Sambo Keluar dari Ruangan Sidang","VIVA - Terlihat Ferdy Sambo keluar dari ruangan sidang. Ferdy Sambo masih tampak mengenakan seragam dinas Polri. Ferdy Sambo keluar dikawal dengan beberapa anggota kepolisian hingga anggota Brimob loreng bersenjata lengkap. (ST-RN-MI) #ferdysambo #VIVAnewsdaily

Baca berita terbaru, terkini dan terpopuler disini https://www.viva.co.id/",2022-08-26T07:15:01Z,PT1M41S,18259,184,0,78
vzJK07sJujY,UCxZYOJPkYCwww12GMsdcIbw,voidotid,"Saat Sidang Etik Ferdy Sambo, Anggota Brimob Bentak Wartawan #shorts","Momen sidang kode etik Irjen Ferdy Sambo diiringi aksi marah-marah seorang anggota Brimob berpakaian loreng hijau. Kejadian itu berlangsung di Gedung Transnational Crime Center, Mabes Polri, Jalan Trunojoyo, Jakarta Selatan, Kamis (25/8). Aksi anggota Brimob itu tepat di depan ruang sidang kode etik ketika awak media telah menunggu kedatangan Irjen Ferdy Sambo. 
Dengan memakai masker, lengkap dengan kacamata hitam, anggota Brimob itu menunjuk para wartawan sembari membentak. Simak videonya berikut ini.

Baca Berita di:
https://voi.id/berita/204285/anggota-brimob-bentak-wartawan-saat-sidang-etik-ferdy-sambo-jenderal-bintang-1-dan-2-polri-ikut-terdiam

#ferdysambo #irjenferdysambo #brimob 

Selamat bergabung bersama VOI. Waktunya merevolusi pemberitaan. Ikuti kami!

Baca berita selengkapnya di https://voi.id/

Follow akun official kami di:
Instagram: https://www.instagram.com/voidotid/
Twitter: https://twitter.com/voidotid
Facebook: https://www.facebook.com/Voindonesia/",2022-08-26T08:00:31Z,PT43S,18848,212,0,52
OM7DzUacJNM,UCPhWauyGmombVZb5VRp4wLA,tribunjabar video,"Kombes Hari Nugroho Jadi Atasan Baru Irjen Ferdy Sambo, Pernah Ungkap 45 Kejahatan Dalam Sepekan","Buntut kasus tewasnya Brigadir J beberapa waktu lalu membuat Irjen Ferdy Sambo dicopot dari jabatan Kadiv Propam Polri dan kini dimutasi ke Yanma Polri. Kini ia menjadi anak buah dari Kayanma Polri Kombes Hari Nugroho yang memiliki karir cemerlang. Kombes Hari disebut pernah mengungkap 45 kasus kejahatan dalam seminggu. 

Host: Ratu Sejati | Video Editor: Oki Priyana

MEDIA SOCIAL & WEB Official 
Website  : https://jabar.tribunnews.com/ 
Instagram : https://www.instagram.com/tribunjabar
Twitter  : https://twitter.com/tribunjabar
Facebook : https://www.facebook.com/tribunjabar

#tribunjabarvideo  #kombesharinugrohojadiatasanbaruirjenferdysambo  #pernahungkap45kasuskejahatandalamsepekan",2022-08-06T06:36:19Z,PT1M,18186,183,0,3
IMAYXDeT8yw,UCB1fvlA5xmLJ0tZblpoTuaQ,VIVA.CO.ID,Transformasi Ferdy Sambo Saat Hadiri Sidang Kode Etik,"VIVA -Sosok mantan Kadiv Propam Ferdy Sambo yang menjadi otak pembunuhan berencana terhadap Brigadir J kembali disoroti saat menjalani proses persidangan hari ini, Kamis 25 Agustus 2022. Sejumlah masyarakat menyoroti transformasi tubuh Ferdy Sambo yang tampak lebih kurus dengan wajah lesu. (RK-MA-DA)  #VIVAnewsdaily

Baca berita terbaru, terkini dan terpopuler disini https://www.viva.co.id/",2022-08-25T12:20:00Z,PT2M31S,18060,101,0,68
XFU4R5z72fs,UCK6c4qk3hRaa6fMIEZrhiXQ,Tribun Timur,BENNY K DPR-RI CECAR HAKIM FERDY SAMBO: ANDA MERASA SEBAGAI WAKIL TUHAN DI DUNIA,"TRIBUN-TIMUR.COM - Anggota DPR RI Benny K Harman dalam uji kelayakan dan kepatutan sempat menyindir Alimin Ribut sebagai hakim yang memiliki kewenangan seperti Tuhan lantaran berani menjauhi vonis hukuman mati kepada Ferdy Sambo saat di Pengadilan Negeri Jakarta Selatan.

Saat itu Alimin menjadi hakim anggota di vonis mati Ferdy Sambo. 
Pada Selasa (16/9/2025) Komisi III DPR RI pun sudah mengeluarkan hasil dari uji kelayakan dan kepatutan. 

Editor Video: A. Syahrul Khair
Naskah: Nur Fajriani R",2025-09-17T17:31:52Z,PT13S,48105,254,0,74
Im7ST82zNKw,UCK6c4qk3hRaa6fMIEZrhiXQ,Tribun Timur,MASIH INGAT KASUS FERDY SAMBO?  KINI ISTRINYA DAPAT REMISI SEMBILAN BULAN,"TRIBUN-TIMUR.COM -- Istri mantan Kadiv Propam Polri Ferdy Sambo, Putri Candrawathi, memperoleh total remisi sembilan bulan selama menjalani pidana di Lapas Kelas II A Tangerang.

Remisi terbaru selama dua bulan diberikan sebagai penghargaan karena Putri disebut rutin melakukan donor darah.

“Bu Putri rajin tiap dua bulan sekali donor. Itu tergolong perbuatan kemanusiaan karena darahnya bermanfaat buat orang lain yang membutuhkan,” ujar Kepala Humas Lapas Kelas II A Tangerang Ratmin saat dikonfirmasi Kompas.com, Rabu (20/8/2025).(*) 

Editor Video: A. Syahrul Khair
Naskah: Nur Fajriani R
Sumber: https://megapolitan.kompas.com/read/2025/08/20/16011961/istri-ferdy-sambo-kantongi-total-remisi-9-bulan-selama-di-lapas-tangerang#:~:text=JAKARTA%2C%20KOMPAS.com%20%2D%20Istri,disebut%20rutin%20melakukan%20donor%20darah.",2025-08-20T10:26:36Z,PT9S,42083,121,0,25
hFcNrkUTTuE,UC5BMIWZe9isJXLZZWPWvBlg,KOMPASTV,"Tiba di Bareskrim, Ferdy Sambo Mohon Doa Agar Istrinya Cepat Pulih dari Trauma","Jangan lewatkan live streaming Kompas TV 24 jam non stop di https://www.kompas.tv/live. 

Sahabat Kompas TV juga bisa memperoleh informasi terkini melalui website: www.kompas.tv

Media sosial Kompas TV: 
Facebook: https://www.facebook.com/KompasTV 
Instagram: https://www.instagram.com/kompastv 
Twitter: https://twitter.com/KompasTV 
LINE: https://line.me/ti/p/%40KompasTV

#beritahariini #kompastv #ferdysambo",2022-08-04T05:45:03Z,PT2M10S,17588,105,0,238
MX1AbY5d6-U,UCoSkllfpgmFHtbVK835QaQg,Official iNews,Calon Hakim Agung yang Vonis Mati Sambo Dicecar DPR: Anda Wakil Tuhan? | iNews Terkini (13/9),"Suasana fit and proper test calon hakim agung dan calon hakim ad hoc HAM di MA yang digelar Komisi III DPR RI memanas pada Kamis (11/9/2025).

Anggota Komisi III DPR, Benny K. Harman, mencecar calon hakim agung Alimin Ribut Sujono terkait putusan vonis hukuman mati. Benny mempertanyakan alasan Alimin menjatuhkan hukuman mati terhadap terdakwa dalam kasus besar.

Diketahui, Alimin Ribut Sujono merupakan salah satu majelis hakim yang memvonis Ferdy Sambo dengan hukuman mati, sebelum akhirnya hukuman itu dianulir di tingkat kasasi.

Berita Selengkapnya baca di: https://inews.id/news

Join membership channel ini dan nikmati berbagai konten eksklusif:
https://www.youtube.com/channel/UCoSkllfpgmFHtbVK835QaQg/join

📰 iNews: Channel Berita Terlengkap, Tercepat, dan Terpercaya di Indonesia
Dapatkan berita terbaru dari seluruh Indonesia dan dunia, mulai dari politik, ekonomi, hukum, kriminal, olahraga, hiburan, hingga peristiwa penting lainnya. Dengan liputan langsung dari lokasi kejadian dan jurnalis profesional, iNews selalu menghadirkan informasi yang cepat, akurat, dan berimbang.

📊 iNews menjadi sumber berita pilihan jutaan masyarakat yang ingin selalu update setiap saat. Jadilah bagian dari komunitas berita terbesar di Indonesia dan nikmati tayangan eksklusif yang tidak Anda temukan di tempat lain.

📌 Jangan lupa
✅ Klik SUBSCRIBE untuk bergabung dengan jutaan penonton setia kami
✅ Aktifkan Lonceng Notifikasi agar tidak ketinggalan berita penting
✅ Bagikan video ini agar lebih banyak orang mendapatkan informasi yang benar

Follow WA Channel https://whatsapp.com/channel/0029Va7scI1LdQekZvLynv1H
Follow our Official TikTok https://www.tiktok.com/@officialinews
Follow our Official Twitter https://twitter.com/officialinews_
Like our Official Facebook https://www.facebook.com/OfficialiNews
Follow our Official Instagram https://www.instagram.com/officialiNews

#iNews #BeritaTerkini #BreakingNews #BeritaHariIni #BeritaNasional #BeritaIndonesia #BeritaDunia #TerlengkapTercepatTerpercaya #BennyKHarman #HakimAgung #VonisMati #FerdySambo #KomisiIIIDPR #FitAndProperTest #beritaterkiniliverpoolfc",2025-09-13T11:10:28Z,PT11M35S,17855,125,0,243
5z6fzDaiGM8,UCmxAIW7RDDC88EPk4ry16Kg,Tribunnews,"Ferdy Sambo Merasa Jadi Penjahat Terbesar Sepanjang Sejarah, Dituduh Terlibat Judi hingga LGBT","TRIBUN-VIDEO.COM - Terdakwa Ferdy Sambo merasa dianggap sebagai penjahat terbesar sepanjang sejarah terkait pemberitaan media massa yang begitu massive.

Ia membantah tuduhan melakukan penyiksaan terhadap Yosua, judi hingga LGBT.

Sambo menyebut tuduhan tersebut sebagai upaya menggiring opini agar dirinya dijatuhi hukuman yang paling berat

Hal ini disampaikan Ferdy Sambo saat menyampaikan pledoi di Pengadilan Negeri Jakarta Selatan pada Jumat (24/1/2023).

Padahal dirinya merasa hanya terkait dengan kasus ini, bukan perkara lain yang dituduhkan kepadanya.

Bahkan, kata dia, stigma tentang dirinya telah dibentuk sedemikian rupa agar tampak seperti orang yang banyak terlibat tindak kejahatan.

Ferdy Sambo menegaskan bahwa selain dituduh melakukan penyiksaan terhadap Brigadir J, ia juga disebut terlibat dalam sejumlah tindakan ilegal seperti narkoba, judi, berselingkuh dan menikah siri hingga LGBT. 

Bahkan banyak pihak kian menyorotinya karena dirinya disebut pula memiliki bunker yang penuh dengan uang.

Tidak hanya itu, dirinya juga dituduh menempatkan dana ratusan triliun rupiah dalam rekening atas nama almarhum Brigadir J.

Ia pun membantah semua tuduhan itu dan menyebutnya sebagai upaaya untuk menggiring opini agar dirinya dikenal sebagai pribadi yang menakutkan, sehingga ia dijatuhi hukuman yang paling berat.

Majelis Hakim yang dipimpin Hakim Ketua Wahyu Iman Santoso akan membacakan putusan atau vonis bagi para terdakwa pada pekan depan.

Para terdakwa itu adalah Ferdy Sambo, Putri Candrawathi, Ricky Rizal, Kuat Maruf serta Richard Eliezer Pudihang Lumiu.

Khusus Ferdy Sambo sebagai pelaku utama atau aktor intelektual dalam kasus ini, Majelis Hakim menjadwalkan sidang vonis digelar pada Senin, 13 Februari 2023.(*)

Host: Saradita
Video Production: Ika Vidya

Artikel ini telah tayang di Tribunnews.com dengan judul Dituduh Terlibat Judi hingga LGBT, Ferdy Sambo: Upaya Giring Opini agar Saya Dihukum Paling Berat, https://www.tribunnews.com/nasional/2023/02/01/dituduh-terlibat-judi-hingga-lgbt-ferdy-sambo-upaya-giring-opini-agar-saya-dihukum-paling-berat

#beritaterbaru #beritaterkini #beritaviral #live #breakingnews #sambo #ferdysambo",2023-02-01T13:05:00Z,PT59S,17317,226,0,52
DsS9gx-CDa0,UCT5H_ppXrhC7SFurhrezJKw,Tribun Sumsel,Ingat Eks Ajudan Ferdy Sambo Richard Eliezer? Kini Sudah Bertugas dan Naik Pangkat Jadi Bharatu,"Nama Richard Eliezer alias Bharada E sempat menggemparkan publik.

Richard Eliezer merupakan mantan ajudan Ferdy Sambo yang sempat menjadi sorotan publik karena keterlibatannya dalam kasus Pembunuhan Brigadir J.

Setelah sempat menjalani masa hukuman, ia kini sudah sekitar setahun bebas dan kembali menjalankan tugasnya sebagai anggota polisi.

Jarang terdengar lagi, lantas bagaimana kabarnya sekarang?

Editor Video: Alif Yudhistira Putra Bayu

Download aplikasi berita TribunX di Play Store atau App Store untuk dapatkan pengalaman baru.

Baca berita di ------- http://sumsel.tribunnews.com/

Follow Instagram --------- https://www.instagram.com/tribunsumsel/

Like fanspage --------- https://www.facebook.com/harian.tribun.sumsel/",2024-09-14T09:57:38Z,PT1M40S,17559,61,0,42
WRLfQcJT8bs,UCPAxpUn1mrn14xU0JpsLhDg,Kompas.com,Ferdy Sambo: Saya Frustrasi Sudah Divonis Sebelum Hakim Memutuskan,"Tonton video lainnya di https://kmp.im/video

KOMPAS.com - Terdakwa Ferdy Sambo membacakan pleidoi atau nota pembelaan dalam sidang kasus pembunuhan berencana terhadap Nofriansyah Yosua Hutabarat atau Brigadir J, Selasa (24/1/2023) hari ini. 
Dalam pembelaannya, Sambo mengaku frustasi atas berbagai tuduhan yang ditujukan ke dirinya.
Video Editor: Adinda Dwi Putri
Produser: Nibras Nada Nailufar
/ #FerdySambo #RickyRizal #BrigadirJ #BharadaE #PutriCandrawathi #JernihMelihatDunia #KreasiKompascom




Artikel ini bisa dilihat di : https://video.kompas.com/watch/246250/ferdy-sambo--saya-frustrasi-sudah-divonis-sebelum-hakim-memutuskan",2023-01-24T12:13:25Z,PT50S,17249,221,0,62
2XSiyg8X0Pw,UCK1Kuy7v_dXDkRmwCXMGgbA,Dunia Politik ,"Ternyata Istri Ferdy Sambo Selain Selingkuh Dengan Ajudan, Istrinya Pun Selingkuh Dengan Supir",,2025-08-09T11:06:27Z,PT12S,55902,116,0,6
DkVd52EmnPg,UCJmNywTIJojwjCKzfs0lgNw,Bisniscom,"Divonis Mati, Ferdy Sambo Tampak Tegar!","#FerdySambo #HukumanMati #sambo 



Ikuti terus perkembangan berita - berita terkini hanya di: 
Portal berita https://www.bisnis.com/ 
Instagram https://www.instagram.com/bisniscom/ 
facebook https://www.facebook.com/wwwbisniscom",2023-02-13T10:59:43Z,PT1M,16907,195,0,12
5oLML2DuymU,UCgkqlHkZPSKQ5hMEA2KtsLg,tribuntimur com,"Viral Video Disebut Kabar Terbaru Ferdy Sambo Jadi Tukang Las, Pemilik Bengkel Beri Klarifikasi","#tribuntimurcom #tribunviral #videoviral 

TRIBUN-TIMUR.COM - Unggahan viral yang memperlihatkan seorang pria mirip terpidana kasus pembunuhan Brigadir Yosua, Ferdy Sambo,menjadi tukang las ramai di sosial media.

Akun Twitter @Heraloebss mengunggahnya pada Kamis kemarin dengan narasi soal kabar terbaru Ferdy Sambo.

Dalam video, tampak seorang pria mengenakan kaus polo berwarna abu-abu sedang membengkokkan besi.

Terpampang papan nama di lokasi bertuliskan ""Bengkel Las Tralis Stenlis/Besi Podomoro"".

Sejumlah warganet sampai berkomenter sosok pria tersebut mirip Ferdy Sambo.

Dilansir dari Kompas.com, pemilik bengkel las teralis Podomoro, Yogi, yang dikonfirmasi membantah video itu.

Pria tersebut, lanjut Yogi, adalah mantan karyawannya yang bernama Adi. 

Ketika itu, Adi sedang nebeng membengkokkan besi di bengkelnya yang beralamat di Batu Aji, Batam, sekitar tiga hari yang lalu.

Yogi pun meminta agar hal seperti itu tidak dibuat bercandaan apalagi sampai menyinggung  seseorang.

Narator : Wa Ode Nurmin
VP : Asrul

(TRIBUN-TIMUR.COM)
Ingat SUBSCRIBE, SHARE dan tinggalkan jejak di kolom KOMENTAR.
Nonton konten viral lainnya di Youtube Channel:
Tribun Timur: http://bit.ly/tribuntimurmks
Update info terkini via: http://tribun-timur.com
Instagram Tribun Timur: http://bit.ly/IGTribunTimur
Twitter Tribun Timur: http://bit.ly/twitterTribunTimur
Facebook Tribun Timur: http://bit.ly/FBTribunTimurMks
YouTube Business Inquiries: 081347061237",2023-06-17T10:30:03Z,PT2M21S,16751,25,0,9
JHlRUm_gp5Y,UCK1Kuy7v_dXDkRmwCXMGgbA,Dunia Politik ,Pose Cantik Istri Ferdy Sambo Sampai Sang Ajudan Kepincut,,2025-08-02T11:34:35Z,PT11S,47848,96,0,4
qCS_uwXtfEU,UCmxAIW7RDDC88EPk4ry16Kg,Tribunnews,"Hadiri Sidang Vonis Ferdy Sambo & Putri, Orangtua Brigadir J Ingin Lihat Pembunuh Anaknya Dihukum","TRIBUN-VIDEO.COM - Keluarga Brigadir Nofriansyah Yosua Hutabarat alias Brigadir J akan menghadiri langsung sidang vonis Putri Candrawathi dan Ferdy Sambo pada Senin (13/2) esok hari.

Hal itu dilakukan untuk melihat langsung terdakwa yang melakukan pembunuhan terhadap anaknya dijatuhi hukuman oleh majelis hakim.

Keluarga Brigadir J yang tiba di Bandara Soetta ialah sang ayah Samuel Hutabarat dan ibunda Brigadir J, Rosti Simanjuntak.

Selain itu, kakak kandung almarhum Yosua, Yuni Hutabarat juga datang mendampingi kedua orangtuanya.

Mereka tiba  pada Minggu (12/2) sekira pukul 13.20 WIB dan langsung dijemput oleh tim kuasa hukum.

Nantinya, keluarga Brigadir J akan datang ke Pengadilan  dengan didampingi oleh kuasa hukum. 

(Tribun-Video.com/WartakotaLive.com)

Artikel ini telah tayang di WartaKotalive.com dengan judul Orangtua Brigadir J Tiba di Bandara Soekarno-Hatta, Ingin Lihat Langsung Pembunuh Anaknya Divonis, https://wartakota.tribunnews.com/2023/02/12/orangtua-brigadir-j-tiba-di-bandara-soekarno-hatta-ingin-lihat-langsung-pembunuh-anaknya-divonis.
Penulis: Gilbert Sem Sandro | Editor: Feryanto Hadi

Host: Alexa Dhea
VP: Jalu Setyo Nugroho

#SidangSambo
#VonisSambo
#BrigadirJ

#beritaterbaru #beritaterkini #beritaviral #live #breakingnews",2023-02-12T15:08:49Z,PT52S,16775,190,0,4
IVNs338Rc8I,UCB1fvlA5xmLJ0tZblpoTuaQ,VIVA.CO.ID,"Sosok Ferdy Sambo, Bintang Dua Termuda Hingga Berakhir Dipecat","VIVA - Perjalanan karier Ferdy Sambo di kepolisian berujung pemecatan. Sempat mempunyai karier cemerlang, kini Ferdy Sambo diberhentikan secara tidak hormat dari institusi Polri. (ST-RN-DA) #DengerinVIVA

Baca berita terbaru, terkini dan terpopuler disini https://www.viva.co.id/",2022-08-26T13:09:57Z,PT2M38S,16543,79,0,28
NOwOR9kROsY,UCMoUc-DZcxf9ezcj3AdC-cg,SuaraRakyat,FERDY SAMBO GAGAL DIVONIS MATI #news #berita #beritaterkini #shortsviral #beritahariini #rocky,,2025-09-19T00:06:48Z,PT12S,55525,182,0,42
NG2_vwE93ks,UCmxAIW7RDDC88EPk4ry16Kg,Tribunnews,"Alimin Ribut Pemvonis Mati Ferdy Sambo Dicoret dari Calon Hakim Agung MA oleh DPR, Dapat Nilai 0","Download aplikasi berita TribunX di Play Store atau App Store untuk dapatkan pengalaman baru

TRIBUN-VIDEO.COM - Komisi III DPR RI menetapkan 10 dari 16 calon hakim agung dan hakim ad hoc hak asasi manusia (HAM).

Sementara ada enam calon hakim yang dicoret.

Salah seorang calon hakim agung yang dicoret ialah Alimin Ribut Sujono, Hakim Tinggi Pengadilan Banjarmasin. 

Alimin sendiri merupakan hakim yang menjatuhkan hukuman mati kepada eks Kadiv Propam Polri Ferdy Sambo.

Ia mendapatkan suara 0 dari anggota Komisi III. 

Keputusan Komisi III mencoret 6 calon hakim agung diketok dalam Rapat Pleno Pemilihan dan Penetapan Calon Hakim Agung dan Hakim Ad Hoc HAM pada Mahkamah Agung (MA) tahun 2025.


(Tribun-Video.com)

Program: Tribunnews Update
Host: Tri Suhartini
Editor: Nathanael Moer Rahardian
Uploader: Bintang Nur Rahman

#Alimin #PemvonisMatiFerdySambo #Dicoret #CalonHakimAgung #MA #DPR #Nilai0",2025-09-16T12:16:11Z,PT9M46S,16776,79,0,272
urPm4aeQhkY,UCSV7FgMcSdOWxeSCYCD3UOA,Warta Kota Production,Motif Ferdy Sambo Diduga Terkait Perselingkuhan hingga Bandar Narkotika,"BACA SELENGKAPNYA: https://wartakota.tribunnews.com/2022/08/10/motif-pembunuhan-brigadir-j-oleh-ferdy-sambo-ini-kata-kamaruddin

WARTAKOTALIVE.COM, JAKARTA -- Kuasa hukum keluarga Brigadir Yosua Hutabarat mengungkapkan sejumlah dugaan motif pembunuhandi balik tewasnya Brigadir Yosua Hutabarat .

Kamaruddin menduga motif pembunuhan tersebut terkait dengan dendam.

Dikutip Dari Tribunnews.com, hal ini diakui Kamaruddin Simanjuntak karena Brigadir J telah membocorkan hal jahat yang dilakukan Irjen Ferdy Sambo .

#MotifSambo #Kamaruddin #Perselingkuhan #BrigadirYosua

Sumber Video: Tribunnews
Penulis & Host: Vicky Uswatun Hasanah
Editor Video: udiinnn",2022-08-11T07:51:51Z,PT1M28S,16036,52,0,8
R7yF_H_OB-0,UCdOovgmIPfj9a-o3VP5i2_g,MerdekaDotCom,Sorakan Pengunjung Sidang Ferdy Sambo Divonis Hukuman Mati #besmart #sidangsambo #viralshort,,2023-02-13T09:46:49Z,PT36S,16017,259,0,4
9HvaXqMV-h0,UCKII0Ml9S5wneKbHswmUrIQ,CNN Indonesia,LIVE: Majelis Hakim Cek TKP Kasus Ferdy Sambo di Rumah Saguling dan Duren Tiga,"Majelis Hakim kasus pembunuhan Brigadir Yosua akan memeriksa tempat kejadian perkara di rumah Jln. Saguling dan Kompleks Polri Duren Tiga, Jakarta Selatan. 

Pengecekan lokasi ini dilakukan Rabu siang setelah sidang lanjutan kasus Ferdy Sambo cs 4 Januari 2023.


Website: www.cnnindonesia.com
Facebook: https://m.facebook.com/CNNIndonesia/
Instagram: https://instagram.com/cnnindonesiatv
Twitter: https://twitter.com/cnniddaily
TikTok: https://www.tiktok.com/@cnnindonesia
Spotify: CNN Indonesia",2023-01-04T08:21:30Z,PT1H11M50S,15964,123,0,15
UcCq805FLus,UC_f53N2tHXKdwTf3aUgO2Pw,Ngabarin GenZ,Hakim vonis mati Ferdy Sambo dapat suara Nol #shorts #beritaviral #beritaterkini,,2025-09-19T00:00:40Z,PT6S,58125,186,0,49
XFU4R5z72fs,UCK6c4qk3hRaa6fMIEZrhiXQ,Tribun Timur,BENNY K DPR-RI CECAR HAKIM FERDY SAMBO: ANDA MERASA SEBAGAI WAKIL TUHAN DI DUNIA,"TRIBUN-TIMUR.COM - Anggota DPR RI Benny K Harman dalam uji kelayakan dan kepatutan sempat menyindir Alimin Ribut sebagai hakim yang memiliki kewenangan seperti Tuhan lantaran berani menjauhi vonis hukuman mati kepada Ferdy Sambo saat di Pengadilan Negeri Jakarta Selatan.

Saat itu Alimin menjadi hakim anggota di vonis mati Ferdy Sambo. 
Pada Selasa (16/9/2025) Komisi III DPR RI pun sudah mengeluarkan hasil dari uji kelayakan dan kepatutan. 

Editor Video: A. Syahrul Khair
Naskah: Nur Fajriani R",2025-09-17T17:31:52Z,PT13S,48105,254,0,74
Im7ST82zNKw,UCK6c4qk3hRaa6fMIEZrhiXQ,Tribun Timur,MASIH INGAT KASUS FERDY SAMBO?  KINI ISTRINYA DAPAT REMISI SEMBILAN BULAN,"TRIBUN-TIMUR.COM -- Istri mantan Kadiv Propam Polri Ferdy Sambo, Putri Candrawathi, memperoleh total remisi sembilan bulan selama menjalani pidana di Lapas Kelas II A Tangerang.

Remisi terbaru selama dua bulan diberikan sebagai penghargaan karena Putri disebut rutin melakukan donor darah.

“Bu Putri rajin tiap dua bulan sekali donor. Itu tergolong perbuatan kemanusiaan karena darahnya bermanfaat buat orang lain yang membutuhkan,” ujar Kepala Humas Lapas Kelas II A Tangerang Ratmin saat dikonfirmasi Kompas.com, Rabu (20/8/2025).(*) 

Editor Video: A. Syahrul Khair
Naskah: Nur Fajriani R
Sumber: https://megapolitan.kompas.com/read/2025/08/20/16011961/istri-ferdy-sambo-kantongi-total-remisi-9-bulan-selama-di-lapas-tangerang#:~:text=JAKARTA%2C%20KOMPAS.com%20%2D%20Istri,disebut%20rutin%20melakukan%20donor%20darah.",2025-08-20T10:26:36Z,PT9S,42083,121,0,25
hFcNrkUTTuE,UC5BMIWZe9isJXLZZWPWvBlg,KOMPASTV,"Tiba di Bareskrim, Ferdy Sambo Mohon Doa Agar Istrinya Cepat Pulih dari Trauma","Jangan lewatkan live streaming Kompas TV 24 jam non stop di https://www.kompas.tv/live. 

Sahabat Kompas TV juga bisa memperoleh informasi terkini melalui website: www.kompas.tv

Media sosial Kompas TV: 
Facebook: https://www.facebook.com/KompasTV 
Instagram: https://www.instagram.com/kompastv 
Twitter: https://twitter.com/KompasTV 
LINE: https://line.me/ti/p/%40KompasTV

#beritahariini #kompastv #ferdysambo",2022-08-04T05:45:03Z,PT2M10S,17588,105,0,238
MX1AbY5d6-U,UCoSkllfpgmFHtbVK835QaQg,Official iNews,Calon Hakim Agung yang Vonis Mati Sambo Dicecar DPR: Anda Wakil Tuhan? | iNews Terkini (13/9),"Suasana fit and proper test calon hakim agung dan calon hakim ad hoc HAM di MA yang digelar Komisi III DPR RI memanas pada Kamis (11/9/2025).

Anggota Komisi III DPR, Benny K. Harman, mencecar calon hakim agung Alimin Ribut Sujono terkait putusan vonis hukuman mati. Benny mempertanyakan alasan Alimin menjatuhkan hukuman mati terhadap terdakwa dalam kasus besar.

Diketahui, Alimin Ribut Sujono merupakan salah satu majelis hakim yang memvonis Ferdy Sambo dengan hukuman mati, sebelum akhirnya hukuman itu dianulir di tingkat kasasi.

Berita Selengkapnya baca di: https://inews.id/news

Join membership channel ini dan nikmati berbagai konten eksklusif:
https://www.youtube.com/channel/UCoSkllfpgmFHtbVK835QaQg/join

📰 iNews: Channel Berita Terlengkap, Tercepat, dan Terpercaya di Indonesia
Dapatkan berita terbaru dari seluruh Indonesia dan dunia, mulai dari politik, ekonomi, hukum, kriminal, olahraga, hiburan, hingga peristiwa penting lainnya. Dengan liputan langsung dari lokasi kejadian dan jurnalis profesional, iNews selalu menghadirkan informasi yang cepat, akurat, dan berimbang.

📊 iNews menjadi sumber berita pilihan jutaan masyarakat yang ingin selalu update setiap saat. Jadilah bagian dari komunitas berita terbesar di Indonesia dan nikmati tayangan eksklusif yang tidak Anda temukan di tempat lain.

📌 Jangan lupa
✅ Klik SUBSCRIBE untuk bergabung dengan jutaan penonton setia kami
✅ Aktifkan Lonceng Notifikasi agar tidak ketinggalan berita penting
✅ Bagikan video ini agar lebih banyak orang mendapatkan informasi yang benar

Follow WA Channel https://whatsapp.com/channel/0029Va7scI1LdQekZvLynv1H
Follow our Official TikTok https://www.tiktok.com/@officialinews
Follow our Official Twitter https://twitter.com/officialinews_
Like our Official Facebook https://www.facebook.com/OfficialiNews
Follow our Official Instagram https://www.instagram.com/officialiNews

#iNews #BeritaTerkini #BreakingNews #BeritaHariIni #BeritaNasional #BeritaIndonesia #BeritaDunia #TerlengkapTercepatTerpercaya #BennyKHarman #HakimAgung #VonisMati #FerdySambo #KomisiIIIDPR #FitAndProperTest #beritaterkiniliverpoolfc",2025-09-13T11:10:28Z,PT11M35S,17855,125,0,243
5z6fzDaiGM8,UCmxAIW7RDDC88EPk4ry16Kg,Tribunnews,"Ferdy Sambo Merasa Jadi Penjahat Terbesar Sepanjang Sejarah, Dituduh Terlibat Judi hingga LGBT","TRIBUN-VIDEO.COM - Terdakwa Ferdy Sambo merasa dianggap sebagai penjahat terbesar sepanjang sejarah terkait pemberitaan media massa yang begitu massive.

Ia membantah tuduhan melakukan penyiksaan terhadap Yosua, judi hingga LGBT.

Sambo menyebut tuduhan tersebut sebagai upaya menggiring opini agar dirinya dijatuhi hukuman yang paling berat

Hal ini disampaikan Ferdy Sambo saat menyampaikan pledoi di Pengadilan Negeri Jakarta Selatan pada Jumat (24/1/2023).

Padahal dirinya merasa hanya terkait dengan kasus ini, bukan perkara lain yang dituduhkan kepadanya.

Bahkan, kata dia, stigma tentang dirinya telah dibentuk sedemikian rupa agar tampak seperti orang yang banyak terlibat tindak kejahatan.

Ferdy Sambo menegaskan bahwa selain dituduh melakukan penyiksaan terhadap Brigadir J, ia juga disebut terlibat dalam sejumlah tindakan ilegal seperti narkoba, judi, berselingkuh dan menikah siri hingga LGBT. 

Bahkan banyak pihak kian menyorotinya karena dirinya disebut pula memiliki bunker yang penuh dengan uang.

Tidak hanya itu, dirinya juga dituduh menempatkan dana ratusan triliun rupiah dalam rekening atas nama almarhum Brigadir J.

Ia pun membantah semua tuduhan itu dan menyebutnya sebagai upaaya untuk menggiring opini agar dirinya dikenal sebagai pribadi yang menakutkan, sehingga ia dijatuhi hukuman yang paling berat.

Majelis Hakim yang dipimpin Hakim Ketua Wahyu Iman Santoso akan membacakan putusan atau vonis bagi para terdakwa pada pekan depan.

Para terdakwa itu adalah Ferdy Sambo, Putri Candrawathi, Ricky Rizal, Kuat Maruf serta Richard Eliezer Pudihang Lumiu.

Khusus Ferdy Sambo sebagai pelaku utama atau aktor intelektual dalam kasus ini, Majelis Hakim menjadwalkan sidang vonis digelar pada Senin, 13 Februari 2023.(*)

Host: Saradita
Video Production: Ika Vidya

Artikel ini telah tayang di Tribunnews.com dengan judul Dituduh Terlibat Judi hingga LGBT, Ferdy Sambo: Upaya Giring Opini agar Saya Dihukum Paling Berat, https://www.tribunnews.com/nasional/2023/02/01/dituduh-terlibat-judi-hingga-lgbt-ferdy-sambo-upaya-giring-opini-agar-saya-dihukum-paling-berat

#beritaterbaru #beritaterkini #beritaviral #live #breakingnews #sambo #ferdysambo",2023-02-01T13:05:00Z,PT59S,17317,226,0,52
DsS9gx-CDa0,UCT5H_ppXrhC7SFurhrezJKw,Tribun Sumsel,Ingat Eks Ajudan Ferdy Sambo Richard Eliezer? Kini Sudah Bertugas dan Naik Pangkat Jadi Bharatu,"Nama Richard Eliezer alias Bharada E sempat menggemparkan publik.

Richard Eliezer merupakan mantan ajudan Ferdy Sambo yang sempat menjadi sorotan publik karena keterlibatannya dalam kasus Pembunuhan Brigadir J.

Setelah sempat menjalani masa hukuman, ia kini sudah sekitar setahun bebas dan kembali menjalankan tugasnya sebagai anggota polisi.

Jarang terdengar lagi, lantas bagaimana kabarnya sekarang?

Editor Video: Alif Yudhistira Putra Bayu

Download aplikasi berita TribunX di Play Store atau App Store untuk dapatkan pengalaman baru.

Baca berita di ------- http://sumsel.tribunnews.com/

Follow Instagram --------- https://www.instagram.com/tribunsumsel/

Like fanspage --------- https://www.facebook.com/harian.tribun.sumsel/",2024-09-14T09:57:38Z,PT1M40S,17559,61,0,42
WRLfQcJT8bs,UCPAxpUn1mrn14xU0JpsLhDg,Kompas.com,Ferdy Sambo: Saya Frustrasi Sudah Divonis Sebelum Hakim Memutuskan,"Tonton video lainnya di https://kmp.im/video

KOMPAS.com - Terdakwa Ferdy Sambo membacakan pleidoi atau nota pembelaan dalam sidang kasus pembunuhan berencana terhadap Nofriansyah Yosua Hutabarat atau Brigadir J, Selasa (24/1/2023) hari ini. 
Dalam pembelaannya, Sambo mengaku frustasi atas berbagai tuduhan yang ditujukan ke dirinya.
Video Editor: Adinda Dwi Putri
Produser: Nibras Nada Nailufar
/ #FerdySambo #RickyRizal #BrigadirJ #BharadaE #PutriCandrawathi #JernihMelihatDunia #KreasiKompascom




Artikel ini bisa dilihat di : https://video.kompas.com/watch/246250/ferdy-sambo--saya-frustrasi-sudah-divonis-sebelum-hakim-memutuskan",2023-01-24T12:13:25Z,PT50S,17249,221,0,62
2XSiyg8X0Pw,UCK1Kuy7v_dXDkRmwCXMGgbA,Dunia Politik ,"Ternyata Istri Ferdy Sambo Selain Selingkuh Dengan Ajudan, Istrinya Pun Selingkuh Dengan Supir",,2025-08-09T11:06:27Z,PT12S,55902,116,0,6
DkVd52EmnPg,UCJmNywTIJojwjCKzfs0lgNw,Bisniscom,"Divonis Mati, Ferdy Sambo Tampak Tegar!","#FerdySambo #HukumanMati #sambo 



Ikuti terus perkembangan berita - berita terkini hanya di: 
Portal berita https://www.bisnis.com/ 
Instagram https://www.instagram.com/bisniscom/ 
facebook https://www.facebook.com/wwwbisniscom",2023-02-13T10:59:43Z,PT1M,16907,195,0,12
5oLML2DuymU,UCgkqlHkZPSKQ5hMEA2KtsLg,tribuntimur com,"Viral Video Disebut Kabar Terbaru Ferdy Sambo Jadi Tukang Las, Pemilik Bengkel Beri Klarifikasi","#tribuntimurcom #tribunviral #videoviral 

TRIBUN-TIMUR.COM - Unggahan viral yang memperlihatkan seorang pria mirip terpidana kasus pembunuhan Brigadir Yosua, Ferdy Sambo,menjadi tukang las ramai di sosial media.

Akun Twitter @Heraloebss mengunggahnya pada Kamis kemarin dengan narasi soal kabar terbaru Ferdy Sambo.

Dalam video, tampak seorang pria mengenakan kaus polo berwarna abu-abu sedang membengkokkan besi.

Terpampang papan nama di lokasi bertuliskan ""Bengkel Las Tralis Stenlis/Besi Podomoro"".

Sejumlah warganet sampai berkomenter sosok pria tersebut mirip Ferdy Sambo.

Dilansir dari Kompas.com, pemilik bengkel las teralis Podomoro, Yogi, yang dikonfirmasi membantah video itu.

Pria tersebut, lanjut Yogi, adalah mantan karyawannya yang bernama Adi. 

Ketika itu, Adi sedang nebeng membengkokkan besi di bengkelnya yang beralamat di Batu Aji, Batam, sekitar tiga hari yang lalu.

Yogi pun meminta agar hal seperti itu tidak dibuat bercandaan apalagi sampai menyinggung  seseorang.

Narator : Wa Ode Nurmin
VP : Asrul

(TRIBUN-TIMUR.COM)
Ingat SUBSCRIBE, SHARE dan tinggalkan jejak di kolom KOMENTAR.
Nonton konten viral lainnya di Youtube Channel:
Tribun Timur: http://bit.ly/tribuntimurmks
Update info terkini via: http://tribun-timur.com
Instagram Tribun Timur: http://bit.ly/IGTribunTimur
Twitter Tribun Timur: http://bit.ly/twitterTribunTimur
Facebook Tribun Timur: http://bit.ly/FBTribunTimurMks
YouTube Business Inquiries: 081347061237",2023-06-17T10:30:03Z,PT2M21S,16751,25,0,9
JHlRUm_gp5Y,UCK1Kuy7v_dXDkRmwCXMGgbA,Dunia Politik ,Pose Cantik Istri Ferdy Sambo Sampai Sang Ajudan Kepincut,,2025-08-02T11:34:35Z,PT11S,47848,96,0,4
qCS_uwXtfEU,UCmxAIW7RDDC88EPk4ry16Kg,Tribunnews,"Hadiri Sidang Vonis Ferdy Sambo & Putri, Orangtua Brigadir J Ingin Lihat Pembunuh Anaknya Dihukum","TRIBUN-VIDEO.COM - Keluarga Brigadir Nofriansyah Yosua Hutabarat alias Brigadir J akan menghadiri langsung sidang vonis Putri Candrawathi dan Ferdy Sambo pada Senin (13/2) esok hari.

Hal itu dilakukan untuk melihat langsung terdakwa yang melakukan pembunuhan terhadap anaknya dijatuhi hukuman oleh majelis hakim.

Keluarga Brigadir J yang tiba di Bandara Soetta ialah sang ayah Samuel Hutabarat dan ibunda Brigadir J, Rosti Simanjuntak.

Selain itu, kakak kandung almarhum Yosua, Yuni Hutabarat juga datang mendampingi kedua orangtuanya.

Mereka tiba  pada Minggu (12/2) sekira pukul 13.20 WIB dan langsung dijemput oleh tim kuasa hukum.

Nantinya, keluarga Brigadir J akan datang ke Pengadilan  dengan didampingi oleh kuasa hukum. 

(Tribun-Video.com/WartakotaLive.com)

Artikel ini telah tayang di WartaKotalive.com dengan judul Orangtua Brigadir J Tiba di Bandara Soekarno-Hatta, Ingin Lihat Langsung Pembunuh Anaknya Divonis, https://wartakota.tribunnews.com/2023/02/12/orangtua-brigadir-j-tiba-di-bandara-soekarno-hatta-ingin-lihat-langsung-pembunuh-anaknya-divonis.
Penulis: Gilbert Sem Sandro | Editor: Feryanto Hadi

Host: Alexa Dhea
VP: Jalu Setyo Nugroho

#SidangSambo
#VonisSambo
#BrigadirJ

#beritaterbaru #beritaterkini #beritaviral #live #breakingnews",2023-02-12T15:08:49Z,PT52S,16775,190,0,4
IVNs338Rc8I,UCB1fvlA5xmLJ0tZblpoTuaQ,VIVA.CO.ID,"Sosok Ferdy Sambo, Bintang Dua Termuda Hingga Berakhir Dipecat","VIVA - Perjalanan karier Ferdy Sambo di kepolisian berujung pemecatan. Sempat mempunyai karier cemerlang, kini Ferdy Sambo diberhentikan secara tidak hormat dari institusi Polri. (ST-RN-DA) #DengerinVIVA

Baca berita terbaru, terkini dan terpopuler disini https://www.viva.co.id/",2022-08-26T13:09:57Z,PT2M38S,16543,79,0,28
NOwOR9kROsY,UCMoUc-DZcxf9ezcj3AdC-cg,SuaraRakyat,FERDY SAMBO GAGAL DIVONIS MATI #news #berita #beritaterkini #shortsviral #beritahariini #rocky,,2025-09-19T00:06:48Z,PT12S,55525,182,0,42
NG2_vwE93ks,UCmxAIW7RDDC88EPk4ry16Kg,Tribunnews,"Alimin Ribut Pemvonis Mati Ferdy Sambo Dicoret dari Calon Hakim Agung MA oleh DPR, Dapat Nilai 0","Download aplikasi berita TribunX di Play Store atau App Store untuk dapatkan pengalaman baru

TRIBUN-VIDEO.COM - Komisi III DPR RI menetapkan 10 dari 16 calon hakim agung dan hakim ad hoc hak asasi manusia (HAM).

Sementara ada enam calon hakim yang dicoret.

Salah seorang calon hakim agung yang dicoret ialah Alimin Ribut Sujono, Hakim Tinggi Pengadilan Banjarmasin. 

Alimin sendiri merupakan hakim yang menjatuhkan hukuman mati kepada eks Kadiv Propam Polri Ferdy Sambo.

Ia mendapatkan suara 0 dari anggota Komisi III. 

Keputusan Komisi III mencoret 6 calon hakim agung diketok dalam Rapat Pleno Pemilihan dan Penetapan Calon Hakim Agung dan Hakim Ad Hoc HAM pada Mahkamah Agung (MA) tahun 2025.


(Tribun-Video.com)

Program: Tribunnews Update
Host: Tri Suhartini
Editor: Nathanael Moer Rahardian
Uploader: Bintang Nur Rahman

#Alimin #PemvonisMatiFerdySambo #Dicoret #CalonHakimAgung #MA #DPR #Nilai0",2025-09-16T12:16:11Z,PT9M46S,16776,79,0,272
urPm4aeQhkY,UCSV7FgMcSdOWxeSCYCD3UOA,Warta Kota Production,Motif Ferdy Sambo Diduga Terkait Perselingkuhan hingga Bandar Narkotika,"BACA SELENGKAPNYA: https://wartakota.tribunnews.com/2022/08/10/motif-pembunuhan-brigadir-j-oleh-ferdy-sambo-ini-kata-kamaruddin

WARTAKOTALIVE.COM, JAKARTA -- Kuasa hukum keluarga Brigadir Yosua Hutabarat mengungkapkan sejumlah dugaan motif pembunuhandi balik tewasnya Brigadir Yosua Hutabarat .

Kamaruddin menduga motif pembunuhan tersebut terkait dengan dendam.

Dikutip Dari Tribunnews.com, hal ini diakui Kamaruddin Simanjuntak karena Brigadir J telah membocorkan hal jahat yang dilakukan Irjen Ferdy Sambo .

#MotifSambo #Kamaruddin #Perselingkuhan #BrigadirYosua

Sumber Video: Tribunnews
Penulis & Host: Vicky Uswatun Hasanah
Editor Video: udiinnn",2022-08-11T07:51:51Z,PT1M28S,16036,52,0,8
R7yF_H_OB-0,UCdOovgmIPfj9a-o3VP5i2_g,MerdekaDotCom,Sorakan Pengunjung Sidang Ferdy Sambo Divonis Hukuman Mati #besmart #sidangsambo #viralshort,,2023-02-13T09:46:49Z,PT36S,16017,259,0,4
9HvaXqMV-h0,UCKII0Ml9S5wneKbHswmUrIQ,CNN Indonesia,LIVE: Majelis Hakim Cek TKP Kasus Ferdy Sambo di Rumah Saguling dan Duren Tiga,"Majelis Hakim kasus pembunuhan Brigadir Yosua akan memeriksa tempat kejadian perkara di rumah Jln. Saguling dan Kompleks Polri Duren Tiga, Jakarta Selatan. 

Pengecekan lokasi ini dilakukan Rabu siang setelah sidang lanjutan kasus Ferdy Sambo cs 4 Januari 2023.


Website: www.cnnindonesia.com
Facebook: https://m.facebook.com/CNNIndonesia/
Instagram: https://instagram.com/cnnindonesiatv
Twitter: https://twitter.com/cnniddaily
TikTok: https://www.tiktok.com/@cnnindonesia
Spotify: CNN Indonesia",2023-01-04T08:21:30Z,PT1H11M50S,15964,123,0,15
UcCq805FLus,UC_f53N2tHXKdwTf3aUgO2Pw,Ngabarin GenZ,Hakim vonis mati Ferdy Sambo dapat suara Nol #shorts #beritaviral #beritaterkini,,2025-09-19T00:00:40Z,PT6S,58125,186,0,49
YlbgyZSmwjI,UCq-buolJqYWGPvwk2p-z4qA,NETIZEN KONOHA,Hakim yang Vonis Mati Ferdy Sambo Tak Dipilih DPR RI Jadi Hakim Agung!#shorts #viralvideo,,2025-09-26T11:50:22Z,PT5S,59578,52,0,2
u4W3v23HD8Q,UCySb5cGBYbkZ1iNp7yLEyhA,Kilas Informasi,DPR Coret Hakim Yg Sempat Vonis Mat1 Ferdy Sambo Untuk Menjadi Calon Hakim Agung,"Anggota DPR RI Benny K Harman dalam uji kelayakan dan kepatutan sempat menyindir Alimin Ribut sebagai hakim yang memiliki kewenangan seperti Tuhan lantaran berani menjauhi vonis hukuman mati kepada Ferdy Sambo saat di Pengadilan Negeri Jakarta Selatan.
Saat itu Alimin menjadi hakim anggota di vonis mati Ferdy Sambo. 
#trendingshorts#fypシ゚viral#hakim",2025-09-17T14:38:21Z,PT7S,53638,126,0,59
K2i8tCuL2hY,UCoSkllfpgmFHtbVK835QaQg,Official iNews,Persatuan Batak Bersatu Minta Ferdy Sambo Dihukum Mati,"Persatuan Batak bersatu menggelar orasi di depan Pengadilan Negeri Jakarta Selatan, untuk mengawal sidang para terdakwa pembunuhan Yosua. Masa menilai Ferdy Sambo seharusnya dituntut hukuman mati. KPJ

#iNews #PBB #PersatuanBatakBersatu #Demo #HasilSidangSambo #VonisSambo #FerdySambo #HukumanFerdySambo #shorts",2023-01-25T03:30:05Z,PT1M,15124,197,0,13
CNw0z3IZlTs,UCB1fvlA5xmLJ0tZblpoTuaQ,VIVA.CO.ID,Rekaman CCTV Beredar Diedit Anggota Polri Atas Perintah Ferdy Sambo,"VIVA - Komisioner Komisi Nasional Hak Asasi Manusia (Komnas HAM), Choirul Anam, menduga, rekaman CCTV diedit untuk mendukung narasi pembunuhan Brigadir Nofriansyah Yosua Hutabarat alias Brigadir J sesuai kehendak Ferdy Sambo. Praktik editing rekaman CCTV dilakukan oleh sejumlah anggota Polri. (RK-RN-MI) #ferdysambo #VIVAnewsdaily

Baca berita terbaru, terkini dan terpopuler disini https://www.viva.co.id/",2022-09-02T06:03:01Z,PT1M46S,15059,69,0,38
CmIGz3gB5G4,UC5BMIWZe9isJXLZZWPWvBlg,KOMPASTV,Terbaru! MA Ringankan Vonis Mati Ferdy Sambo Jadi Penjara Seumur Hidup,"JAKARTA, KOMPAS.TV  Putusan Kasasi MA ringankan hukuman Ferdy Sambo menjadi penjara seumur hidup, dari sebelumnya divonis hukuman mati.

3 terdakwa  pembunuhan Brigadir Yosua lainnya juga mendapat keringanan hukuman.

Di sidang kasasi ini, 2 dari 5 Hakim MA menyatakan Dissenting Opinion.

Sebelumnya di Pengadilan Negeri Jakarta Selatan, Ferdy Sambo divonis hukuman mati.

Putusan banding di Pengadilan Tinggi menguatkan putusan Pengadilan Negeri.

Sementara hukuman istri Ferdy Sambo, Putri Candrawati  juga diperingan menjadi 10 tahun penjara dari sebelumnya 20 tahun penjara.

Baca Juga [FULL] Hasil Kasasi Ferdy Sambo: Batal Hukuman Mati, Penjara Seumur Hidup di https://www.kompas.tv/video/433020/full-hasil-kasasi-ferdy-sambo-batal-hukuman-mati-penjara-seumur-hidup

Artikel ini bisa dilihat di :  https://www.kompas.tv/video/433039/terbaru-ma-ringankan-vonis-mati-ferdy-sambo-jadi-penjara-seumur-hidup

#ferdysambo #brigadirj",2023-08-08T12:38:01Z,PT2M44S,15047,109,0,291
3SlswxLqWgQ,UCB1fvlA5xmLJ0tZblpoTuaQ,VIVA.CO.ID,Ferdy Sambo Peluk Erat Putri dengan Tangan Terbelenggu,"VIVA - Mantan Kadiv Propam Polri Irjen Ferdy Sambo kedapatan memeluk sang istri Putri Candrawathi sewaktu melakukan rekonstruksi pembunuhan Brigadir J di Jalan Saguling III, Jakarta Selatan. (RK-RD-MI) #ferdysambo #VIVAnewsdaily

Baca berita terbaru, terkini dan terpopuler disini https://www.viva.co.id/",2022-08-30T09:07:19Z,PT2M31S,14547,221,0,114
XqFEzrReg-0,UCwFc1bMj5KFxX8BJ1wBRuzw,Tribun MedanTV,"BEDA NASIB, Ferdy Sambo dengan Bharada E yang Bebas dari Penjara Sejak 4 Agustus 2023","TRIBUN-MEDAN.COM - Mahkamah Agung memangkas hukuman empat terpidana pembunuhan berencana Brigadir Yosua, yaitu Ferdy Sambo, Putri Candrawathi, Ricky Rizal, dan Kuat Ma’ruf.

Ferdy Sambo sebagai pelaku utama pembunuhan berencana, dijatuhi hukuman seumur hidup oleh MA.

Hukuman istri Sambo, Putri Chandrawati juga dipangkas dari 20 tahun menjadi 10 tahun penjara.

Sementara mantan ajudan Sambo, Ricky Rizal Wibowo, hukumannya juga dipangkas dari 13 tahun menjadi 8 tahun penjara. 

Bergabung dengan channel ini untuk mendapatkan akses ke berbagai keuntungan:
https://www.youtube.com/channel/UCwFc1bMj5KFxX8BJ1wBRuzw/join",2023-08-09T07:32:09Z,PT58S,16811,145,0,6
ePI4oO2wZ2E,UCjEz1Z4kKpb5T6HzFw_qlzA,medcom id,"SIDANG VONIS, FERDY SAMBO HADIR DENGAN GAYA RAMBUT MULLET","Terdakwa Ferdy Sambo menjalani sidang vonis kasus pembunuhan berencana terhadap Brigadir J di Pengadilan Negeri Jakarta Selatan, Senin (13/2). Dalam sidang ini, Ia terlihat memiliki model rambut bergaya mullet. Gaya yang menampilkan rambut panjang di bagian belakang, tapi dengan bagian samping dan depan yang pendek. Menurut sobat Medcom, keren nggak nih potongan rambut Sambo?

Hai, Sobat Medcom.id! Kalau kamu punya video peristiwa menarik bisa mengirimkannya ke redaksi@medcom.id.
-------------------
#Medcomid #sidang #vonis #ferdysambo #gaya #rambut #mullet",2023-02-13T06:15:02Z,PT39S,14525,118,0,13
gJ8ip1iMZjg,UCCaeZ3EpiV3IC_krbkPfd6Q,Kita dan Dunia,MAHFUD: Kasus SAMBO !!! #mahfudmd #ferdysambo,"Youtube: ​⁠​⁠​⁠@forumkeadilanTV 
Original video: https://youtu.be/Cy2pcPb__xI",2025-08-11T05:09:53Z,PT54S,28463,283,0,6
IXikx_Olo50,UCqRS-Wm53X4Kif3UFFBSYlQ,Tribun Banten,"ALIMIN RIBUT SUJONO, Hakim yang Vonis Mati Ferdy Sambo GAGAL LOLOS SELEKSI HAKIM AGUNG","Download aplikasi berita TribunX di Play Store atau App Store untuk dapatkan pengalaman baru

TRIBUN-VIDEO.COM - Hakim Alimin Ribut Sujono, yang namanya sempat menjadi sorotan publik setelah menjatuhkan vonis mati kepada mantan Kadiv Propam Polri Ferdy Sambo, gagal melangkah dalam seleksi calon hakim agung dan hakim ad hoc HAM di Mahkamah Agung (MA) tahun 2025.

Dalam rapat pleno Komisi III DPR RI yang digelar Selasa (16/9/2025), Alimin tak memperoleh satu pun suara dari anggota dewan.

Dari 16 calon yang mengikuti uji kelayakan dan kepatutan, Komisi III hanya menetapkan 10 nama yang dinilai layak untuk diajukan sebagai hakim agung dan hakim ad hoc MA.(*)


Artikel ini telah tayang di WartaKotalive.com dengan judul Hakim Vonis Mati Ferdy Sambo Gagal Lolos Seleksi Hakim Agung, https://wartakota.tribunnews.com/nasional/867948/hakim-vonis-mati-ferdy-sambo-gagal-lolos-seleksi-hakim-agung#google_vignette.



Naskah Video : 
Video Production : Untung
Uploader: Wening Cahya Mahardika

#tribunbanten",2025-09-19T04:10:32Z,PT1M3S,24833,218,0,46
hzHfNTCQ1Xg,UCzl0OrB3-ehunyotIQvK77A,METRO TV ,Pihak Ferdy Sambo Unjuk Foto Kedekatan dengan Ajudan Guna Ringankan Tahanan #shorts,"MetroTV, Pada persidangan kasus pembunuhan Brigadir Yosua dengan terdakwa Ferdy Sambo dan Putri Candrwathi, Kamis (29/12/2022). 

Kubu Sambo tunjukan beberapa foto keakraban dengan para ajudannya termasuk almahrum Yosua yang dijadikan bukti untuk ringankan masa tahanan. 
Terdapat juga foto Alm. Yosua sedang di klub malam bersama.

#Metrotv #topreviewmetrotv #ferdysambo #buktifoto #brigadirj",2022-12-29T08:39:50Z,PT31S,13937,155,0,17
3UJOabegCfE,UCT5H_ppXrhC7SFurhrezJKw,Tribun Sumsel,"Kejanggalan Wajah Putri Istri Ferdy Sambo saat di Mako Brimob, Dicurigai Pakai Pemeran Pengganti","Putri Candrawathi, istri Irjen Ferdy Sambo dicurigai menggunakan pemeran pengganti saat tampil di depan awak media.

Kecurigaan masyarakat bahwa istri Irjen Ferdy Sambo menggunakan pemeran pengganti ini setelah terlihat adanya perbedaan, antara wanita yang muncul di layar kaca saat berada di Mako Brimob, dengan foto Putri Candrawathi yang beredar di media sosial.

#kejanggalanwajahputricandrawathi #putricandrawathi #istriferdysambo 

Tribun Sumsel/Ninis
Editor/Eli

Baca berita di ------- http://sumsel.tribunnews.com/

Follow Instagram --------- https://www.instagram.com/tribunsumsel/

Like fanspage --------- https://www.facebook.com/harian.tribun.sumsel/",2022-08-09T05:08:24Z,PT2M2S,13477,56,0,41
KcsV8z3SWHs,UCB1fvlA5xmLJ0tZblpoTuaQ,VIVA.CO.ID,Vonis Hukuman Mati Ferdy Sambo #vivacoid #ferdysambo  #shorts #short,"VIVA - Majelis hakim Pengadilan Negeri Jakarta Selatan (PN Jaksel) menjatuhkan hukuman mati terhadap mantan Kadiv Propam Polri, Ferdy Sambo karena terbukti bersalah melakukan pembunuhan berencana terhadap Brigadir J atau Brigadir Nofriansyah Yosua Hutabarat. (RP-DRP-RN) #vivanewsdaily #shorts #short

Baca berita terbaru, terkini dan terpopuler disini https://www.viva.co.id/",2023-02-13T10:12:01Z,PT52S,13168,208,0,15
QZAgl1FGF3o,UCQK0DP6CN4-A2YLR_GYgAjw,NETIZEN +62,Hakim yang Vonis Mati Ferdy Sambo Tak Dipilih DPR RI Jadi Hakim Agung!#shorts #viralvideo,,2025-09-26T11:55:04Z,PT5S,86682,114,0,21
uTw-bB1KrDQ,UCER4rvDnRBPr_ncYW4UCZjg,tvOneNews ,Ekspresi Lesu Ferdy Sambo saat JPU Bacakan Tuntutan #Shorts #sambo #brigadirj,"Jakarta, https://www.tvOnenews.com - Ekspresi Lesu Ferdy Sambo saat JPU Bacakan Tuntutan #Shorts #BreakingNews #brigadirj 



Saksikan live streaming tvOne hanya di https://www.tvonenews.com/live",2023-01-17T12:30:19Z,PT1M,13067,201,0,13
gJkw0mI_Ljk,UCKII0Ml9S5wneKbHswmUrIQ,CNN Indonesia,LIVE: Pemeriksaan Saksi A De Charge untuk Ferdy Sambo & Putri Candrawathi,"LIVE: Pemeriksaan Saksi A De Charge untuk Ferdy Sambo & Putri Candrawathi

Website: www.cnnindonesia.com
Facebook: https://m.facebook.com/CNNIndonesia/
Instagram: https://instagram.com/cnnindonesiatv
Twitter: https://twitter.com/cnniddaily
TikTok: https://www.tiktok.com/@cnnindonesia
Spotify: CNN Indonesia",2023-01-03T05:36:47Z,PT2H59M26S,12696,108,0,14
FZHZfaxjPnw,UC5BMIWZe9isJXLZZWPWvBlg,KOMPASTV,"Gugat Jokowi dan Kapolri, Ferdy Sambo Minta PTUN Batalkan PTDH atas Dirinya!","JAKARTA, KOMPAS.TV -  Tak terima dipecat dari Polri, Ferdy Sambo yang merupakan mantan Kadiv Propam Polri menggugat Presiden Joko Widodo dan Kapolri Jenderal Listyo Sigit Prabowo ke Pengadilan Tata Usaha Negara, PTUN Jakarta.

Gugatan ini diajukan Ferdy Sambo mengajukan pada Kamis (29/12/2022) kemarin.

Dalam permohonannya, Ferdy Sambo ingin PTUN Jakarta membatalkan keputusan Presiden tentang pemberhentian tidak hormat atas dirinya.

Baca Juga Jelang Tahun Baru, Tol Cipali Kilometer 72 Didominasi Kendaraan Pribadi! di https://www.kompas.tv/article/363443/jelang-tahun-baru-tol-cipali-kilometer-72-didominasi-kendaraan-pribadi

Tim Kuasa Hukum menyebut pertimbangan Ferdy Sambo mengugat Jokowi dan Kapolri terkait pemecatan dirinya karena telah mengajukan surat pengunduran diri yang ditujukkan kepada Kapolri.

Sambo juga meminta PTUN memerintahkan Kapolri untuk menempatkan dan memulihkan kembali semua haknya sebagai anggota kepolisian Republik Indonesia.

Artikel ini bisa dilihat di :  https://www.kompas.tv/article/363458/gugat-jokowi-dan-kapolri-ferdy-sambo-minta-ptun-batalkan-ptdh-atas-dirinya",2022-12-30T10:07:38Z,PT2M41S,12678,70,0,100
1S85O86Z9sI,UCER4rvDnRBPr_ncYW4UCZjg,tvOneNews ,LIVE - Sidang Putusan Banding Ferdy Sambo CS | Breaking News,"Jakarta, https://www.tvOnenews.com - Sidang putusan banding eks Kadiv Propam Polri Ferdy Sambo, Putri Chandrawati, Kuat Ma'ruf dan Ricky Rizal digelar hari ini, Rabu (12/4/2023), di Pengadilan Tinggi DKI Jakarta.

Saksikan live streaming tvOne hanya di https://www.tvonenews.com/live",2023-04-12T12:55:46Z,PT37M26S,12367,54,0,8
Es7qdt3rDf8,UC5BMIWZe9isJXLZZWPWvBlg,KOMPASTV,Perjalanan Kasus Ferdy Sambo hingga MA Anulir Vonis Mati Jadi Penjara Seumur Hidup,"JAKARTA, KOMPAS.TV - Mahkamah Agung (MA) mengabulkan permohonan kasasi terdakwa Ferdy Sambo dalam kasus pembunuhan berencana terhadap Brigadir Yosua Hutabarat,

MA menganulir putusan hukuman mati Ferdy Sambo menjadi penjara seumur hidup.

""Penjara seumur hidup,"" bunyi putusan kasasi yang disampaikan MA, pada Selasa (8/8).

Selain itu, MA juga memotong masa hukuman terhadap 3 terdakwa lainnya yakni Putri Candrawathi, Ricky Rizal dan Kuat Maruf.

Jika menilik ke belakang, awal kasus pembunuhan berencana dinarasikan polisi tembak polisi namun belakangan terungkap Sambo otak dari pembunuhan terhadap Yosua.

Baca Juga Jokowi Angkat Bicara Terkait Mahkamah Agung Diskon Vonis Mati Ferdy Sambo di https://www.kompas.tv/video/433809/jokowi-angkat-bicara-terkait-mahkamah-agung-diskon-vonis-mati-ferdy-sambo

#ferdysambo #penjaraseumurhidup #kasasi

Video grafis: Rafsyan  

Artikel ini bisa dilihat di :  https://www.kompas.tv/video/433881/perjalanan-kasus-ferdy-sambo-hingga-ma-anulir-vonis-mati-jadi-penjara-seumur-hidup",2023-08-12T00:00:38Z,PT5M1S,12303,52,0,41
Pf29fhpa-Bs,UCC-YG6gBZNmdxYfQZnwCX4A,Serambinews,Istri Ferdy Sambo Dapat Remisi Kemerdekaan,"Download aplikasi berita TribunX di Play Store atau App Store untuk dapatkan pengalaman baru

SERAMBINEWS.COM - Putri Candrawathi yang juga istri dari mantan Kadiv Propam Polri, Ferdy Sambo itu turut kecipratan kado istimewa pada Hari Ulang Tahun (HUT) Ke-80 Kemerdekaan Republik Indonesia. 

Putri Candrawathi mendapat remisi dari pemerintah melalui Kementerian Imigrasi dan Pemasyarakatan. Alhasil hukumannya dipotong 9 bulan. Putri Candrawathi merupakan bagian dari 375.025 warga binaan di seluruh Indonesia yang mendapat Remisi Umum (RU), Remisi Dasawarsa (RD), serta Pengurangan Masa Pidana (PMP) bagi narapidana dan anak binaan.

Editor: Aldi Rani
#shorts #ferdysambo #putricandrawathi 
==============================================
Syedara Lon, jangan lupa SUBSCRIBE, SHARE, and COMMENT.

Update video viral lainnya: http://bit.ly/serambivideo
Update berita terpopuler lainnya: http://bit.ly/SerambinewsPopuler
Update info terkini via Serambinews.com: https://aceh.tribunnews.com/

Follow saluran di WhatsApp: https://bit.ly/SaluranWASerambinews
Follow akun Instagram https://bit.ly/IGserambinews
Follow akun Twitter http://bit.ly/TwitterSerambinews
Follow dan like fanpage Facebook http://bit.ly/FBserambinews
Follow akun TikTok http://bit.ly/tiktokserambinews",2025-08-20T03:44:13Z,PT38S,21471,139,0,12
u4W3v23HD8Q,UCySb5cGBYbkZ1iNp7yLEyhA,Kilas Informasi,DPR Coret Hakim Yg Sempat Vonis Mat1 Ferdy Sambo Untuk Menjadi Calon Hakim Agung,"Anggota DPR RI Benny K Harman dalam uji kelayakan dan kepatutan sempat menyindir Alimin Ribut sebagai hakim yang memiliki kewenangan seperti Tuhan lantaran berani menjauhi vonis hukuman mati kepada Ferdy Sambo saat di Pengadilan Negeri Jakarta Selatan.
Saat itu Alimin menjadi hakim anggota di vonis mati Ferdy Sambo. 
#trendingshorts#fypシ゚viral#hakim",2025-09-17T14:38:21Z,PT7S,53638,126,0,59
K2i8tCuL2hY,UCoSkllfpgmFHtbVK835QaQg,Official iNews,Persatuan Batak Bersatu Minta Ferdy Sambo Dihukum Mati,"Persatuan Batak bersatu menggelar orasi di depan Pengadilan Negeri Jakarta Selatan, untuk mengawal sidang para terdakwa pembunuhan Yosua. Masa menilai Ferdy Sambo seharusnya dituntut hukuman mati. KPJ

#iNews #PBB #PersatuanBatakBersatu #Demo #HasilSidangSambo #VonisSambo #FerdySambo #HukumanFerdySambo #shorts",2023-01-25T03:30:05Z,PT1M,15124,197,0,13
CNw0z3IZlTs,UCB1fvlA5xmLJ0tZblpoTuaQ,VIVA.CO.ID,Rekaman CCTV Beredar Diedit Anggota Polri Atas Perintah Ferdy Sambo,"VIVA - Komisioner Komisi Nasional Hak Asasi Manusia (Komnas HAM), Choirul Anam, menduga, rekaman CCTV diedit untuk mendukung narasi pembunuhan Brigadir Nofriansyah Yosua Hutabarat alias Brigadir J sesuai kehendak Ferdy Sambo. Praktik editing rekaman CCTV dilakukan oleh sejumlah anggota Polri. (RK-RN-MI) #ferdysambo #VIVAnewsdaily

Baca berita terbaru, terkini dan terpopuler disini https://www.viva.co.id/",2022-09-02T06:03:01Z,PT1M46S,15059,69,0,38
CmIGz3gB5G4,UC5BMIWZe9isJXLZZWPWvBlg,KOMPASTV,Terbaru! MA Ringankan Vonis Mati Ferdy Sambo Jadi Penjara Seumur Hidup,"JAKARTA, KOMPAS.TV  Putusan Kasasi MA ringankan hukuman Ferdy Sambo menjadi penjara seumur hidup, dari sebelumnya divonis hukuman mati.

3 terdakwa  pembunuhan Brigadir Yosua lainnya juga mendapat keringanan hukuman.

Di sidang kasasi ini, 2 dari 5 Hakim MA menyatakan Dissenting Opinion.

Sebelumnya di Pengadilan Negeri Jakarta Selatan, Ferdy Sambo divonis hukuman mati.

Putusan banding di Pengadilan Tinggi menguatkan putusan Pengadilan Negeri.

Sementara hukuman istri Ferdy Sambo, Putri Candrawati  juga diperingan menjadi 10 tahun penjara dari sebelumnya 20 tahun penjara.

Baca Juga [FULL] Hasil Kasasi Ferdy Sambo: Batal Hukuman Mati, Penjara Seumur Hidup di https://www.kompas.tv/video/433020/full-hasil-kasasi-ferdy-sambo-batal-hukuman-mati-penjara-seumur-hidup

Artikel ini bisa dilihat di :  https://www.kompas.tv/video/433039/terbaru-ma-ringankan-vonis-mati-ferdy-sambo-jadi-penjara-seumur-hidup

#ferdysambo #brigadirj",2023-08-08T12:38:01Z,PT2M44S,15047,109,0,291
3SlswxLqWgQ,UCB1fvlA5xmLJ0tZblpoTuaQ,VIVA.CO.ID,Ferdy Sambo Peluk Erat Putri dengan Tangan Terbelenggu,"VIVA - Mantan Kadiv Propam Polri Irjen Ferdy Sambo kedapatan memeluk sang istri Putri Candrawathi sewaktu melakukan rekonstruksi pembunuhan Brigadir J di Jalan Saguling III, Jakarta Selatan. (RK-RD-MI) #ferdysambo #VIVAnewsdaily

Baca berita terbaru, terkini dan terpopuler disini https://www.viva.co.id/",2022-08-30T09:07:19Z,PT2M31S,14547,221,0,114
XqFEzrReg-0,UCwFc1bMj5KFxX8BJ1wBRuzw,Tribun MedanTV,"BEDA NASIB, Ferdy Sambo dengan Bharada E yang Bebas dari Penjara Sejak 4 Agustus 2023","TRIBUN-MEDAN.COM - Mahkamah Agung memangkas hukuman empat terpidana pembunuhan berencana Brigadir Yosua, yaitu Ferdy Sambo, Putri Candrawathi, Ricky Rizal, dan Kuat Ma’ruf.

Ferdy Sambo sebagai pelaku utama pembunuhan berencana, dijatuhi hukuman seumur hidup oleh MA.

Hukuman istri Sambo, Putri Chandrawati juga dipangkas dari 20 tahun menjadi 10 tahun penjara.

Sementara mantan ajudan Sambo, Ricky Rizal Wibowo, hukumannya juga dipangkas dari 13 tahun menjadi 8 tahun penjara. 

Bergabung dengan channel ini untuk mendapatkan akses ke berbagai keuntungan:
https://www.youtube.com/channel/UCwFc1bMj5KFxX8BJ1wBRuzw/join",2023-08-09T07:32:09Z,PT58S,16811,145,0,6
ePI4oO2wZ2E,UCjEz1Z4kKpb5T6HzFw_qlzA,medcom id,"SIDANG VONIS, FERDY SAMBO HADIR DENGAN GAYA RAMBUT MULLET","Terdakwa Ferdy Sambo menjalani sidang vonis kasus pembunuhan berencana terhadap Brigadir J di Pengadilan Negeri Jakarta Selatan, Senin (13/2). Dalam sidang ini, Ia terlihat memiliki model rambut bergaya mullet. Gaya yang menampilkan rambut panjang di bagian belakang, tapi dengan bagian samping dan depan yang pendek. Menurut sobat Medcom, keren nggak nih potongan rambut Sambo?

Hai, Sobat Medcom.id! Kalau kamu punya video peristiwa menarik bisa mengirimkannya ke redaksi@medcom.id.
-------------------
#Medcomid #sidang #vonis #ferdysambo #gaya #rambut #mullet",2023-02-13T06:15:02Z,PT39S,14525,118,0,13
gJ8ip1iMZjg,UCCaeZ3EpiV3IC_krbkPfd6Q,Kita dan Dunia,MAHFUD: Kasus SAMBO !!! #mahfudmd #ferdysambo,"Youtube: ​⁠​⁠​⁠@forumkeadilanTV 
Original video: https://youtu.be/Cy2pcPb__xI",2025-08-11T05:09:53Z,PT54S,28463,283,0,6
IXikx_Olo50,UCqRS-Wm53X4Kif3UFFBSYlQ,Tribun Banten,"ALIMIN RIBUT SUJONO, Hakim yang Vonis Mati Ferdy Sambo GAGAL LOLOS SELEKSI HAKIM AGUNG","Download aplikasi berita TribunX di Play Store atau App Store untuk dapatkan pengalaman baru

TRIBUN-VIDEO.COM - Hakim Alimin Ribut Sujono, yang namanya sempat menjadi sorotan publik setelah menjatuhkan vonis mati kepada mantan Kadiv Propam Polri Ferdy Sambo, gagal melangkah dalam seleksi calon hakim agung dan hakim ad hoc HAM di Mahkamah Agung (MA) tahun 2025.

Dalam rapat pleno Komisi III DPR RI yang digelar Selasa (16/9/2025), Alimin tak memperoleh satu pun suara dari anggota dewan.

Dari 16 calon yang mengikuti uji kelayakan dan kepatutan, Komisi III hanya menetapkan 10 nama yang dinilai layak untuk diajukan sebagai hakim agung dan hakim ad hoc MA.(*)


Artikel ini telah tayang di WartaKotalive.com dengan judul Hakim Vonis Mati Ferdy Sambo Gagal Lolos Seleksi Hakim Agung, https://wartakota.tribunnews.com/nasional/867948/hakim-vonis-mati-ferdy-sambo-gagal-lolos-seleksi-hakim-agung#google_vignette.



Naskah Video : 
Video Production : Untung
Uploader: Wening Cahya Mahardika

#tribunbanten",2025-09-19T04:10:32Z,PT1M3S,24833,218,0,46
hzHfNTCQ1Xg,UCzl0OrB3-ehunyotIQvK77A,METRO TV ,Pihak Ferdy Sambo Unjuk Foto Kedekatan dengan Ajudan Guna Ringankan Tahanan #shorts,"MetroTV, Pada persidangan kasus pembunuhan Brigadir Yosua dengan terdakwa Ferdy Sambo dan Putri Candrwathi, Kamis (29/12/2022). 

Kubu Sambo tunjukan beberapa foto keakraban dengan para ajudannya termasuk almahrum Yosua yang dijadikan bukti untuk ringankan masa tahanan. 
Terdapat juga foto Alm. Yosua sedang di klub malam bersama.

#Metrotv #topreviewmetrotv #ferdysambo #buktifoto #brigadirj",2022-12-29T08:39:50Z,PT31S,13937,155,0,17
3UJOabegCfE,UCT5H_ppXrhC7SFurhrezJKw,Tribun Sumsel,"Kejanggalan Wajah Putri Istri Ferdy Sambo saat di Mako Brimob, Dicurigai Pakai Pemeran Pengganti","Putri Candrawathi, istri Irjen Ferdy Sambo dicurigai menggunakan pemeran pengganti saat tampil di depan awak media.

Kecurigaan masyarakat bahwa istri Irjen Ferdy Sambo menggunakan pemeran pengganti ini setelah terlihat adanya perbedaan, antara wanita yang muncul di layar kaca saat berada di Mako Brimob, dengan foto Putri Candrawathi yang beredar di media sosial.

#kejanggalanwajahputricandrawathi #putricandrawathi #istriferdysambo 

Tribun Sumsel/Ninis
Editor/Eli

Baca berita di ------- http://sumsel.tribunnews.com/

Follow Instagram --------- https://www.instagram.com/tribunsumsel/

Like fanspage --------- https://www.facebook.com/harian.tribun.sumsel/",2022-08-09T05:08:24Z,PT2M2S,13477,56,0,41
KcsV8z3SWHs,UCB1fvlA5xmLJ0tZblpoTuaQ,VIVA.CO.ID,Vonis Hukuman Mati Ferdy Sambo #vivacoid #ferdysambo  #shorts #short,"VIVA - Majelis hakim Pengadilan Negeri Jakarta Selatan (PN Jaksel) menjatuhkan hukuman mati terhadap mantan Kadiv Propam Polri, Ferdy Sambo karena terbukti bersalah melakukan pembunuhan berencana terhadap Brigadir J atau Brigadir Nofriansyah Yosua Hutabarat. (RP-DRP-RN) #vivanewsdaily #shorts #short

Baca berita terbaru, terkini dan terpopuler disini https://www.viva.co.id/",2023-02-13T10:12:01Z,PT52S,13168,208,0,15
QZAgl1FGF3o,UCQK0DP6CN4-A2YLR_GYgAjw,NETIZEN +62,Hakim yang Vonis Mati Ferdy Sambo Tak Dipilih DPR RI Jadi Hakim Agung!#shorts #viralvideo,,2025-09-26T11:55:04Z,PT5S,86682,114,0,21
uTw-bB1KrDQ,UCER4rvDnRBPr_ncYW4UCZjg,tvOneNews ,Ekspresi Lesu Ferdy Sambo saat JPU Bacakan Tuntutan #Shorts #sambo #brigadirj,"Jakarta, https://www.tvOnenews.com - Ekspresi Lesu Ferdy Sambo saat JPU Bacakan Tuntutan #Shorts #BreakingNews #brigadirj 



Saksikan live streaming tvOne hanya di https://www.tvonenews.com/live",2023-01-17T12:30:19Z,PT1M,13067,201,0,13
gJkw0mI_Ljk,UCKII0Ml9S5wneKbHswmUrIQ,CNN Indonesia,LIVE: Pemeriksaan Saksi A De Charge untuk Ferdy Sambo & Putri Candrawathi,"LIVE: Pemeriksaan Saksi A De Charge untuk Ferdy Sambo & Putri Candrawathi

Website: www.cnnindonesia.com
Facebook: https://m.facebook.com/CNNIndonesia/
Instagram: https://instagram.com/cnnindonesiatv
Twitter: https://twitter.com/cnniddaily
TikTok: https://www.tiktok.com/@cnnindonesia
Spotify: CNN Indonesia",2023-01-03T05:36:47Z,PT2H59M26S,12696,108,0,14
FZHZfaxjPnw,UC5BMIWZe9isJXLZZWPWvBlg,KOMPASTV,"Gugat Jokowi dan Kapolri, Ferdy Sambo Minta PTUN Batalkan PTDH atas Dirinya!","JAKARTA, KOMPAS.TV -  Tak terima dipecat dari Polri, Ferdy Sambo yang merupakan mantan Kadiv Propam Polri menggugat Presiden Joko Widodo dan Kapolri Jenderal Listyo Sigit Prabowo ke Pengadilan Tata Usaha Negara, PTUN Jakarta.

Gugatan ini diajukan Ferdy Sambo mengajukan pada Kamis (29/12/2022) kemarin.

Dalam permohonannya, Ferdy Sambo ingin PTUN Jakarta membatalkan keputusan Presiden tentang pemberhentian tidak hormat atas dirinya.

Baca Juga Jelang Tahun Baru, Tol Cipali Kilometer 72 Didominasi Kendaraan Pribadi! di https://www.kompas.tv/article/363443/jelang-tahun-baru-tol-cipali-kilometer-72-didominasi-kendaraan-pribadi

Tim Kuasa Hukum menyebut pertimbangan Ferdy Sambo mengugat Jokowi dan Kapolri terkait pemecatan dirinya karena telah mengajukan surat pengunduran diri yang ditujukkan kepada Kapolri.

Sambo juga meminta PTUN memerintahkan Kapolri untuk menempatkan dan memulihkan kembali semua haknya sebagai anggota kepolisian Republik Indonesia.

Artikel ini bisa dilihat di :  https://www.kompas.tv/article/363458/gugat-jokowi-dan-kapolri-ferdy-sambo-minta-ptun-batalkan-ptdh-atas-dirinya",2022-12-30T10:07:38Z,PT2M41S,12678,70,0,100
1S85O86Z9sI,UCER4rvDnRBPr_ncYW4UCZjg,tvOneNews ,LIVE - Sidang Putusan Banding Ferdy Sambo CS | Breaking News,"Jakarta, https://www.tvOnenews.com - Sidang putusan banding eks Kadiv Propam Polri Ferdy Sambo, Putri Chandrawati, Kuat Ma'ruf dan Ricky Rizal digelar hari ini, Rabu (12/4/2023), di Pengadilan Tinggi DKI Jakarta.

Saksikan live streaming tvOne hanya di https://www.tvonenews.com/live",2023-04-12T12:55:46Z,PT37M26S,12367,54,0,8
Es7qdt3rDf8,UC5BMIWZe9isJXLZZWPWvBlg,KOMPASTV,Perjalanan Kasus Ferdy Sambo hingga MA Anulir Vonis Mati Jadi Penjara Seumur Hidup,"JAKARTA, KOMPAS.TV - Mahkamah Agung (MA) mengabulkan permohonan kasasi terdakwa Ferdy Sambo dalam kasus pembunuhan berencana terhadap Brigadir Yosua Hutabarat,

MA menganulir putusan hukuman mati Ferdy Sambo menjadi penjara seumur hidup.

""Penjara seumur hidup,"" bunyi putusan kasasi yang disampaikan MA, pada Selasa (8/8).

Selain itu, MA juga memotong masa hukuman terhadap 3 terdakwa lainnya yakni Putri Candrawathi, Ricky Rizal dan Kuat Maruf.

Jika menilik ke belakang, awal kasus pembunuhan berencana dinarasikan polisi tembak polisi namun belakangan terungkap Sambo otak dari pembunuhan terhadap Yosua.

Baca Juga Jokowi Angkat Bicara Terkait Mahkamah Agung Diskon Vonis Mati Ferdy Sambo di https://www.kompas.tv/video/433809/jokowi-angkat-bicara-terkait-mahkamah-agung-diskon-vonis-mati-ferdy-sambo

#ferdysambo #penjaraseumurhidup #kasasi

Video grafis: Rafsyan  

Artikel ini bisa dilihat di :  https://www.kompas.tv/video/433881/perjalanan-kasus-ferdy-sambo-hingga-ma-anulir-vonis-mati-jadi-penjara-seumur-hidup",2023-08-12T00:00:38Z,PT5M1S,12304,52,0,41
Pf29fhpa-Bs,UCC-YG6gBZNmdxYfQZnwCX4A,Serambinews,Istri Ferdy Sambo Dapat Remisi Kemerdekaan,"Download aplikasi berita TribunX di Play Store atau App Store untuk dapatkan pengalaman baru

SERAMBINEWS.COM - Putri Candrawathi yang juga istri dari mantan Kadiv Propam Polri, Ferdy Sambo itu turut kecipratan kado istimewa pada Hari Ulang Tahun (HUT) Ke-80 Kemerdekaan Republik Indonesia. 

Putri Candrawathi mendapat remisi dari pemerintah melalui Kementerian Imigrasi dan Pemasyarakatan. Alhasil hukumannya dipotong 9 bulan. Putri Candrawathi merupakan bagian dari 375.025 warga binaan di seluruh Indonesia yang mendapat Remisi Umum (RU), Remisi Dasawarsa (RD), serta Pengurangan Masa Pidana (PMP) bagi narapidana dan anak binaan.

Editor: Aldi Rani
#shorts #ferdysambo #putricandrawathi 
==============================================
Syedara Lon, jangan lupa SUBSCRIBE, SHARE, and COMMENT.

Update video viral lainnya: http://bit.ly/serambivideo
Update berita terpopuler lainnya: http://bit.ly/SerambinewsPopuler
Update info terkini via Serambinews.com: https://aceh.tribunnews.com/

Follow saluran di WhatsApp: https://bit.ly/SaluranWASerambinews
Follow akun Instagram https://bit.ly/IGserambinews
Follow akun Twitter http://bit.ly/TwitterSerambinews
Follow dan like fanpage Facebook http://bit.ly/FBserambinews
Follow akun TikTok http://bit.ly/tiktokserambinews",2025-08-20T03:44:13Z,PT38S,21471,139,0,12
2TTVIPy4OWw,UCD4mYEJsyoMWsZsXApoJnzw,TribunJakarta Official,🔴 BREAKING NEWS - Detik-detik Ferdy Sambo Divonis Hukuman Mati,#ferdysambo #sidangferdysambo #brigadirj,2023-02-13T12:14:42Z,PT3H16M53S,12183,133,0,0
Kng75qdY6_Y,UCKII0Ml9S5wneKbHswmUrIQ,CNN Indonesia,Yasonna Laoly Bantah Ferdy Sambo Tidak Menempati Rutan Salemba | Soundbites of The Week,"Soundbites of the Week minggu ini membahas tentang statement-statement dari para newsmaker. Dimulai dari kasus Ferdy Sambo yang kembali hangat setelah pernyataan Advokat Alvin Lim yang menyatakan Ferdy Sambo tidak pernah tidur di sel melainkan di ruangan ber-AC selama menjalani pidana seumur hidupnya di Lapas Kelas IIA Salemba dibantah oleh Menkumham Yasonna Laoly. Selanjutnya KPU RI menyatakan dalam Debat Capres-Cawapres selanjutnya para Paslon diminta untuk menjelaskan jika menggunakan istilah dan singkatan yang tidak umum digunakan oleh masyarakat awam. Terakhir ada Pasangan Capres nomor urut 3 Ganjar Pranowo dan Cawapres nomor urut 1 Muhaimin Iskandar yang memberikan respons terhadap video 'candid' Presiden Joko Widodo makan malam dengan Menteri Pertahanan sekaligus Capres nomor urut 2 Prabowo Subianto. Anchor CNN Indonesia Syaza Wisastro mengulasnya dalam CNN Indonesia Prime News.

Website: www.cnnindonesia.com
Facebook: https://m.facebook.com/CNNIndonesia/
Instagram: https://instagram.com/cnnindonesiatv
Twitter: https://twitter.com/cnniddaily
TikTok: https://www.tiktok.com/@cnnindonesia
Spotify: CNN Indonesia",2024-01-06T16:00:25Z,PT4M47S,12137,68,0,51
djnivxKQl9g,UC7MSpQJAOQCvNbu9IxJAQug,60s Zone,"Hakim Yang Vonis Ferdy Sambo dicecar Dpr, Gimana Tanggapan Kalian❓ #shorts #youtubeshorts  #fyp",#FerdySambo #Hakim #DPR #BeritaViral #BreakingNews #KasusSambo #ViralIndonesia #ShortsIndonesia #UpdateHariIni #Pengadilan #BeritaTerkini #HotNews #BeritaHariIni #FYP #Viral,2025-09-15T08:00:47Z,PT1M3S,22552,273,0,221
Eq4XMWsHV_4,UCPAxpUn1mrn14xU0JpsLhDg,Kompas.com,"Akhirnya, Ferdy Sambo Sampaikan Maaf ke Orang Tua Brigadir J","Tersangka kasus pembunuhan Brigadir J, Ferdy Sambo mengatakan siap menjalani proses hukum yang saat ini sudah masuk dalam penyerahan berkas perkara ke Kejaksaan Agung. Ferdy Sambo juga menyebut istrinya, Putri Candrawathi, tak bersalah atas kasus pembunuhan tersebut. 


Sebaliknya, Mantan Kadiv Propam Polri tersebut menyebut Putri Candrawathi adalah korban dari peristiwa pembunuhan Brigadir J. Dalam kesempatan itu, Ferdy Sambo juga mengaku menyesal atas perbuatannya.


Simak selengkapnya dalam video berikut.


Video Jurnalis: Talitha Yumna, Singgih Wiryono, Pramulya Sadewa, 
Penulis: Singgih Wiryono
Penulis Naskah: Arini Kusuma Jati
Video Editor: Armitha Sathi Devi
Produser: Firzha Ananda Putri
Music by Reloaded - Savfk





#SidangFerdySambo #HukumanFerdySambo #JernihkanHarapan",2022-10-05T08:54:33Z,PT1M15S,11762,55,0,33
0UNXnjEhGCA,UCVjMTVNEv9GxE4PHxRyqJww,KompasTV Pontianak,Ferdy Sambo Divonis Hukuman Mati #shorts,Ferdy Sambo Divonis Hukuman Mati #shorts,2023-02-15T04:14:43Z,PT24S,16517,205,0,17
rr1bJJ_EZjA,UCB1fvlA5xmLJ0tZblpoTuaQ,VIVA.CO.ID,Tok! Irjen Ferdy Sambo Dipecat Tidak dengan Hormat dari Polri,"VIVA - Tim Komisi Kode Etik Polri (KKEP) memutuskan sanksi terberat kepada mantan Kadiv Propam Polri Irjen Pol Ferdy Sambo. Ia diberhentikan tidak dengan hormat dari anggota kepolisian. (ST-MA-MI) #ferdysambo #VIVAnewsdaily

Baca berita terbaru, terkini dan terpopuler disini https://www.viva.co.id/",2022-08-26T05:59:47Z,PT2M38S,11634,72,0,25
8uKOJBGtvRI,UCzl0OrB3-ehunyotIQvK77A,METRO TV ,Irjen Ferdy Sambo Terancam Hukuman Mati,"Mantan Kadiv Propam Polri Irjen Ferdy Sambo, dijerat pasal pembunuhan berencana terhadap Brigadir Yosua. Peran Ferdy Sambo adalah menyuruh penembakan dan merancang skenario seolah-olah terjadi tembak menembak. Atas perbuatannya Ferdy Sambo terancam hukuman penjara 20 tahun hingga hukuman mati. 
  
""Berdasarkan hasil pemeriksaan keempat tersangka, menurut perannya masing-masing, penyidik menerapkan Pasal 340 subsider Pasal 338 Juncto pada pasal 55 dan pasal 56 KUHP. Dengan ancaman maksimal hukuman mati, penjara seumur hidup atau penjara selama-lamanya 20 tahun."" Kata Kabareskrim Polri, Komjen Agus Andrianto.
------------------

Ikuti juga media sosial METRO TV lainya agar dimanapun tetap terinfomasi dengan baik dan lengkap karena berita paling aktual kami sungguhkan  dan perkembangan terkini kami sampaikan.
METRO TV Official https://www.metrotvnews.com
METRO TV Official Instagram: https://www.instagram.com/metrotv
METRO TV Official Tiktok: https://www.tiktok.com/@metro_tv
METRO TV Facebook Fanpage: https://www.facebook.com/metrotv
METRO TV Official Twitter: https://twitter.com/metro_TV

#Metrotv #Beritaterkini #Beritaupdate",2022-08-10T05:47:21Z,PT2M6S,11618,154,0,71
hEjpeJThFrc,UC5BMIWZe9isJXLZZWPWvBlg,KOMPASTV,Inilah Nota Pembelaan Ferdy Sambo dan Putri Candrawathi di Persidangan,"JAKARTA, KOMPAS.TV - Terdakwa kasus pembunuhan Brigadir Yosua Hutabarat yakni Ferdy Sambo dan juga Putri Candrawathi telah membacakan nota pembelaanya di muka persidangan.

Mantan Kadiv Propam Polri, Ferdy Sambo membacakan nota pembelaanya yang berjudul ""Setitik Harapan Ditengah Sesaknya Pengadilan"" dan dibacakan selama 34 menit.

Tidak hanya menyinggung soal penghakiman dan tekanan dari berbagai pihak, Sambo juga menyerang kesaksian Eliezer pada saat bacakan nota pembelaan.

Tak hanya Sambo, istrinya pun Putri Candrawathi telah membacakan nota pembelaan di muka persidangan.

Ia menulis tangan surat pembelaan tersebut yang ditulis secara langsung di balik penjara kejaksaan, Putri meminta maaf kepada semua pihak yang telah dirugikan oleh dirinya.

Sambil menangis Putri meminta maaf pada suaminya Ferdy Sambo, dan Putri mengaku merasa trauma dan malu atas kejadian ini.

Baca Juga Gabung dengan Dewa United, Egy Maulana Vikri Rasakan Liga Indonesia setelah Empat Tahun di Eropa di https://www.kompas.tv/article/373219/gabung-dengan-dewa-united-egy-maulana-vikri-rasakan-liga-indonesia-setelah-empat-tahun-di-eropa

Artikel ini bisa dilihat di :  https://www.kompas.tv/article/373231/inilah-nota-pembelaan-ferdy-sambo-dan-putri-candrawathi-di-persidangan",2023-01-30T10:43:40Z,PT12M26S,11587,79,0,39
GTErp1QKKT0,UCPAxpUn1mrn14xU0JpsLhDg,Kompas.com,Jaksa: Ferdy Sambo Ikut Tembak Yosua,"Dalam pembacaan tuntutan terdkawa Kuat Ma'ruf dan Ricky Rizal, jaksa penuntut umum menyebut jika Ferdy Sambo ikut menembak Yosua. Bagaimana menurutmu?


Kreatif & Producer: Yuna Fikry
Video Editor: Dimas Septian
Head Producer: Roderick Adrian",2023-01-16T10:16:46Z,PT56S,11547,157,0,5
PoAXumhm_eI,UCmxAIW7RDDC88EPk4ry16Kg,Tribunnews,"Ferdy Sambo Tak Pakai Baju Tahanan saat Sidang Etik, Terungkap Alasannya Tetap Pakai Baju Dinas","TRIBUN-VIDEO.COM - Penampilan Irjen Ferdy Sambo saat menjalani sidang Komisi Kode Etik Polri (KKEP) di Gedung TNCC Mabes Polri menjadi sorotan.


Ferdy Sambo tampak santai mengenakan pakaian dinas harian (PDH) saat menghadiri KKEP pada Kamis (25/8/2022).


Publik justru bertanya-tanya soal pakaian dinas yang masih dikenakan Ferdy Sambo. 


Aturan terkait pakaian yang dikenakan saat sidang kode etik tertuang dalam Peraturan Kepolisian Negara Republik Indonesia.


Pada Nomor 7 Tahun 2022 tentang Kode Etik Profesi dan Komisi Kode Etik Kepolisian Negara Republik Indonesia (KEPP).


Mengutip dari presisi.divkum.polri.go.id, aturan tersebut tertulis pada Pasal 56 yang berbunyi:


Pakaian sidang untuk Sidang KKEP menggunakan:


a. Pakaian Dinas Upacara IV untuk perangkat KKEP, Penuntut, dan Pendamping;


b. Pakaian Dinas Harian untuk Sekretaris, Terduga Pelanggar, Saksi, Rohaniawan, Pembantu Umum, dan ahli dari pegawai negeri pada Polri;


c. Pakaian bebas rapi untuk Saksi dan ahli bagi yang bukan pegawai negeri pada Polri, dan


d. Pakaian Dinas Lapangan untuk Petugas Pengamanan dan pengawalan.


Hal itu yang mendasari Ferdy Sambo tak mengenakan baju tahanan.


Dejelaskan dalam perkap Nomor 7/2022 Kode Etik Profesi Polri (KEPP) adalah norma dan aturan moral.


Baik tertulis maupun tak tertulis yang menjadi pedoman sikap, perilaku dan perbuatan pejabat Polri.


Hal itu dalam melaksanakan tugas, wewenang, tanggung jawab serta kehidupan sehari-hari.


(Tribun-Video.com/ Tribunnews.com)




Artikel ini telah tayang di Tribun-Medan.com dengan judul Pantas Ferdy Sambo Tak Pakai Baju Tahanan saat Disidang Kode Etik, Ternyata Ini Alasannya, 


https://medan.tribunnews.com/2022/08/26/pantas-ferdy-sambo-tak-pakai-baju-tahanan-saat-disidang-kode-etik-ternyata-ini-alasannya.




Host: Yustina Kartika
VP: Januar Imani",2022-08-26T07:06:15Z,PT3M15S,11338,69,0,38
jdn3j-S3NKY,UCmxAIW7RDDC88EPk4ry16Kg,Tribunnews,"Rekam Febri Diansyah yang Sempat Jadi Rival Ronny di Kasus Ferdy Sambo, Kini Bersatu Bela Hasto","Download aplikasi berita TribunX di Play Store atau App Store untuk dapatkan pengalaman baru

TRIBUN-VIDEO.COM - Eks Juru Bicara KPK, Febri Diansyah kini resmi bergabung dengan tim hukum Sekjen PDIP Hasto Kristiyanto.

Febri yang sebelumnya merupakan rival Ronny dalam kasus Ferdy Sambo kini menjadi satu tim dalam mengawal kasus Hasto.

Dikutip dari Tribunnews.com, menanggapi hal ini, Febri menegaskan dirinya dan Ronny merupakan satu profesi sebagai advokat.

Dirinya menyebutkan sebagai tim akan bekerja secara profesional dalam menangani suatu kasus hukum.

Febri menegaskan, profesi advokat tidak bisa dibandingkan dengan sosok klien.

Perlu diketahui sebelumnya Febri menjadi kuasa hukum pihak Eks Kabid Propam Polri Ferdy Sambo.

Sementara Ronny merupakan kuasa hukum dari Bharada E atau Richard Eliezer yang merupakan justice collaborator dalam kasus pembunuhan berencana Brigadir J.

(TribunVideo.com/Tribunnews.com).

Artikel ini telah tayang di Tribunnews.com dengan judul Febri Diansyah Sempat Jadi Rival Ronny Talapessy di Kasus Ferdy Sambo, Kini Bersatu Bela Hasto, https://www.tribunnews.com/nasional/2025/03/13/febri-diansyah-sempat-jadi-rival-ronny-talapessy-di-kasus-ferdy-sambo-kini-bersatu-bela-hasto.

Program : Tribunnews Update
Host  : Alinda Panca
Editor Video : Fegi Sahita
Uploader  : Tri Hantoro

#febridiansyah #kasusferdysambo #ferdysambo #hastokristiyanto #pdip",2025-03-13T10:12:55Z,PT48S,11157,93,0,9
S0limasSJyQ,UCKII0Ml9S5wneKbHswmUrIQ,CNN Indonesia,LIVE: Ferdy Sambo Jadi Saksi di Sidang Perintangan Upaya Hukum,"LIVE: Ferdy Sambo Jadi Saksi di Sidang Perintangan Upaya Hukum

Website: www.cnnindonesia.com
Facebook: https://m.facebook.com/CNNIndonesia/
Instagram: https://instagram.com/cnnindonesiatv
Twitter: https://twitter.com/cnniddaily
TikTok: https://www.tiktok.com/@cnnindonesia
Spotify: CNN Indonesia",2022-12-08T04:56:00Z,PT2H16M25S,11067,44,0,0
G3kp2j1BpEQ,UCD4mYEJsyoMWsZsXApoJnzw,TribunJakarta Official,"Terkuak Kondisi Terkini Anak Ferdy Sambo, Mulai Bicara Biaya Kebutuhan Rumah: Sampah hingga Wifi","TRIBUN-VIDEO.COM - Trisha Eungelica (21) kini harus menjadi sosok pengganti ayah sekaligus ibu di rumah. Orang tuanya, Ferdy Sambo dan Putri Candrawathi kini masih mendekam di tahanan mempertanggungjawabkan perbuatannya atas kematian Yosua Hutabarat atau Brigadir J.

Kehidupan Trisha pun berubah total. Dari memiliki banyak waktu luang hingga selalu terpikir boyband idolanya, BTS, hingga kini harus memikirkan seluruh kebutuhan rumah.

Terlebih sebagai anak sulung, Trisha juga harus memikirkan adik-adiknya.

Perubahan pola hidupnya itu dicurahkan Trisha di media sosial TikTok.

""From: ""Tutor kapan ya? Udah bayar semesteran belum ya?

Liburan tanggal berapa sih? BTS Update apa ya hari Ini?"" tulis Trisha.

Kini semuanya berubah, Trisha sebagai anak tertua harus mengurus keperluan rumah dan kebutuhan tiga adiknya.

Tak cuma itu, Trisha juga memikirkan kebutuhan Ferdy Sambo dan Putri Candrawathi di tahanan.

""Om tolong ini makanannya kirim ke Mama Papa ya, air minum Mama Papa udah dibeliin ya?

Ini gajinya ya Om, Bi iuran sampah bulan ini udah belum ya?

Astaga lupa bayar WiFi,"" tulis Trisha.

Karena harus mengurus orangtua, rumah, dan adik-adiknya, Trisha bercerita kerap kali tak bisa berkumpul dengan teman-teman.

""Gue pulang duluan ya

Kasian sama Mas Arka cuma sama bibi doang

Duh sorry gue banget gue enggak ikut ya

Mas Arka lagi demam,"" tulis Trisha.

Di saat Trisha mengeluh karena harus mengurusi gaji ART hingga membayar WiFi, bagaimana dengan nasib orangtua Brigadi J?

Penelusuran TribunJakarta, Brigadir J berasal dari keluarga yang sederhana.

Ayah Brigadir J Samuel Hutabarat merupakan seorang petani sawit.

Sementara Ibunda Brigadir J, Rosti Simanjuntak tercatat sebagai guru di SD 74 Suka Makmur, Sungai Bahar di Unit I.

Rosti Simanjuntak hanya berpenghasilan pas-pasan dengan gaji Rp 600 ribu per tiga bulan.

Meskipun begitu, mereka berhasil menyekolahkan keempat anaknya, termasuk Brigadir J.

Brigadir J berhasil menjadi polisi murni karena kemampuannya.

""Anak saya almarhum itu lulus murni tanpa uang,"" kata Samuel.

Namun siapa sangka, Brigadir J yang merupakan harapan orangtuanya, harus meninggal di tangan Ferdy Sambo.

Kematian Brigadir J, meninggalkan luka yang sangat dalam di hati keluarganya, terutama sang ibunda.

Hampir setiap hari Rosti Simanjuntak menangis, karena tak lagi bisa memeluk Brigadir J.

Di saat Ferdy Sambo mendapatkan vonis hukuman mati, Rosti Simanjuntak menangis bahagia.

""Terima kasih, Tuhan, kau hadir di sini,"" ujar Rosti dengan cucuran air mata di ruang sidang utama Pengadilan Negeri Jakarta Selatan, Senin (13/2/2023).

Kini Rosti Simanjuntak dan Samuel Hutabarat mulai kembali menjalani kehidupannya.

""Saya merasakan ada sesuatu yang kurang lengkap di tengah keluarga kami,"" ucap Samuel Hutabarat.

""Merasa ada yang hilang tanpa Yoshua,""

""Merasa ada yang tidak lengkap, ternyata karena meninggalnya Yoshua,"" imbuhnya.

https://jakarta.tribunnews.com/2023/05/21/terungkap-kondisi-terkini-anak-ferdy-sambo-mulai-bicara-biaya-kebutuhan-rumah-sampah-hingga-wifi?page=all",2023-05-21T03:30:59Z,PT55S,11490,91,0,5
2o3ZH-vZYsc,UCaG5ALmriPexIXyv7utWKTQ,Raya Dzhain,"Vote Calon Hakim Agung MA, Alimin Pemvonis Mati Ferdy Sambo Raih Suara Nol  ⁉️ #shorts #viralvideo",,2025-09-16T14:32:33Z,PT5S,41938,32,0,3
6Tgx9vQ318M,UCzl0OrB3-ehunyotIQvK77A,METRO TV ,BREAKING NEWS - Ferdy Sambo Mengaku Bohongi Kapolri soal Pembunuhan Brigadir J,"MetroTV, Ferdy Sambo mengaku telah membohongi Kapolri Jenderal Listyo Sigit Prabowo soal pembunuhan Brigadir J. Ia mengaku bersalah telah melakukan hal tersebut. 

""Saat saudara melaporkan memang niat skenario awal itulah yang saudara jelaskan?,"" tanya Hakim Ketua Wahyu Iman Santoso di PN Jakarta Selatan, Selasa (10/1/2/23).

""Demikian Yang Mulia,"" jawab Sambo.

""Artinya, dari awal memang niat melaporkan kepada pimpinan (Kapolri) adalah niat untuk berbohong?,"" tanya Hakim Ketua.

""Itulah salah saya Yang Mulia,"" pungkas Sambo.

Ferdy Sambo mengaku setelah jenazah Brigadir J dibawa ke rumah sakit, ia berangkat ke Mabes Polri untuk melapor kejadian penembakan ke Kapolri. Hal itu Sambo lakukan karena peristiwa terjadi di salah satu pejabat utama Polri.

#Metrotv #topreviewmetrotv #ferdysambo #brigadirj #listyosigitprabowo",2023-01-10T10:37:51Z,PT1M28S,10290,45,0,14
50qiKEDlsLY,UCzb-RRvunxwV9aN3afxB_Nw,NOSUKEE,Jadi Selama Ini Ferdy Sambo Disembunyikan??? #beritaterkini #viralterkini #beritahariini,,2025-09-18T08:45:27Z,PT6S,34785,91,0,16
7Vm0HpNykrI,UCOHXNeu3izvVQV-Rs2WBirQ,KONOHAY TV,Nitizen murka gara-gara istri ferdy sambo dapat revisi 9 bulan #putricandrawathi #beritaterkini,,2025-10-02T13:00:11Z,PT5S,60984,54,0,15
is30wIP7NM8,UCmxAIW7RDDC88EPk4ry16Kg,Tribunnews,"Permohonan Banding Ferdy Sambo Diterima Kapolri, Bakal Disidang Pekan Depan","BACA SELENGKAPNYA https://video.tribunnews.com/view/451864/permohonan-banding-ferdy-sambo-diterima-kapolri-bakal-disidang-pekan-depan

Laporan Wartawan Tribunnews.com, Igman Ibrahim

TRIBUN-VIDEO.COM - Komisi sidang etik dan profesi Polri bakal menggelar sidang permohonan banding Irjen Ferdy Sambo pada pekan depan. Permohonan itu lantaran eks Kadiv Propam Polri itu menolak dipecat dari institusi Polri.

Sebelumnya Irjen Ferdy Sambo dipecat karena menjadi tersangka dalam kasus pembunuhan berencana terhadap Brigadir Yosua Hutabarat alias Brigadir J.

Dia menjadi dalang di balik pembunuhan ajudannya tersebut.

Kadiv Humas Polri Irjen Dedi Prasetyo menyatakan bahwa Ferdy Sambo direncanakan bakal segera disidang banding pada pekan depan.

Permohonan sidang banding itu pun telah diterima Kapolri Jenderal Listyo Sigit Prabowo.


VP: Ghozi Luthfi

#brigadirj #penembakanpolisi #irjenferdysambo #ferdysambo  #beritapopuler #beritaterkini #beritaterbaru #beritahariini #polisi #penembakan #metrojaya #penembakanbrigadirj 
#kasusbrigadirj #bharadae #komnasham #kamaruddinsimanjuntak #ajudan  #polisitembakpolisi #kombesbudi #kasusdurentiga #budiherdi
#tersangka #kerajaansambo #sambopolri #sambodipecat #sidangkodeetik #putricandrawathi #ptdh #rekonstruksi #rekonstruksibrigadirj #kuatmaruf #bripkarr #bripkaricky #shorts #short",2022-09-15T09:59:55Z,PT52S,10121,136,0,49
ivubRR3kmZs,UCER4rvDnRBPr_ncYW4UCZjg,tvOneNews ,Ajudan Irjen Ferdy Sambo Diperiksa | Kabar Petang tvOne,"Jakarta, https://www.tvOnenews.com - Ajudan Irjen Ferdy Sambo Diperiksa | Kabar Petang tvOne
Komnas HAM telah memeriksa para ajudan mantan Kadiv Propam Polri Irjen Ferdy Sambo pada Selasa (26/7/2022).
Pemeriksaan ini juga dilakukan kepada terduga penembak Brigadir Nofriansyah Yosua Hutabarat alias Brigadir J.

Saksikan live streaming tvOne hanya di https://www.tvonenews.com/live",2022-07-27T12:44:08Z,PT1M27S,9908,94,0,32
voVPA8zoMxg,UCPAxpUn1mrn14xU0JpsLhDg,Kompas.com,Mengenal Proses Rekonstruksi Seperti yang Dijalani Ferdy Sambo Cs,"Tim khusus (Timsus) Polri menggelar proses rekonstruksi dalam kasus dugaan pembunuhan berencana Brigadir Nofriansyah Yosua Hutabarat atau Brigadir J pada Selasa (30/8/2022).

Dalam rekonstruksi itu penyidik Timsus menghadirkan lima tersangka, yakni Irjen Ferdy Sambo, Putri Candrawathi (istri Ferdy Sambo), Bharada Richard Eliezer (berperan menembak Brigadir J), Bripka Ricky Rizal (ajudan Ferdy Sambo)dan Kuat Ma'ruf (asisten rumah tangga Ferdy Sambo). Dedi mengatakan, para tersangka juga didampingi pengacaranya saat menjalani rekonstruksi.

Lantas seperti apa proses rekonstruksi dan persiapan penyidik dalam melakukan gelar tersebut?

Simak selengkapnya dalam video berikut.

Video Jurnalis: Pramulya Sadewa, Syalutan Ilham
Penulis: Rahel Narda Chaterine
Penulis Naskah: Rizkia Shindy
Narator: Putri Aulia
Video Editor: Dina Rahmawati
Produser: Adesari Aviningtyas
Music: Under the gun, spooky SZN

#BrigadirJ #FerdySambo #Rekonstruksi #OhBegitu #JernihkanHarapan",2022-08-30T11:23:50Z,PT4M58S,9827,78,0,24
Kng75qdY6_Y,UCKII0Ml9S5wneKbHswmUrIQ,CNN Indonesia,Yasonna Laoly Bantah Ferdy Sambo Tidak Menempati Rutan Salemba | Soundbites of The Week,"Soundbites of the Week minggu ini membahas tentang statement-statement dari para newsmaker. Dimulai dari kasus Ferdy Sambo yang kembali hangat setelah pernyataan Advokat Alvin Lim yang menyatakan Ferdy Sambo tidak pernah tidur di sel melainkan di ruangan ber-AC selama menjalani pidana seumur hidupnya di Lapas Kelas IIA Salemba dibantah oleh Menkumham Yasonna Laoly. Selanjutnya KPU RI menyatakan dalam Debat Capres-Cawapres selanjutnya para Paslon diminta untuk menjelaskan jika menggunakan istilah dan singkatan yang tidak umum digunakan oleh masyarakat awam. Terakhir ada Pasangan Capres nomor urut 3 Ganjar Pranowo dan Cawapres nomor urut 1 Muhaimin Iskandar yang memberikan respons terhadap video 'candid' Presiden Joko Widodo makan malam dengan Menteri Pertahanan sekaligus Capres nomor urut 2 Prabowo Subianto. Anchor CNN Indonesia Syaza Wisastro mengulasnya dalam CNN Indonesia Prime News.

Website: www.cnnindonesia.com
Facebook: https://m.facebook.com/CNNIndonesia/
Instagram: https://instagram.com/cnnindonesiatv
Twitter: https://twitter.com/cnniddaily
TikTok: https://www.tiktok.com/@cnnindonesia
Spotify: CNN Indonesia",2024-01-06T16:00:25Z,PT4M47S,12137,68,0,51
djnivxKQl9g,UC7MSpQJAOQCvNbu9IxJAQug,60s Zone,"Hakim Yang Vonis Ferdy Sambo dicecar Dpr, Gimana Tanggapan Kalian❓ #shorts #youtubeshorts  #fyp",#FerdySambo #Hakim #DPR #BeritaViral #BreakingNews #KasusSambo #ViralIndonesia #ShortsIndonesia #UpdateHariIni #Pengadilan #BeritaTerkini #HotNews #BeritaHariIni #FYP #Viral,2025-09-15T08:00:47Z,PT1M3S,22552,273,0,221
Eq4XMWsHV_4,UCPAxpUn1mrn14xU0JpsLhDg,Kompas.com,"Akhirnya, Ferdy Sambo Sampaikan Maaf ke Orang Tua Brigadir J","Tersangka kasus pembunuhan Brigadir J, Ferdy Sambo mengatakan siap menjalani proses hukum yang saat ini sudah masuk dalam penyerahan berkas perkara ke Kejaksaan Agung. Ferdy Sambo juga menyebut istrinya, Putri Candrawathi, tak bersalah atas kasus pembunuhan tersebut. 


Sebaliknya, Mantan Kadiv Propam Polri tersebut menyebut Putri Candrawathi adalah korban dari peristiwa pembunuhan Brigadir J. Dalam kesempatan itu, Ferdy Sambo juga mengaku menyesal atas perbuatannya.


Simak selengkapnya dalam video berikut.


Video Jurnalis: Talitha Yumna, Singgih Wiryono, Pramulya Sadewa, 
Penulis: Singgih Wiryono
Penulis Naskah: Arini Kusuma Jati
Video Editor: Armitha Sathi Devi
Produser: Firzha Ananda Putri
Music by Reloaded - Savfk





#SidangFerdySambo #HukumanFerdySambo #JernihkanHarapan",2022-10-05T08:54:33Z,PT1M15S,11762,55,0,33
0UNXnjEhGCA,UCVjMTVNEv9GxE4PHxRyqJww,KompasTV Pontianak,Ferdy Sambo Divonis Hukuman Mati #shorts,Ferdy Sambo Divonis Hukuman Mati #shorts,2023-02-15T04:14:43Z,PT24S,16517,205,0,17
rr1bJJ_EZjA,UCB1fvlA5xmLJ0tZblpoTuaQ,VIVA.CO.ID,Tok! Irjen Ferdy Sambo Dipecat Tidak dengan Hormat dari Polri,"VIVA - Tim Komisi Kode Etik Polri (KKEP) memutuskan sanksi terberat kepada mantan Kadiv Propam Polri Irjen Pol Ferdy Sambo. Ia diberhentikan tidak dengan hormat dari anggota kepolisian. (ST-MA-MI) #ferdysambo #VIVAnewsdaily

Baca berita terbaru, terkini dan terpopuler disini https://www.viva.co.id/",2022-08-26T05:59:47Z,PT2M38S,11634,72,0,25
8uKOJBGtvRI,UCzl0OrB3-ehunyotIQvK77A,METRO TV ,Irjen Ferdy Sambo Terancam Hukuman Mati,"Mantan Kadiv Propam Polri Irjen Ferdy Sambo, dijerat pasal pembunuhan berencana terhadap Brigadir Yosua. Peran Ferdy Sambo adalah menyuruh penembakan dan merancang skenario seolah-olah terjadi tembak menembak. Atas perbuatannya Ferdy Sambo terancam hukuman penjara 20 tahun hingga hukuman mati. 
  
""Berdasarkan hasil pemeriksaan keempat tersangka, menurut perannya masing-masing, penyidik menerapkan Pasal 340 subsider Pasal 338 Juncto pada pasal 55 dan pasal 56 KUHP. Dengan ancaman maksimal hukuman mati, penjara seumur hidup atau penjara selama-lamanya 20 tahun."" Kata Kabareskrim Polri, Komjen Agus Andrianto.
------------------

Ikuti juga media sosial METRO TV lainya agar dimanapun tetap terinfomasi dengan baik dan lengkap karena berita paling aktual kami sungguhkan  dan perkembangan terkini kami sampaikan.
METRO TV Official https://www.metrotvnews.com
METRO TV Official Instagram: https://www.instagram.com/metrotv
METRO TV Official Tiktok: https://www.tiktok.com/@metro_tv
METRO TV Facebook Fanpage: https://www.facebook.com/metrotv
METRO TV Official Twitter: https://twitter.com/metro_TV

#Metrotv #Beritaterkini #Beritaupdate",2022-08-10T05:47:21Z,PT2M6S,11618,154,0,71
hEjpeJThFrc,UC5BMIWZe9isJXLZZWPWvBlg,KOMPASTV,Inilah Nota Pembelaan Ferdy Sambo dan Putri Candrawathi di Persidangan,"JAKARTA, KOMPAS.TV - Terdakwa kasus pembunuhan Brigadir Yosua Hutabarat yakni Ferdy Sambo dan juga Putri Candrawathi telah membacakan nota pembelaanya di muka persidangan.

Mantan Kadiv Propam Polri, Ferdy Sambo membacakan nota pembelaanya yang berjudul ""Setitik Harapan Ditengah Sesaknya Pengadilan"" dan dibacakan selama 34 menit.

Tidak hanya menyinggung soal penghakiman dan tekanan dari berbagai pihak, Sambo juga menyerang kesaksian Eliezer pada saat bacakan nota pembelaan.

Tak hanya Sambo, istrinya pun Putri Candrawathi telah membacakan nota pembelaan di muka persidangan.

Ia menulis tangan surat pembelaan tersebut yang ditulis secara langsung di balik penjara kejaksaan, Putri meminta maaf kepada semua pihak yang telah dirugikan oleh dirinya.

Sambil menangis Putri meminta maaf pada suaminya Ferdy Sambo, dan Putri mengaku merasa trauma dan malu atas kejadian ini.

Baca Juga Gabung dengan Dewa United, Egy Maulana Vikri Rasakan Liga Indonesia setelah Empat Tahun di Eropa di https://www.kompas.tv/article/373219/gabung-dengan-dewa-united-egy-maulana-vikri-rasakan-liga-indonesia-setelah-empat-tahun-di-eropa

Artikel ini bisa dilihat di :  https://www.kompas.tv/article/373231/inilah-nota-pembelaan-ferdy-sambo-dan-putri-candrawathi-di-persidangan",2023-01-30T10:43:40Z,PT12M26S,11587,79,0,39
GTErp1QKKT0,UCPAxpUn1mrn14xU0JpsLhDg,Kompas.com,Jaksa: Ferdy Sambo Ikut Tembak Yosua,"Dalam pembacaan tuntutan terdkawa Kuat Ma'ruf dan Ricky Rizal, jaksa penuntut umum menyebut jika Ferdy Sambo ikut menembak Yosua. Bagaimana menurutmu?


Kreatif & Producer: Yuna Fikry
Video Editor: Dimas Septian
Head Producer: Roderick Adrian",2023-01-16T10:16:46Z,PT56S,11547,157,0,5
PoAXumhm_eI,UCmxAIW7RDDC88EPk4ry16Kg,Tribunnews,"Ferdy Sambo Tak Pakai Baju Tahanan saat Sidang Etik, Terungkap Alasannya Tetap Pakai Baju Dinas","TRIBUN-VIDEO.COM - Penampilan Irjen Ferdy Sambo saat menjalani sidang Komisi Kode Etik Polri (KKEP) di Gedung TNCC Mabes Polri menjadi sorotan.


Ferdy Sambo tampak santai mengenakan pakaian dinas harian (PDH) saat menghadiri KKEP pada Kamis (25/8/2022).


Publik justru bertanya-tanya soal pakaian dinas yang masih dikenakan Ferdy Sambo. 


Aturan terkait pakaian yang dikenakan saat sidang kode etik tertuang dalam Peraturan Kepolisian Negara Republik Indonesia.


Pada Nomor 7 Tahun 2022 tentang Kode Etik Profesi dan Komisi Kode Etik Kepolisian Negara Republik Indonesia (KEPP).


Mengutip dari presisi.divkum.polri.go.id, aturan tersebut tertulis pada Pasal 56 yang berbunyi:


Pakaian sidang untuk Sidang KKEP menggunakan:


a. Pakaian Dinas Upacara IV untuk perangkat KKEP, Penuntut, dan Pendamping;


b. Pakaian Dinas Harian untuk Sekretaris, Terduga Pelanggar, Saksi, Rohaniawan, Pembantu Umum, dan ahli dari pegawai negeri pada Polri;


c. Pakaian bebas rapi untuk Saksi dan ahli bagi yang bukan pegawai negeri pada Polri, dan


d. Pakaian Dinas Lapangan untuk Petugas Pengamanan dan pengawalan.


Hal itu yang mendasari Ferdy Sambo tak mengenakan baju tahanan.


Dejelaskan dalam perkap Nomor 7/2022 Kode Etik Profesi Polri (KEPP) adalah norma dan aturan moral.


Baik tertulis maupun tak tertulis yang menjadi pedoman sikap, perilaku dan perbuatan pejabat Polri.


Hal itu dalam melaksanakan tugas, wewenang, tanggung jawab serta kehidupan sehari-hari.


(Tribun-Video.com/ Tribunnews.com)




Artikel ini telah tayang di Tribun-Medan.com dengan judul Pantas Ferdy Sambo Tak Pakai Baju Tahanan saat Disidang Kode Etik, Ternyata Ini Alasannya, 


https://medan.tribunnews.com/2022/08/26/pantas-ferdy-sambo-tak-pakai-baju-tahanan-saat-disidang-kode-etik-ternyata-ini-alasannya.




Host: Yustina Kartika
VP: Januar Imani",2022-08-26T07:06:15Z,PT3M15S,11338,69,0,38
jdn3j-S3NKY,UCmxAIW7RDDC88EPk4ry16Kg,Tribunnews,"Rekam Febri Diansyah yang Sempat Jadi Rival Ronny di Kasus Ferdy Sambo, Kini Bersatu Bela Hasto","Download aplikasi berita TribunX di Play Store atau App Store untuk dapatkan pengalaman baru

TRIBUN-VIDEO.COM - Eks Juru Bicara KPK, Febri Diansyah kini resmi bergabung dengan tim hukum Sekjen PDIP Hasto Kristiyanto.

Febri yang sebelumnya merupakan rival Ronny dalam kasus Ferdy Sambo kini menjadi satu tim dalam mengawal kasus Hasto.

Dikutip dari Tribunnews.com, menanggapi hal ini, Febri menegaskan dirinya dan Ronny merupakan satu profesi sebagai advokat.

Dirinya menyebutkan sebagai tim akan bekerja secara profesional dalam menangani suatu kasus hukum.

Febri menegaskan, profesi advokat tidak bisa dibandingkan dengan sosok klien.

Perlu diketahui sebelumnya Febri menjadi kuasa hukum pihak Eks Kabid Propam Polri Ferdy Sambo.

Sementara Ronny merupakan kuasa hukum dari Bharada E atau Richard Eliezer yang merupakan justice collaborator dalam kasus pembunuhan berencana Brigadir J.

(TribunVideo.com/Tribunnews.com).

Artikel ini telah tayang di Tribunnews.com dengan judul Febri Diansyah Sempat Jadi Rival Ronny Talapessy di Kasus Ferdy Sambo, Kini Bersatu Bela Hasto, https://www.tribunnews.com/nasional/2025/03/13/febri-diansyah-sempat-jadi-rival-ronny-talapessy-di-kasus-ferdy-sambo-kini-bersatu-bela-hasto.

Program : Tribunnews Update
Host  : Alinda Panca
Editor Video : Fegi Sahita
Uploader  : Tri Hantoro

#febridiansyah #kasusferdysambo #ferdysambo #hastokristiyanto #pdip",2025-03-13T10:12:55Z,PT48S,11157,93,0,9
S0limasSJyQ,UCKII0Ml9S5wneKbHswmUrIQ,CNN Indonesia,LIVE: Ferdy Sambo Jadi Saksi di Sidang Perintangan Upaya Hukum,"LIVE: Ferdy Sambo Jadi Saksi di Sidang Perintangan Upaya Hukum

Website: www.cnnindonesia.com
Facebook: https://m.facebook.com/CNNIndonesia/
Instagram: https://instagram.com/cnnindonesiatv
Twitter: https://twitter.com/cnniddaily
TikTok: https://www.tiktok.com/@cnnindonesia
Spotify: CNN Indonesia",2022-12-08T04:56:00Z,PT2H16M25S,11067,44,0,0
G3kp2j1BpEQ,UCD4mYEJsyoMWsZsXApoJnzw,TribunJakarta Official,"Terkuak Kondisi Terkini Anak Ferdy Sambo, Mulai Bicara Biaya Kebutuhan Rumah: Sampah hingga Wifi","TRIBUN-VIDEO.COM - Trisha Eungelica (21) kini harus menjadi sosok pengganti ayah sekaligus ibu di rumah. Orang tuanya, Ferdy Sambo dan Putri Candrawathi kini masih mendekam di tahanan mempertanggungjawabkan perbuatannya atas kematian Yosua Hutabarat atau Brigadir J.

Kehidupan Trisha pun berubah total. Dari memiliki banyak waktu luang hingga selalu terpikir boyband idolanya, BTS, hingga kini harus memikirkan seluruh kebutuhan rumah.

Terlebih sebagai anak sulung, Trisha juga harus memikirkan adik-adiknya.

Perubahan pola hidupnya itu dicurahkan Trisha di media sosial TikTok.

""From: ""Tutor kapan ya? Udah bayar semesteran belum ya?

Liburan tanggal berapa sih? BTS Update apa ya hari Ini?"" tulis Trisha.

Kini semuanya berubah, Trisha sebagai anak tertua harus mengurus keperluan rumah dan kebutuhan tiga adiknya.

Tak cuma itu, Trisha juga memikirkan kebutuhan Ferdy Sambo dan Putri Candrawathi di tahanan.

""Om tolong ini makanannya kirim ke Mama Papa ya, air minum Mama Papa udah dibeliin ya?

Ini gajinya ya Om, Bi iuran sampah bulan ini udah belum ya?

Astaga lupa bayar WiFi,"" tulis Trisha.

Karena harus mengurus orangtua, rumah, dan adik-adiknya, Trisha bercerita kerap kali tak bisa berkumpul dengan teman-teman.

""Gue pulang duluan ya

Kasian sama Mas Arka cuma sama bibi doang

Duh sorry gue banget gue enggak ikut ya

Mas Arka lagi demam,"" tulis Trisha.

Di saat Trisha mengeluh karena harus mengurusi gaji ART hingga membayar WiFi, bagaimana dengan nasib orangtua Brigadi J?

Penelusuran TribunJakarta, Brigadir J berasal dari keluarga yang sederhana.

Ayah Brigadir J Samuel Hutabarat merupakan seorang petani sawit.

Sementara Ibunda Brigadir J, Rosti Simanjuntak tercatat sebagai guru di SD 74 Suka Makmur, Sungai Bahar di Unit I.

Rosti Simanjuntak hanya berpenghasilan pas-pasan dengan gaji Rp 600 ribu per tiga bulan.

Meskipun begitu, mereka berhasil menyekolahkan keempat anaknya, termasuk Brigadir J.

Brigadir J berhasil menjadi polisi murni karena kemampuannya.

""Anak saya almarhum itu lulus murni tanpa uang,"" kata Samuel.

Namun siapa sangka, Brigadir J yang merupakan harapan orangtuanya, harus meninggal di tangan Ferdy Sambo.

Kematian Brigadir J, meninggalkan luka yang sangat dalam di hati keluarganya, terutama sang ibunda.

Hampir setiap hari Rosti Simanjuntak menangis, karena tak lagi bisa memeluk Brigadir J.

Di saat Ferdy Sambo mendapatkan vonis hukuman mati, Rosti Simanjuntak menangis bahagia.

""Terima kasih, Tuhan, kau hadir di sini,"" ujar Rosti dengan cucuran air mata di ruang sidang utama Pengadilan Negeri Jakarta Selatan, Senin (13/2/2023).

Kini Rosti Simanjuntak dan Samuel Hutabarat mulai kembali menjalani kehidupannya.

""Saya merasakan ada sesuatu yang kurang lengkap di tengah keluarga kami,"" ucap Samuel Hutabarat.

""Merasa ada yang hilang tanpa Yoshua,""

""Merasa ada yang tidak lengkap, ternyata karena meninggalnya Yoshua,"" imbuhnya.

https://jakarta.tribunnews.com/2023/05/21/terungkap-kondisi-terkini-anak-ferdy-sambo-mulai-bicara-biaya-kebutuhan-rumah-sampah-hingga-wifi?page=all",2023-05-21T03:30:59Z,PT55S,11490,91,0,5
2o3ZH-vZYsc,UCaG5ALmriPexIXyv7utWKTQ,Raya Dzhain,"Vote Calon Hakim Agung MA, Alimin Pemvonis Mati Ferdy Sambo Raih Suara Nol  ⁉️ #shorts #viralvideo",,2025-09-16T14:32:33Z,PT5S,41938,32,0,3
6Tgx9vQ318M,UCzl0OrB3-ehunyotIQvK77A,METRO TV ,BREAKING NEWS - Ferdy Sambo Mengaku Bohongi Kapolri soal Pembunuhan Brigadir J,"MetroTV, Ferdy Sambo mengaku telah membohongi Kapolri Jenderal Listyo Sigit Prabowo soal pembunuhan Brigadir J. Ia mengaku bersalah telah melakukan hal tersebut. 

""Saat saudara melaporkan memang niat skenario awal itulah yang saudara jelaskan?,"" tanya Hakim Ketua Wahyu Iman Santoso di PN Jakarta Selatan, Selasa (10/1/2/23).

""Demikian Yang Mulia,"" jawab Sambo.

""Artinya, dari awal memang niat melaporkan kepada pimpinan (Kapolri) adalah niat untuk berbohong?,"" tanya Hakim Ketua.

""Itulah salah saya Yang Mulia,"" pungkas Sambo.

Ferdy Sambo mengaku setelah jenazah Brigadir J dibawa ke rumah sakit, ia berangkat ke Mabes Polri untuk melapor kejadian penembakan ke Kapolri. Hal itu Sambo lakukan karena peristiwa terjadi di salah satu pejabat utama Polri.

#Metrotv #topreviewmetrotv #ferdysambo #brigadirj #listyosigitprabowo",2023-01-10T10:37:51Z,PT1M28S,10290,45,0,14
50qiKEDlsLY,UCzb-RRvunxwV9aN3afxB_Nw,NOSUKEE,Jadi Selama Ini Ferdy Sambo Disembunyikan??? #beritaterkini #viralterkini #beritahariini,,2025-09-18T08:45:27Z,PT6S,34785,91,0,16
7Vm0HpNykrI,UCOHXNeu3izvVQV-Rs2WBirQ,KONOHAY TV,Nitizen murka gara-gara istri ferdy sambo dapat revisi 9 bulan #putricandrawathi #beritaterkini,,2025-10-02T13:00:11Z,PT5S,60984,54,0,15
is30wIP7NM8,UCmxAIW7RDDC88EPk4ry16Kg,Tribunnews,"Permohonan Banding Ferdy Sambo Diterima Kapolri, Bakal Disidang Pekan Depan","BACA SELENGKAPNYA https://video.tribunnews.com/view/451864/permohonan-banding-ferdy-sambo-diterima-kapolri-bakal-disidang-pekan-depan

Laporan Wartawan Tribunnews.com, Igman Ibrahim

TRIBUN-VIDEO.COM - Komisi sidang etik dan profesi Polri bakal menggelar sidang permohonan banding Irjen Ferdy Sambo pada pekan depan. Permohonan itu lantaran eks Kadiv Propam Polri itu menolak dipecat dari institusi Polri.

Sebelumnya Irjen Ferdy Sambo dipecat karena menjadi tersangka dalam kasus pembunuhan berencana terhadap Brigadir Yosua Hutabarat alias Brigadir J.

Dia menjadi dalang di balik pembunuhan ajudannya tersebut.

Kadiv Humas Polri Irjen Dedi Prasetyo menyatakan bahwa Ferdy Sambo direncanakan bakal segera disidang banding pada pekan depan.

Permohonan sidang banding itu pun telah diterima Kapolri Jenderal Listyo Sigit Prabowo.


VP: Ghozi Luthfi

#brigadirj #penembakanpolisi #irjenferdysambo #ferdysambo  #beritapopuler #beritaterkini #beritaterbaru #beritahariini #polisi #penembakan #metrojaya #penembakanbrigadirj 
#kasusbrigadirj #bharadae #komnasham #kamaruddinsimanjuntak #ajudan  #polisitembakpolisi #kombesbudi #kasusdurentiga #budiherdi
#tersangka #kerajaansambo #sambopolri #sambodipecat #sidangkodeetik #putricandrawathi #ptdh #rekonstruksi #rekonstruksibrigadirj #kuatmaruf #bripkarr #bripkaricky #shorts #short",2022-09-15T09:59:55Z,PT52S,10121,136,0,49
ivubRR3kmZs,UCER4rvDnRBPr_ncYW4UCZjg,tvOneNews ,Ajudan Irjen Ferdy Sambo Diperiksa | Kabar Petang tvOne,"Jakarta, https://www.tvOnenews.com - Ajudan Irjen Ferdy Sambo Diperiksa | Kabar Petang tvOne
Komnas HAM telah memeriksa para ajudan mantan Kadiv Propam Polri Irjen Ferdy Sambo pada Selasa (26/7/2022).
Pemeriksaan ini juga dilakukan kepada terduga penembak Brigadir Nofriansyah Yosua Hutabarat alias Brigadir J.

Saksikan live streaming tvOne hanya di https://www.tvonenews.com/live",2022-07-27T12:44:08Z,PT1M27S,9908,94,0,32
voVPA8zoMxg,UCPAxpUn1mrn14xU0JpsLhDg,Kompas.com,Mengenal Proses Rekonstruksi Seperti yang Dijalani Ferdy Sambo Cs,"Tim khusus (Timsus) Polri menggelar proses rekonstruksi dalam kasus dugaan pembunuhan berencana Brigadir Nofriansyah Yosua Hutabarat atau Brigadir J pada Selasa (30/8/2022).

Dalam rekonstruksi itu penyidik Timsus menghadirkan lima tersangka, yakni Irjen Ferdy Sambo, Putri Candrawathi (istri Ferdy Sambo), Bharada Richard Eliezer (berperan menembak Brigadir J), Bripka Ricky Rizal (ajudan Ferdy Sambo)dan Kuat Ma'ruf (asisten rumah tangga Ferdy Sambo). Dedi mengatakan, para tersangka juga didampingi pengacaranya saat menjalani rekonstruksi.

Lantas seperti apa proses rekonstruksi dan persiapan penyidik dalam melakukan gelar tersebut?

Simak selengkapnya dalam video berikut.

Video Jurnalis: Pramulya Sadewa, Syalutan Ilham
Penulis: Rahel Narda Chaterine
Penulis Naskah: Rizkia Shindy
Narator: Putri Aulia
Video Editor: Dina Rahmawati
Produser: Adesari Aviningtyas
Music: Under the gun, spooky SZN

#BrigadirJ #FerdySambo #Rekonstruksi #OhBegitu #JernihkanHarapan",2022-08-30T11:23:50Z,PT4M58S,9827,78,0,24
oO6scq49U70,UCER4rvDnRBPr_ncYW4UCZjg,tvOneNews ,"Sejumlah Perwira Polisi Terlibat Kasus Ferdy Sambo, Dapat Promosi Jabatan, Kenapa? | OneNews Update","OneNews Update, https://www.tvOnenews.com - Sejumlah Perwira Polisi Terlibat Kasus Ferdy Sambo, Dapat Promosi Jabatan, Kenapa? | OneNews Update

Sejumlah perwira Polri yang terlibat dalam kasus Ferdy Sambo kini menjabat posisi setelah menjalani hukuman atau demosi. Salah satunya Budhi Herdhi Susianto yang pernah menjabat sebagai Kapolres Jakarta Selatan. (RLN02) (NAS01) (Source: ANTARA)

RENU01
YD02

Saksikan live streaming tvOne hanya di https://www.tvonenews.com/live
Dan jangan lupa untuk follow akun-Akun Sosial Media tvOnenews untuk mendapatkan beragam informasi terkini dan update dari kami:

Facebook - https://www.facebook.com/tvOnenews
Instagram - https://www.instagram.com/tvOnenews
Twitter - https://twitter.com/tvOnenews
TikTok - https://www.tiktok.com/@tvOnenews
Website - https://tvOnenews.com",2024-12-10T14:23:00Z,PT3M9S,9579,58,0,44
3ztJlyjWVak,UC7oxKuCAh5IO4a32VKz7ZMQ,KOMPASTV GORONTALO,Hasil Sidang Putusan: Ferdy Sambo Divonis Hukuman Mati!,"JAKARTA, KOMPAS.TV - Ferdy sambo, terdakwa kasus pembunuhan Brigadir Nofriansyah Yosua Hutabarat atau Brigadir J, divonis hukuman mati.

Majelis hakim menjelaskan, putusan sudah berdasarkan hasil pemeriksaan berkas dan surat-surat yang berkaitan dengan kasus perkara ini.

""Menjatuhkan pidana kepada terdakwa dengan pidana mati,"" ujar Wahyu Iman Santoso, Senin (13/2/2023).

Baca Juga Hakim: Unsur Pembunuhan Berencana Brigadir J oleh Ferdy Sambo Terpenuhi, Sangat Rapi dan Sistematis di https://www.kompas.tv/article/377961/...

Selain itu, putusan juga ditetapkan berdasarkan hasil mendengarkan keterangan saksi, ahli, dan pihak-pihak terkait; serta penjelasan, bukti-bukti, dan tuntutan pidana ataupun perdata terhadap terdakwa.

Majelis hakim tidak luput mempertimbangkan paparan penasihat hukum terdakwa dan argumen terdakwa pribadi dalam persidangan.

Video editor: Vila Randita

Artikel ini bisa dilihat di :  https://www.kompas.tv/article/378008/...",2023-02-13T09:12:58Z,PT51S,10019,50,0,3
KjSVOwR79NI,UCgkqlHkZPSKQ5hMEA2KtsLg,tribuntimur com,"Keunikan Tongkonan milik Ferdy Sambo di Toraja utara, memiliki 3 Longa","ARTIKEL SELENGKAPNYA: https://makassar.tribunnews.com/2022/10/17/ferdy-sambo-jalani-sidang-perdana-keluarga-di-toraja-minta-jaksa-dan-hakim-berlaku-adil


TRIBUN-TIMUR.COM,- TORAJA- Dalam sidang Perdana Irjen Ferdy Sambo, kontributor Tribun timur/Tribun Toraja berkesempatan mengunjungi Tongkonan dan Lumbung keluarga besar Ferdy Sambo. Senin Pagi (17/10/22)

Ferdy Sambo diketahui berasal dari Kandeapi Taniasa, Kecamatan Tikala kabupaten Toraja Utara, Sulawesi  Selatan.(TRIBUN-TIMUR.COM)


Ingat SUBSCRIBE, SHARE dan tinggalkan jejak di kolom KOMENTAR.
Nonton konten viral lainnya di Youtube Channel:
Tribun Timur: http://bit.ly/tribuntimurmks
Update info terkini via: http://tribun-timur.com
Instagram Tribun Timur: http://bit.ly/IGTribunTimur
Twitter Tribun Timur: http://bit.ly/twitterTribunTimur
Facebook Tribun Timur: http://bit.ly/FBTribunTimurMks
YouTube Business Inquiries: 081347061237


TribunToraja.com/Freedy Samuel Tuerah
Editor: Rahman

#Tongkonan #FerdySambo #TorajaUtara #Lumbung #keluargabesar #Kandeapi #Taniasa #Tikala #TorajaUtara #tribuntimurcom",2022-10-17T10:48:46Z,PT3M19S,9876,32,0,9
hOG2w_kXvdc,UCB1fvlA5xmLJ0tZblpoTuaQ,VIVA.CO.ID,"HEBOH Ferdy Sambo 'Gentayangan', Trisha Eungelica Tantang Publik","VIVA - Dunia jagat maya gempar dengan beredarnya foto tersangka pembunuhan Brigadir Nofriansyah Yosua Hutabarat, Ferdy Sambo sedang bersantai di luar tahanan.

Foto itu diunggah selebgram Akbar Pera Baharudin alias Ajudan Pribadi melalui akun Instagram pribadi beberapa hari lalu. (RP-DRP-DA) #VIVAnewsdaily

Baca berita terbaru, terkini dan terpopuler disini https://www.viva.co.id/",2023-07-18T07:00:15Z,PT1M21S,9296,88,0,92
gn_MfQRjw0U,UCmxAIW7RDDC88EPk4ry16Kg,Tribunnews,"EKSPRESI SEDIH Tribrata Putra Anak Ferdy Sambo Wisuda Sendiri, Kursi Wali Kosong, Tak Foto Bareng","Baca Selengkapnya di https://video.tribunnews.com/view/610112/ekspresi-sedih-tribrata-putra-anak-ferdy-sambo-wisuda-sendiri-kursi-wali-kosong-tak-foto-bareng

TRIBUN-VIDEO.COM - Anak eks Kadiv Propam Polri Ferdy Sambo dan Putri Candrawathi, Tribrata Putra baru saja lulus dari SMA Taruna Nusantara, Magelang. 

Ia dinyatakan lulus pada Sabtu (6/5/2023) lalu. 

Ia menjalani upacara kelulusan tanpa kehadiran orangtuanya lantaran masih ditahan akibat kasus pembunuhan berencana Brigadir J. 

#beritaterbaru #beritaterkini #beritaviral #live #breakingnews #ferdysambo #putricandrawathi",2023-05-13T09:56:11Z,PT1M39S,9351,36,0,12
LQIJHlkEmXs,UCK1Kuy7v_dXDkRmwCXMGgbA,Dunia Politik ,Tatapan Sini Ferdy Sambo Saat Melihat Istri Nya Di Ruang Sidang,,2025-08-11T15:39:58Z,PT12S,21048,40,0,2
e_02i9MG8wU,UC3CfgPU48tXwMpEb61fZHIg,Oni anbiya,"Nyeleneh..Ahmad Dhani MINTA Polisi Bikin MONUMEN Ferdy Sambo, Kenapa❓️#shorts #trending #viral",,2025-09-29T03:38:35Z,PT5S,37174,47,0,3
7pmd_D6vNMo,UCB1fvlA5xmLJ0tZblpoTuaQ,VIVA.CO.ID,Terkuak Fakta Ferdy Sambo 'Kawin' Lagi,"VIVA - Mantan Kadiv Propam Polri, Ferdy Sambo diisukan telah menikah lagi karena rumah tangganya dengan Putri Candrawathi tak harmonis. Kabareskrim Polri Komjen Agus Andrianto merespons soal kabar itu. (RK-RD-MI) #VIVAnewsdaily

Baca berita terbaru, terkini dan terpopuler disini https://www.viva.co.id/",2022-09-21T09:15:26Z,PT2M16S,9003,150,0,52
fcoBk7_Wzys,UC5BMIWZe9isJXLZZWPWvBlg,KOMPASTV,Keluarga Yosua Belum Bisa Terima Maaf Ferdy Sambo: Sudah Terlambat,"JAMBI, KOMPAS TV  Keluarga Brigadir Yosua belum mau terima permintaan maaf dari Ferdy Sambo, tersangka pembunuhan berencana Yosua.

Hal tersebut disampaikan bibi Yosua, yang mengaku belum bisa memaafkan Sambo.

""Kalau maafnya pak Sambo, saya pribadi dan keluarga kami Almarhum Yosua, kami tidak bisa menerima sekarang,"" ungkap bibi Yosua Rohanis Simanjuntak, Kamis (6/10).

Baca Juga Tanggapi Soal Permintaan Maaf Sambo, Bibi Brigadir Yosua: Kami Tak Bisa Menerimanya, Sudah Terlambat di https://www.kompas.tv/article/335690/tanggapi-soal-permintaan-maaf-sambo-bibi-brigadir-yosua-kami-tak-bisa-menerimanya-sudah-terlambat

""Karena sudah terlambat,"" lanjutnya.

Keluarga berharap proses persidangan berjalan dengan baik, mengadili para tersangka kasus pembunuhan Yosua.

Urusan permintaan maaf baru akan diurus setelah persidangan selesai. Kini keluarga Yosua menolak untuk menerima permintaan maaf Ferdy Sambo.

""Tentang maafnya sekarang, kami belum bisa menerimanya,"" tutur Rohanis.

Video Editor: Lisa Nurjannah

Artikel ini bisa dilihat di :  https://www.kompas.tv/article/335746/keluarga-yosua-belum-bisa-terima-maaf-ferdy-sambo-sudah-terlambat",2022-10-07T04:00:41Z,PT1M36S,8962,66,0,23
iHLNrLdAtqw,UC5BMIWZe9isJXLZZWPWvBlg,KOMPASTV,Pengakuan Dosa Ferdy Sambo: Saya Tak Tahu Bagaimana Membalasnya,"JAKARTA, KOMPAS.TV - Dalam sidang lanjutan perintangan penyidikan pembunuhan Yosua, dengan terdakwa mantan anak buah Sambo, Irfan Widyanto pada Jumat 16 Desember lalu.

Ferdy Sambo sebagai saksi, mengaku berdosa telah menyeret para anak buahnya, jadi terdakwa.

Sambo sebut siap bertanggung jawab atas kesalahannya.

Baca Juga Ibu dan Anak Ditemukan Tewas saat Banjir Bandang Terjang Sumedang! di https://www.kompas.tv/article/359604/ibu-dan-anak-ditemukan-tewas-saat-banjir-bandang-terjang-sumedang

----

Jangan lewatkan streaming Kompas TV live 24 jam non stop di https://www.kompas.tv/live  agar kamu semua tidak ketinggalan berita-berita terkini, terlengkap, serta laporan langsung dari berbagai daerah di Indonesia.

Subscribe juga channel YouTube Kompas TV  di https://www.youtube.com/c/kompastv dan aktifkan lonceng supaya kamu dapat notifikasi video terbaru langsung. 

Artikel ini bisa dilihat di :  https://www.kompas.tv/article/359610/ferdy-sambo-mengaku-tak-tahu-bagaimana-menebus-dosanya-ke-anak-buah",2022-12-19T00:38:13Z,PT59S,8886,40,0,18
BQ09HgfWUtg,UCPAxpUn1mrn14xU0JpsLhDg,Kompas.com,Ferdy Sambo Ungkap Rasa Bersalah hingga Penyesalan atas Kasus Brigadir J,"Tonton video lainnya di https://kmp.im/video

KOMPAS.com - Terdakwa Ferdy Sambo mengungkapkan rasa bersalah dan penyesalannya kepada keluarga Brigadir J dalam sidang yang digelar Selasa (10/1/2023). Selain itu, Sambo juga mengungkapkan rasa bersalahnya kepada Richard Eliezer atau Bharada E.

Sambo mengaku akan bertanggung jawab atas perintah hajar yang diartikan Richard sebagai perintah untuk menembak Brigadir J.

Kemudian, Sambo mengungkapkan penyesalan kepada istrinya, Putri Candrawathi, dua terdakwa lainnya, Ricky Rizal dan Kuat Maruf, institusi Polri, hingga anak-anaknya.

Simak informasi selengkapnya dalam video berikut.

Video Jurnalis: Pramulya Sadewa, Syalutan Ilham, Firda Rahmawan
Penulis: Singgih Wiryono
Penulis Naskah: Alexandra Birgitta Anandaputri
Narator: Alexandra Birgitta Anandaputri
Video Editor: Alexandra Birgitta Anandaputri
Produser: Elizabeth Prillia Yahya Carvallo

Music: Future Glider - Brian Bolger

#FerdySambo #KasusBrigadirJ #JernihkanHarapan",2023-01-10T15:50:06Z,PT4M27S,8866,43,0,61
NsQx7b8pfic,UCzl0OrB3-ehunyotIQvK77A,METRO TV ,Hakim Cecar Ferdy Sambo Ceritanya Sangat Lucu #shorts,"MetroTV, 

#Metrotv #topreviewmetrotv #ferdysambo #richardeliezer #putricandrawathi #rickyrizal",2022-12-07T09:19:33Z,PT54S,8871,149,0,14
ijVMzvFpXjg,UCmxAIW7RDDC88EPk4ry16Kg,Tribunnews,"KILAS PERISTIWA: Putusan Vonis Ferdy Sambo Berubah Jadi Seumur Hidup, MA Ungkap Alasan Mengejutkan","Download aplikasi berita TribunX di Play Store atau App Store untuk dapatkan pengalaman baru

TRIBUN-VIDEO.COM - Pada 8 Agustus 2023 Mahkamah Agung resmi mengubah vonis Ferdy Sambo dari hukuman mati menjadi hukuman seumur hidup.

Keputusan ini diambil melalui putusan kasasi dalam kasus pembunuhan berencana terhadap Nofriansyah Yosua Hutabarat atau Brigadir J.

Sebelumnya, Sambo divonis dengan hukuman mati oleh Pengadilan Negeri Jakarta pada 13 Februari 2023 lalu.

Kemudian ia mengajukan banding, namun masih ditolak oleh Pengadilan Tinggi dan turun ke Pengadilan Negeri.

Hingga akhirnya MA mengabulkan kasasinya dan mengubah hukuman menjadi seumur hidup.

Putusan kasasi ini ditandatangani oleh lima Hakim Agung, yang dipimpin oleh Hakim Agung Suhadi selaku Ketua Majelis dengan menyebut beberapa pertimbangan yang melatarbelakangi perubahan vonis.

MA menilai Sambo telah mengabdi selama 30 tahun di kepolisian dan turut berkontribusi dalam menjaga ketertiban, keamanan serta penegakan hukum di Indonesia.

Selain itu, di hadapan hakim, Sambo dinilai tegas mengakui kesalahan dan menujukkan kesediaan untuk bertanggung jawab atas perbuatannya.

Mahkamah juga memperhatikan adanya pergeseran politik hukum nasional, dari pendekatan orientasi pembalasan (retributif) ke rehabilitatif yang tercermin dalam Kitab Undang-Undang Hukum Pidana (KUHP) yang baru.

Meskipun keputusan tersebut menuai banyak pro dan kontra masyarakat, namun pihak lain menyatakan perubahan hukum merupakan bagian dari dinamika hukum.

Albert Aries, seorang pakar hukum pidana dari Fakultas Hukum (FH) Universitas Trisakti turut menanggapi putusan ini.

Ia menegaskan bahwa berdasarkan Pasal 10 UU No. 22 Tahun 2022 tentang Pemasyarakatan, narapidana berhak mendapat remisi dan hak lainnya namun dikecualikan bagi terpidana mati dan terpidana seumur hidup.

Albert juga mengimbau semua pihak untuk tetap menghormati putusan pengadilan, sebab pidana penjara seumur hidup adalah sanksi yang paling dekat dengan pidana mati dalam sistem hukum Indonesia.

(Tribun-Video.com)
https://nasional.kompas.com/read/2023/08/10/09235141/ferdy-sambo-dijatuhi-pidana-penjara-seumur-hidup-pakar-tak-bisa-dapat-remisi

Program: Kilas Peristiwa
Host: Fifi Puspitasari
Editor: Dedhi Ajib Ramadhani
Uploader: bagus gema praditiya sukirman",2025-08-08T08:30:42Z,PT2M37S,9822,39,0,61
fBhu5ZeNsj4,UCB1fvlA5xmLJ0tZblpoTuaQ,VIVA.CO.ID,"Istri Ferdy Sambo Alami Gangguan Kejiwaan, Perlindungan LPSK Batal","VIVA -Lembaga Perlindungan Saksi dan Korban (LPSK) menyatakan bahwa istri dari Ferdy Sambo, Putri Candrawathi (PC) mengalami ganguan kejiwaan sehingga permohonan perlindungan terhadap PC ditolak LPSK. (RK-MA-MI) #VIVAnewsdaily

Baca berita terbaru, terkini dan terpopuler disini https://www.viva.co.id/",2022-08-16T09:31:06Z,PT2M15S,7971,48,0,143
sa_USLqSliQ,UCHqbZWLALlNrSQpz3Jy_qlg,TGB Story,Momen DPR Benny Cecar Calon Hakim Agung Yang Vonis Hukuman Mati Ferdy Sambo #shorts,"anggota komisi lll DPR Benny mencecar calon hakim agung Alimin ribut Sujono ditanya pandagannya soal kasus vonis mati Ferdy Sambo.



#shortvideo#subscribe#fakta#faktaunik #faktamenarik#viralvideo#viralshorts #trending#trendingshorts#feedshorts #shorts",2025-09-18T11:35:12Z,PT3M,14429,1121,0,186
Is8r1u3c4B8,UCOkSznMow-LpnSP7FOthxPg,Relung Media,Apa Kabar Ferdy Sambo Sekarang? Trisha Eungelica sang Anak Berharap Ayah Cepat Pulang,"Harapan Trisha Eungelica di hari ulang tahun Ferdy Sambo tengah menuai sorotan. Lewat akun Instagram nya, Trisha meluapkan rasa rindu untuk ayahnya yang genap berusia 52 tahun pada Minggu 9 februari 2025.",2025-02-13T06:00:13Z,PT2M14S,8378,13,0,15
-6s_ynQD1sQ,UCKII0Ml9S5wneKbHswmUrIQ,CNN Indonesia,LIVE! Sidang Sambo: Sidang Replik Ferdy Sambo,"LIVE! Sidang Sambo: Sidang Replik Ferdy Sambo

Website: www.cnnindonesia.com
Facebook: https://m.facebook.com/CNNIndonesia/
Instagram: https://instagram.com/cnnindonesiatv
Twitter: https://twitter.com/cnniddaily
TikTok: https://www.tiktok.com/@cnnindonesia
Spotify: CNN Indonesia",2023-01-27T08:38:04Z,PT36M30S,7787,60,0,16
bD0jnQmVOUU,UCqLsfkQSM0yfyGvONAGWd3Q,BeritaSatu,Breaking News | Sidang Ferdy Sambo - Pemeriksaan Saksi Ahli,"Jangan lewatkan live streaming BTV 24 jam non stop di https://www.beritasatu.com/livestream.

#ferdysambo 
#BTV
#LiveStreaming

Pastikan kamu subscribe dan aktifkan juga tombol lonceng untuk mendapatkan notifikasi video terbaru dari BeritaSatu.

Kunjungi juga social media channel kami :

Official Website: https://www.beritasatu.com
Twitter      : https://twitter.com/Beritasatu
Facebook : https://www.facebook.com/beritasatu/
Instagram : https://www.instagram.com/beritasatu/
Telegram  : https://t.me/beritasatu_news
Tiktok        : https://www.tiktok.com/beritasatu",2022-12-14T06:49:42Z,PT4H17M41S,7764,35,0,0
xrVkEIgpDdg,UCB1fvlA5xmLJ0tZblpoTuaQ,VIVA.CO.ID,BREAKING NEWS! Ferdy Sambo Dituntut Penjara Seumur Hidup,"VIVA - Mantan Kadiv Propam Ferdy Sambo dituntut penjara seumur hidup oleh Jaksa Penuntut Umum (JPU) Pengadilan Negeri Jakarta Selatan, Selasa 17 Januari 2023. Ferdy Sambo dituntut karena terbukti melakukan pembunuhan berencana kepada Brigadir Nofriasyah Yosua Hutabarat atau Brigadir J. (RK-RN-DA) 

Baca berita terbaru, terkini dan terpopuler disini https://www.viva.co.id/",2023-01-17T06:49:09Z,PT3M29S,7684,35,0,52
KDbLtJtfnBk,UC1QpnGo11epfexw1bIiTHTg,Liputan6,"Ferdy Sambo Disebut Tak Tidur di Sel Lapas, Yasonna: Tidak Benar, Asal Ngomong Saja | Liputan 6","Follow WhatsApp Channel Liputan 6 SCTV untuk berita terbaru lainnya: https://whatsapp.com/channel/0029Va5j89g1yT2Bu5Eafo0Y

Simak berita lainnya di: https://www.youtube.com/channel/UC1QpnGo11epfexw1bIiTHTg/videos

Liputan 6 SCTV adalah program berita televisi nasional yang berada di bawah naungan Elang Mahkota Teknologi (Emtek) Group. Liputan 6 SCTV juga menyajikan informasi dalam bentuk live report dan breaking news. Tayang siaran langsung, setiap hari di saluran tv SCTV pada program Liputan 6 Pagi, Liputan 6 Siang, Liputan 6 Petang Terkini, dan Liputan 6 Malam.

Ikuti media sosial Liputan 6 SCTV untuk mendapatkan informasi Aktual, Tajam, Terpercaya. 

Liputan 6 SCTV Official Instagram: https://www.instagram.com/liputan6.sctv/
Liputan 6 SCTV Official Tiktok: https://www.tiktok.com/@liputan6.sctv
Liputan 6 SCTV Official Facebook : https://www.facebook.com/Liputan6SCTV
SCTV Facebook Fanpage: https://www.facebook.com/SCTV
SCTV Official Twitter: https://twitter.com/SCTV

#newssctv #liputan6pagi #liputan6sctv #liputan6siang #liputan6 #liputan6daerah #viral #liputan6bandung #liputan6semarang #berita #beritabola #beritabolaterbaru #beritaterkini #beritaterbaru #beritaviral #beritahariini #beritaupdate #beritaterbaruhariini #beritapolitik #berandafypシ #beranda #berandayoutube #berandayt",2024-01-05T05:39:36Z,PT1M45S,7683,29,0,93
3ztJlyjWVak,UC7oxKuCAh5IO4a32VKz7ZMQ,KOMPASTV GORONTALO,Hasil Sidang Putusan: Ferdy Sambo Divonis Hukuman Mati!,"JAKARTA, KOMPAS.TV - Ferdy sambo, terdakwa kasus pembunuhan Brigadir Nofriansyah Yosua Hutabarat atau Brigadir J, divonis hukuman mati.

Majelis hakim menjelaskan, putusan sudah berdasarkan hasil pemeriksaan berkas dan surat-surat yang berkaitan dengan kasus perkara ini.

""Menjatuhkan pidana kepada terdakwa dengan pidana mati,"" ujar Wahyu Iman Santoso, Senin (13/2/2023).

Baca Juga Hakim: Unsur Pembunuhan Berencana Brigadir J oleh Ferdy Sambo Terpenuhi, Sangat Rapi dan Sistematis di https://www.kompas.tv/article/377961/...

Selain itu, putusan juga ditetapkan berdasarkan hasil mendengarkan keterangan saksi, ahli, dan pihak-pihak terkait; serta penjelasan, bukti-bukti, dan tuntutan pidana ataupun perdata terhadap terdakwa.

Majelis hakim tidak luput mempertimbangkan paparan penasihat hukum terdakwa dan argumen terdakwa pribadi dalam persidangan.

Video editor: Vila Randita

Artikel ini bisa dilihat di :  https://www.kompas.tv/article/378008/...",2023-02-13T09:12:58Z,PT51S,10019,50,0,3
KjSVOwR79NI,UCgkqlHkZPSKQ5hMEA2KtsLg,tribuntimur com,"Keunikan Tongkonan milik Ferdy Sambo di Toraja utara, memiliki 3 Longa","ARTIKEL SELENGKAPNYA: https://makassar.tribunnews.com/2022/10/17/ferdy-sambo-jalani-sidang-perdana-keluarga-di-toraja-minta-jaksa-dan-hakim-berlaku-adil


TRIBUN-TIMUR.COM,- TORAJA- Dalam sidang Perdana Irjen Ferdy Sambo, kontributor Tribun timur/Tribun Toraja berkesempatan mengunjungi Tongkonan dan Lumbung keluarga besar Ferdy Sambo. Senin Pagi (17/10/22)

Ferdy Sambo diketahui berasal dari Kandeapi Taniasa, Kecamatan Tikala kabupaten Toraja Utara, Sulawesi  Selatan.(TRIBUN-TIMUR.COM)


Ingat SUBSCRIBE, SHARE dan tinggalkan jejak di kolom KOMENTAR.
Nonton konten viral lainnya di Youtube Channel:
Tribun Timur: http://bit.ly/tribuntimurmks
Update info terkini via: http://tribun-timur.com
Instagram Tribun Timur: http://bit.ly/IGTribunTimur
Twitter Tribun Timur: http://bit.ly/twitterTribunTimur
Facebook Tribun Timur: http://bit.ly/FBTribunTimurMks
YouTube Business Inquiries: 081347061237


TribunToraja.com/Freedy Samuel Tuerah
Editor: Rahman

#Tongkonan #FerdySambo #TorajaUtara #Lumbung #keluargabesar #Kandeapi #Taniasa #Tikala #TorajaUtara #tribuntimurcom",2022-10-17T10:48:46Z,PT3M19S,9876,32,0,9
hOG2w_kXvdc,UCB1fvlA5xmLJ0tZblpoTuaQ,VIVA.CO.ID,"HEBOH Ferdy Sambo 'Gentayangan', Trisha Eungelica Tantang Publik","VIVA - Dunia jagat maya gempar dengan beredarnya foto tersangka pembunuhan Brigadir Nofriansyah Yosua Hutabarat, Ferdy Sambo sedang bersantai di luar tahanan.

Foto itu diunggah selebgram Akbar Pera Baharudin alias Ajudan Pribadi melalui akun Instagram pribadi beberapa hari lalu. (RP-DRP-DA) #VIVAnewsdaily

Baca berita terbaru, terkini dan terpopuler disini https://www.viva.co.id/",2023-07-18T07:00:15Z,PT1M21S,9296,88,0,92
gn_MfQRjw0U,UCmxAIW7RDDC88EPk4ry16Kg,Tribunnews,"EKSPRESI SEDIH Tribrata Putra Anak Ferdy Sambo Wisuda Sendiri, Kursi Wali Kosong, Tak Foto Bareng","Baca Selengkapnya di https://video.tribunnews.com/view/610112/ekspresi-sedih-tribrata-putra-anak-ferdy-sambo-wisuda-sendiri-kursi-wali-kosong-tak-foto-bareng

TRIBUN-VIDEO.COM - Anak eks Kadiv Propam Polri Ferdy Sambo dan Putri Candrawathi, Tribrata Putra baru saja lulus dari SMA Taruna Nusantara, Magelang. 

Ia dinyatakan lulus pada Sabtu (6/5/2023) lalu. 

Ia menjalani upacara kelulusan tanpa kehadiran orangtuanya lantaran masih ditahan akibat kasus pembunuhan berencana Brigadir J. 

#beritaterbaru #beritaterkini #beritaviral #live #breakingnews #ferdysambo #putricandrawathi",2023-05-13T09:56:11Z,PT1M39S,9351,36,0,12
LQIJHlkEmXs,UCK1Kuy7v_dXDkRmwCXMGgbA,Dunia Politik ,Tatapan Sini Ferdy Sambo Saat Melihat Istri Nya Di Ruang Sidang,,2025-08-11T15:39:58Z,PT12S,21048,40,0,2
e_02i9MG8wU,UC3CfgPU48tXwMpEb61fZHIg,Oni anbiya,"Nyeleneh..Ahmad Dhani MINTA Polisi Bikin MONUMEN Ferdy Sambo, Kenapa❓️#shorts #trending #viral",,2025-09-29T03:38:35Z,PT5S,37174,47,0,3
7pmd_D6vNMo,UCB1fvlA5xmLJ0tZblpoTuaQ,VIVA.CO.ID,Terkuak Fakta Ferdy Sambo 'Kawin' Lagi,"VIVA - Mantan Kadiv Propam Polri, Ferdy Sambo diisukan telah menikah lagi karena rumah tangganya dengan Putri Candrawathi tak harmonis. Kabareskrim Polri Komjen Agus Andrianto merespons soal kabar itu. (RK-RD-MI) #VIVAnewsdaily

Baca berita terbaru, terkini dan terpopuler disini https://www.viva.co.id/",2022-09-21T09:15:26Z,PT2M16S,9003,150,0,52
fcoBk7_Wzys,UC5BMIWZe9isJXLZZWPWvBlg,KOMPASTV,Keluarga Yosua Belum Bisa Terima Maaf Ferdy Sambo: Sudah Terlambat,"JAMBI, KOMPAS TV  Keluarga Brigadir Yosua belum mau terima permintaan maaf dari Ferdy Sambo, tersangka pembunuhan berencana Yosua.

Hal tersebut disampaikan bibi Yosua, yang mengaku belum bisa memaafkan Sambo.

""Kalau maafnya pak Sambo, saya pribadi dan keluarga kami Almarhum Yosua, kami tidak bisa menerima sekarang,"" ungkap bibi Yosua Rohanis Simanjuntak, Kamis (6/10).

Baca Juga Tanggapi Soal Permintaan Maaf Sambo, Bibi Brigadir Yosua: Kami Tak Bisa Menerimanya, Sudah Terlambat di https://www.kompas.tv/article/335690/tanggapi-soal-permintaan-maaf-sambo-bibi-brigadir-yosua-kami-tak-bisa-menerimanya-sudah-terlambat

""Karena sudah terlambat,"" lanjutnya.

Keluarga berharap proses persidangan berjalan dengan baik, mengadili para tersangka kasus pembunuhan Yosua.

Urusan permintaan maaf baru akan diurus setelah persidangan selesai. Kini keluarga Yosua menolak untuk menerima permintaan maaf Ferdy Sambo.

""Tentang maafnya sekarang, kami belum bisa menerimanya,"" tutur Rohanis.

Video Editor: Lisa Nurjannah

Artikel ini bisa dilihat di :  https://www.kompas.tv/article/335746/keluarga-yosua-belum-bisa-terima-maaf-ferdy-sambo-sudah-terlambat",2022-10-07T04:00:41Z,PT1M36S,8962,66,0,23
iHLNrLdAtqw,UC5BMIWZe9isJXLZZWPWvBlg,KOMPASTV,Pengakuan Dosa Ferdy Sambo: Saya Tak Tahu Bagaimana Membalasnya,"JAKARTA, KOMPAS.TV - Dalam sidang lanjutan perintangan penyidikan pembunuhan Yosua, dengan terdakwa mantan anak buah Sambo, Irfan Widyanto pada Jumat 16 Desember lalu.

Ferdy Sambo sebagai saksi, mengaku berdosa telah menyeret para anak buahnya, jadi terdakwa.

Sambo sebut siap bertanggung jawab atas kesalahannya.

Baca Juga Ibu dan Anak Ditemukan Tewas saat Banjir Bandang Terjang Sumedang! di https://www.kompas.tv/article/359604/ibu-dan-anak-ditemukan-tewas-saat-banjir-bandang-terjang-sumedang

----

Jangan lewatkan streaming Kompas TV live 24 jam non stop di https://www.kompas.tv/live  agar kamu semua tidak ketinggalan berita-berita terkini, terlengkap, serta laporan langsung dari berbagai daerah di Indonesia.

Subscribe juga channel YouTube Kompas TV  di https://www.youtube.com/c/kompastv dan aktifkan lonceng supaya kamu dapat notifikasi video terbaru langsung. 

Artikel ini bisa dilihat di :  https://www.kompas.tv/article/359610/ferdy-sambo-mengaku-tak-tahu-bagaimana-menebus-dosanya-ke-anak-buah",2022-12-19T00:38:13Z,PT59S,8886,40,0,18
BQ09HgfWUtg,UCPAxpUn1mrn14xU0JpsLhDg,Kompas.com,Ferdy Sambo Ungkap Rasa Bersalah hingga Penyesalan atas Kasus Brigadir J,"Tonton video lainnya di https://kmp.im/video

KOMPAS.com - Terdakwa Ferdy Sambo mengungkapkan rasa bersalah dan penyesalannya kepada keluarga Brigadir J dalam sidang yang digelar Selasa (10/1/2023). Selain itu, Sambo juga mengungkapkan rasa bersalahnya kepada Richard Eliezer atau Bharada E.

Sambo mengaku akan bertanggung jawab atas perintah hajar yang diartikan Richard sebagai perintah untuk menembak Brigadir J.

Kemudian, Sambo mengungkapkan penyesalan kepada istrinya, Putri Candrawathi, dua terdakwa lainnya, Ricky Rizal dan Kuat Maruf, institusi Polri, hingga anak-anaknya.

Simak informasi selengkapnya dalam video berikut.

Video Jurnalis: Pramulya Sadewa, Syalutan Ilham, Firda Rahmawan
Penulis: Singgih Wiryono
Penulis Naskah: Alexandra Birgitta Anandaputri
Narator: Alexandra Birgitta Anandaputri
Video Editor: Alexandra Birgitta Anandaputri
Produser: Elizabeth Prillia Yahya Carvallo

Music: Future Glider - Brian Bolger

#FerdySambo #KasusBrigadirJ #JernihkanHarapan",2023-01-10T15:50:06Z,PT4M27S,8866,43,0,61
NsQx7b8pfic,UCzl0OrB3-ehunyotIQvK77A,METRO TV ,Hakim Cecar Ferdy Sambo Ceritanya Sangat Lucu #shorts,"MetroTV, 

#Metrotv #topreviewmetrotv #ferdysambo #richardeliezer #putricandrawathi #rickyrizal",2022-12-07T09:19:33Z,PT54S,8871,149,0,14
ijVMzvFpXjg,UCmxAIW7RDDC88EPk4ry16Kg,Tribunnews,"KILAS PERISTIWA: Putusan Vonis Ferdy Sambo Berubah Jadi Seumur Hidup, MA Ungkap Alasan Mengejutkan","Download aplikasi berita TribunX di Play Store atau App Store untuk dapatkan pengalaman baru

TRIBUN-VIDEO.COM - Pada 8 Agustus 2023 Mahkamah Agung resmi mengubah vonis Ferdy Sambo dari hukuman mati menjadi hukuman seumur hidup.

Keputusan ini diambil melalui putusan kasasi dalam kasus pembunuhan berencana terhadap Nofriansyah Yosua Hutabarat atau Brigadir J.

Sebelumnya, Sambo divonis dengan hukuman mati oleh Pengadilan Negeri Jakarta pada 13 Februari 2023 lalu.

Kemudian ia mengajukan banding, namun masih ditolak oleh Pengadilan Tinggi dan turun ke Pengadilan Negeri.

Hingga akhirnya MA mengabulkan kasasinya dan mengubah hukuman menjadi seumur hidup.

Putusan kasasi ini ditandatangani oleh lima Hakim Agung, yang dipimpin oleh Hakim Agung Suhadi selaku Ketua Majelis dengan menyebut beberapa pertimbangan yang melatarbelakangi perubahan vonis.

MA menilai Sambo telah mengabdi selama 30 tahun di kepolisian dan turut berkontribusi dalam menjaga ketertiban, keamanan serta penegakan hukum di Indonesia.

Selain itu, di hadapan hakim, Sambo dinilai tegas mengakui kesalahan dan menujukkan kesediaan untuk bertanggung jawab atas perbuatannya.

Mahkamah juga memperhatikan adanya pergeseran politik hukum nasional, dari pendekatan orientasi pembalasan (retributif) ke rehabilitatif yang tercermin dalam Kitab Undang-Undang Hukum Pidana (KUHP) yang baru.

Meskipun keputusan tersebut menuai banyak pro dan kontra masyarakat, namun pihak lain menyatakan perubahan hukum merupakan bagian dari dinamika hukum.

Albert Aries, seorang pakar hukum pidana dari Fakultas Hukum (FH) Universitas Trisakti turut menanggapi putusan ini.

Ia menegaskan bahwa berdasarkan Pasal 10 UU No. 22 Tahun 2022 tentang Pemasyarakatan, narapidana berhak mendapat remisi dan hak lainnya namun dikecualikan bagi terpidana mati dan terpidana seumur hidup.

Albert juga mengimbau semua pihak untuk tetap menghormati putusan pengadilan, sebab pidana penjara seumur hidup adalah sanksi yang paling dekat dengan pidana mati dalam sistem hukum Indonesia.

(Tribun-Video.com)
https://nasional.kompas.com/read/2023/08/10/09235141/ferdy-sambo-dijatuhi-pidana-penjara-seumur-hidup-pakar-tak-bisa-dapat-remisi

Program: Kilas Peristiwa
Host: Fifi Puspitasari
Editor: Dedhi Ajib Ramadhani
Uploader: bagus gema praditiya sukirman",2025-08-08T08:30:42Z,PT2M37S,9822,39,0,61
fBhu5ZeNsj4,UCB1fvlA5xmLJ0tZblpoTuaQ,VIVA.CO.ID,"Istri Ferdy Sambo Alami Gangguan Kejiwaan, Perlindungan LPSK Batal","VIVA -Lembaga Perlindungan Saksi dan Korban (LPSK) menyatakan bahwa istri dari Ferdy Sambo, Putri Candrawathi (PC) mengalami ganguan kejiwaan sehingga permohonan perlindungan terhadap PC ditolak LPSK. (RK-MA-MI) #VIVAnewsdaily

Baca berita terbaru, terkini dan terpopuler disini https://www.viva.co.id/",2022-08-16T09:31:06Z,PT2M15S,7971,48,0,143
sa_USLqSliQ,UCHqbZWLALlNrSQpz3Jy_qlg,TGB Story,Momen DPR Benny Cecar Calon Hakim Agung Yang Vonis Hukuman Mati Ferdy Sambo #shorts,"anggota komisi lll DPR Benny mencecar calon hakim agung Alimin ribut Sujono ditanya pandagannya soal kasus vonis mati Ferdy Sambo.



#shortvideo#subscribe#fakta#faktaunik #faktamenarik#viralvideo#viralshorts #trending#trendingshorts#feedshorts #shorts",2025-09-18T11:35:12Z,PT3M,14434,1121,0,186
Is8r1u3c4B8,UCOkSznMow-LpnSP7FOthxPg,Relung Media,Apa Kabar Ferdy Sambo Sekarang? Trisha Eungelica sang Anak Berharap Ayah Cepat Pulang,"Harapan Trisha Eungelica di hari ulang tahun Ferdy Sambo tengah menuai sorotan. Lewat akun Instagram nya, Trisha meluapkan rasa rindu untuk ayahnya yang genap berusia 52 tahun pada Minggu 9 februari 2025.",2025-02-13T06:00:13Z,PT2M14S,8378,13,0,15
-6s_ynQD1sQ,UCKII0Ml9S5wneKbHswmUrIQ,CNN Indonesia,LIVE! Sidang Sambo: Sidang Replik Ferdy Sambo,"LIVE! Sidang Sambo: Sidang Replik Ferdy Sambo

Website: www.cnnindonesia.com
Facebook: https://m.facebook.com/CNNIndonesia/
Instagram: https://instagram.com/cnnindonesiatv
Twitter: https://twitter.com/cnniddaily
TikTok: https://www.tiktok.com/@cnnindonesia
Spotify: CNN Indonesia",2023-01-27T08:38:04Z,PT36M30S,7787,60,0,16
bD0jnQmVOUU,UCqLsfkQSM0yfyGvONAGWd3Q,BeritaSatu,Breaking News | Sidang Ferdy Sambo - Pemeriksaan Saksi Ahli,"Jangan lewatkan live streaming BTV 24 jam non stop di https://www.beritasatu.com/livestream.

#ferdysambo 
#BTV
#LiveStreaming

Pastikan kamu subscribe dan aktifkan juga tombol lonceng untuk mendapatkan notifikasi video terbaru dari BeritaSatu.

Kunjungi juga social media channel kami :

Official Website: https://www.beritasatu.com
Twitter      : https://twitter.com/Beritasatu
Facebook : https://www.facebook.com/beritasatu/
Instagram : https://www.instagram.com/beritasatu/
Telegram  : https://t.me/beritasatu_news
Tiktok        : https://www.tiktok.com/beritasatu",2022-12-14T06:49:42Z,PT4H17M41S,7764,35,0,0
xrVkEIgpDdg,UCB1fvlA5xmLJ0tZblpoTuaQ,VIVA.CO.ID,BREAKING NEWS! Ferdy Sambo Dituntut Penjara Seumur Hidup,"VIVA - Mantan Kadiv Propam Ferdy Sambo dituntut penjara seumur hidup oleh Jaksa Penuntut Umum (JPU) Pengadilan Negeri Jakarta Selatan, Selasa 17 Januari 2023. Ferdy Sambo dituntut karena terbukti melakukan pembunuhan berencana kepada Brigadir Nofriasyah Yosua Hutabarat atau Brigadir J. (RK-RN-DA) 

Baca berita terbaru, terkini dan terpopuler disini https://www.viva.co.id/",2023-01-17T06:49:09Z,PT3M29S,7684,35,0,52
KDbLtJtfnBk,UC1QpnGo11epfexw1bIiTHTg,Liputan6,"Ferdy Sambo Disebut Tak Tidur di Sel Lapas, Yasonna: Tidak Benar, Asal Ngomong Saja | Liputan 6","Follow WhatsApp Channel Liputan 6 SCTV untuk berita terbaru lainnya: https://whatsapp.com/channel/0029Va5j89g1yT2Bu5Eafo0Y

Simak berita lainnya di: https://www.youtube.com/channel/UC1QpnGo11epfexw1bIiTHTg/videos

Liputan 6 SCTV adalah program berita televisi nasional yang berada di bawah naungan Elang Mahkota Teknologi (Emtek) Group. Liputan 6 SCTV juga menyajikan informasi dalam bentuk live report dan breaking news. Tayang siaran langsung, setiap hari di saluran tv SCTV pada program Liputan 6 Pagi, Liputan 6 Siang, Liputan 6 Petang Terkini, dan Liputan 6 Malam.

Ikuti media sosial Liputan 6 SCTV untuk mendapatkan informasi Aktual, Tajam, Terpercaya. 

Liputan 6 SCTV Official Instagram: https://www.instagram.com/liputan6.sctv/
Liputan 6 SCTV Official Tiktok: https://www.tiktok.com/@liputan6.sctv
Liputan 6 SCTV Official Facebook : https://www.facebook.com/Liputan6SCTV
SCTV Facebook Fanpage: https://www.facebook.com/SCTV
SCTV Official Twitter: https://twitter.com/SCTV

#newssctv #liputan6pagi #liputan6sctv #liputan6siang #liputan6 #liputan6daerah #viral #liputan6bandung #liputan6semarang #berita #beritabola #beritabolaterbaru #beritaterkini #beritaterbaru #beritaviral #beritahariini #beritaupdate #beritaterbaruhariini #beritapolitik #berandafypシ #beranda #berandayoutube #berandayt",2024-01-05T05:39:36Z,PT1M45S,7683,29,0,93
u5rreGvG3Y4,UCER4rvDnRBPr_ncYW4UCZjg,tvOneNews ,"Berbeda Nasib dengan Putri Candrawathi, Ferdy Sambo Tak Mendapat Remisi, Kenapa? | OneNews Update","OneNews Update, https://www.tvOnenews.com - Berbeda Nasib dengan Putri Candrawathi, Ferdy Sambo Tak Mendapat Remisi, Kenapa? | OneNews Update

Istri Ferdy Sambo, Putri Candrawathi, menerima Remisi Umum (RU) dan Remisi Dasawarsa (RD) pada HUT ke-80 Republik Indonesia. Kendati begitu, berbeda nasib dengan sang suami Ferdy Sambo yang tak mendapatkan remisi. (RLN02) (NAS01) (Source: YouTube tvOnenews)

RENU01
ROB02

Saksikan live streaming tvOne hanya di https://www.tvonenews.com/live
Dan jangan lupa untuk follow akun-Akun Sosial Media tvOnenews untuk mendapatkan beragam informasi terkini dan update dari kami:

Facebook - https://www.facebook.com/tvOnenews
Instagram - https://www.instagram.com/tvOnenews
Twitter - https://twitter.com/tvOnenews
TikTok - https://www.tiktok.com/@tvOnenews
Website - https://tvOnenews.com",2025-08-22T07:00:52Z,PT3M52S,8333,30,0,15
S7WL5fOLCU8,UCDXxEb5Wa_Y7hyGI2BzCdjA,KOMPASTV ACEH,"Peringatan Keras Kamaruddin Untuk Ferdy Sambo, Ancam Buka Kasus Lain","JAKARTA, KOMPAS.TV  Kamaruddin Simanjuntak angkat bicara merespons permintaan maaf Ferdy Sambo pada keluarga Yosua. 

Pengacara keluarga Brigadir Nofriansyah Yosua Hutabarat menilai sikap Sambo masih tetap mencari alasan walau sedang menyampaikan permintaan maaf ke orang tua Brigadir J. 

""Kalau dia masih cari-cari alasan, masih cari-cari alasan, hoaks gitu, ya berarti tidak tulus,""kata Kamaruddin dikutip dari Kompas.com.

Kamaruddin mengatakan tak segan membuka kasus lain yang melibatkan Ferdy Sambo jika masih bertingkah. 

""Kalau dia terlalu bandel, nanti semua berkas dia, kasus dia yang lain, kubuka semua nanti. Ada yang rekayasa perkara, ada yang macam-macam, itu sudah saya identifikasi semua,""jelasnya Kamaruddin. 

Sebelumnya pada 5 Oktober kemarin, Ferdy Sambo sempat mengucapkan maaf ke Orang Tua Yosua.

""Saya sangat menyesal, saya menyampaikan permohonan maaf kepada pihak pihak yang sudah terdampak atas perbuatan saya termasuk bapak dan ibu dari Josua,"" kata Sambo saat tiba di Kejagung, Jakarta Selatan, Rabu (5/10/2022).

""Istri saya tidak bersalah, tidak melakukan apa-apa dan justru menjadi korban. Saya siap menjalani proses hukum,"" kata Sambo.
___________
Sahabat Kompas TV Aceh jangan lupa like, comment, dan subscribe channel YouTube Kompas TV Aceh, juga aktifkan lonceng notifikasi agar tidak ketinggalan update mengenai isu-isu terkini di Indonesia.

Jangan lewatkan live streaming Kompas TV 24 jam non stop di https://www.kompas.tv/live. 
Ikuti sosial media Kompas TV Aceh:
https://www.instagram.com/kompastv.aceh
https://www.facebook.com/biro.kompastvaceh

KOMPAS TV
INDEPENDEN | TERPERCAYA 
24 UHF BANDA ACEH",2022-10-07T11:00:19Z,PT2M39S,7413,31,0,9
iDgBiWyCDKY,UCmxAIW7RDDC88EPk4ry16Kg,Tribunnews,"Citra Mahkamah Agung Jadi Taruhan, Ahli Ungkap 3 Faktor Ferdy Sambo Bisa Divonis Maksimal Hari Ini","TRIBUN-VIDEO.COM - Kasus pembunuhan berencana terhadap Brigadir J dinilai menjadi pertaruhan citra Makamah Agung, terlebih telah mencapai puncak dengan pembacaan vonis hari ini.

Pasalnya kasus ini telah menyeret banyak anggota Polri dan masyarakat menuntut hukum seadil-adilnya.

Terkait vonis kepada Ferdy Sambo, ahli mengungkap akan ada 3 faktor yang bisa membuatnya divonis berat.

Dari analisis psikologis, para dinilai hakim akan menjadikan putusan itu buat mencapai sasaran di luar perkara yang menyedot perhatian banyak orang.

Hal itu disampaikan ahli psikologi forensik sekaligus peneliti ASA Indonesia Institute, Reza Indragiri Amriel.

Faktor pertama, adanya keinginan hakim kasus ini menjadi Hakim Agung.

Menurut Reza, agar bisa mencapai posisi itu, mereka harus punya portofolio yang impresif berupa putusan emas.

Ia mengatakan, jika nantinya majelis hakim sanggup menyatakan Sambo bersalah dan menjatuhkan hukuman maksimal terhadap Sambo.

Maka putusan mereka itu nanti akan menjadi salah satu hal yang bisa dipertimbangkan buat bersaing dalam perebutan kursi hakim agung di Mahkamah Agung. 

Faktor kedua, menurut Reza, adalah jika masyarakat nantinya menilai putusan majelis hakim kurang adil, maka citra Mahkamah Agung bisa menurun.

Karena itulah, putusan hakim harus memuat hukuman berat bahkan terberat bagi Sambo.

Di situlah nantinya putusan dihasilkan sebagai instrumen untuk mengamankan reputasi Mahkamah Agung.

Sebab di mata masyarakat dari persidangan selama ini, peran Sambo dan Putri dalam kasus itu penting dan dianggap layak dihukum maksimal.

Faktor terakhir yang membuat hakim akan menjatuhkan hukuman berat kepada Sambo.

Yakni masih adanya kekhawatiran Mantan Kadiv Propam Polri itu masih mempunyai pengaruh meski dipenjara.

Sebab Sambo disebut-sebut mempunyai kekayaan yang besar dan dikhawatirkan bisa menggunakan uang itu buat memperoleh berbagai fasilitas dari balik jeruji besi.

Demi menghindari hal itu, maka menurut Reza majelis hakim akan menjatuhkan putusan maksimal terhadap Sambo.

Keputusan itu juga akan dianggap turut membantu penegakan hukum secara berintegritas. 

Sebelumnya, berdasarkan surat tuntutan jaksa, kelima terdakwa dinilai terbukti secara sah dan meyakinkan bersalah melakukan tindak pidana pembunuhan terhadap Brigadir J yang direncanakan terlebih dahulu. 
Mereka dinilai telah melanggar Pasal 340 Kitab Undang-Undang Hukum Pidana (KUHP) juncto Pasal 55 Ayat (1) ke 1 KUHP. 

Selain itu, khusus Sambo, jaksa penuntut umum juga menganggapnya terbukti bersalah dalam kasus dugaan merintangi penyidikan.

Melanggar Pasal 49 jo Pasal 33 UU Nomor 19 Tahun 2016 tentang Perubahan Atas UU Nomor 11 Tahun 2008 tentang Informasi dan Transaksi Elektronik jo Pasal 55 Ayat (1) ke-1 KUHP.(Tribun-video.com/Kompas.com)


Artikel ini telah tayang di Kompas.com dengan judul ""Ahli Ungkap 3 Faktor Bakal Jadi Pertimbangan Vonis Ferdy Sambo"", Klik untuk baca: https://nasional.kompas.com/read/2023/02/12/19561451/ahli-ungkap-3-faktor-bakal-jadi-pertimbangan-vonis-ferdy-sambo.

Host: Dea Mita
VP: Yohanes Anton

#beritaterbaru #beritaterkini #beritaviral #live #breakingnews",2023-02-13T04:30:32Z,PT3M24S,7386,30,0,12
ElLevI8_V9A,UCcuE9SJmB2W9u8KCdBBA3Qg,TribunAmbon News,"Viral Video Tumpukan Uang Rp900 M Disebut Milik Ferdy Sambo di Bunker Rumah, Ini Faktanya","ED, TRIBUN-VIDEO.COM - Kabar temuan uang berjumlah fantastis milik Ferdy Sambo dalam bunker di bekas rumah mertuanya Kawasan Kemang, Jakarta Selatan masih menjadi tanda tanya. 

Kini, justru kembali muncul video yang dinarasikan sebagai tumpukan uang Rp900 Miliar yang disimpan Ferdy Sambo beredar luas. 

Terlihat dalam video yang viral, tumpukan uang itu disimpan di koper berwarna silver. Menanggapi hal itu, Kadiv Humas Polri Irjen Dedi Prasetyo, memastikan kabar dan video itu tidak benar alias hoax. 

Dedi sebelumnya menjelaskan, tim khusus memang melakukan penggeledahan dibeberapa tempat yakni rumah Irjen Ferdy Sambo. 

Penyidik pun melakukan penyitaan beberapa barang bukti. Namun, tidak ada bunker berisikan uang Rp900 miliar yang disita. 

Dedi mengimbau masyarakat untuk tidak mudah percaya dengan informasi-informasi yang kebenarannya tidak dapat dipertanggung jawabkan. 

Lebih lanjut, pihaknya juga akan mengusut penyebaran video tersebut.

Website https://ambon.tribunnews.com/
Twitter https://twitter.com/tribunambonnews
Facebook https://www.facebook.com/tribunambon
Instagram https://www.instagram.com/tribunambon
TikTok https://www.tiktok.com/@tribunambon

#TribunAmbon #TribunNews #BeritaAmbon #AmbonTerkini #MalukuTerkini #Viral #BeritaViral",2022-08-24T04:13:03Z,PT1M46S,7291,30,0,2
deGW4Wo1Lig,UCDH-Y35AZ9G5nm8-XREBltw,SripokuTV,Peran Ferdy Sambo di Kasus KM 50,"#kasusKM50 #ferdysambo #propampolri

Kasus KM 50 yang merupakan peristiwa penembakan terhadap enam anggota Front Pembela Islam (FPI) di tol Jakarta – Cikampek, kembali mengemuka seiring berjalannya penyelidikan terhadap kematian Brigadir Nopryansah Yosua Hutabarat alias Brigadir J.

Ketika menangani kasus KM 50, Irjen Ferdy Sambo mengerahkan 30 anggota Tim Propam untuk mengungkap kasus tersebut.

Ia menegaskan keterlibatan Divisi Propam dalam kasus ditembaknya enam anggota laskar FPI bukan karena indikasi pelanggaran, namun bertugas memeriksa penggunaan kekuatan sudah sesuai Perkap atau belum.

Lihat informasi terkini bersama kami, di:

Website Sripoku.com:
Palembang.tribunnews.com

Facebook Sriwijaya Post:
https://www.facebook.com/sripoku

Twitter Sriwijaya Post:
https://twitter.com/sripoku

Instagram Sriwijaya Post:
https://www.instagram.com/sriwijayapost/

Sumber Video: Facebook/@Wartakota @Tribunnews.com
Editor Video: IkaYI",2022-08-10T06:13:50Z,PT3M3S,7214,61,0,27
c_5j4F4kuP0,UCAUrFd-H9Joy4vkd5haqNBw,Togop Ratus Panggabean,Ada yang Aneh Tiap Lewat Rumah Ferdy Sambo #youtubeshorts #shorts #beritaterkini #masukberanda,"Tetanggaan, Bule Jerman Ini Ngaku Ada yang Aneh Tiap Lewat Rumah Ferdy Sambo",2025-09-14T03:14:39Z,PT5S,31686,44,0,1
poPjR7TGbDM,UCzl0OrB3-ehunyotIQvK77A,METRO TV ,Pernyataan Irjen Ferdy Sambo Saat Datang ke Bareskrim Polri,"Ikuti juga media sosial METRO TV lainya agar dimanapun tetap terinfomasi dengan baik dan lengkap karena berita paling aktual kami sungguhkan  dan perkembangan terkini kami sampaikan.
METRO TV Official https://www.metrotvnews.com
METRO TV Official Instagram: https://www.instagram.com/metrotv
METRO TV Official Tiktok: https://www.tiktok.com/@metro_tv
METRO TV Facebook Fanpage: https://www.facebook.com/metrotv
METRO TV Official Twitter: https://twitter.com/metro_TV

#Metrotv #Beritaterkini #Beritaupdate",2022-08-04T06:32:49Z,PT2M39S,7061,50,0,65
D0U_9uW2CQQ,UC1QpnGo11epfexw1bIiTHTg,Liputan6,Kapolri: Ferdy Sambo Tersangka Pembunuhan Brigadir J #shorts,,2022-08-09T12:52:53Z,PT42S,7076,56,0,4
WaYeeGPROwQ,UCkB-tL3qX-TmLOQiMPp-0yA,Katadata Indonesia,"Adegan Rekonstruksi, Kuat Ma’ruf Serahkan Pisau ke Ajudan Ferdy Sambo | Katadata Indonesia","Polisi telah melakukan rekonstruksi kasus pembunuhan Brigadir Yosua Hutabarat alias Brigadir J. Kegiatan reka ulang meliputi peristiwa di tiga lokasi rumah Irjen Ferdy Sambo. 

Yang pertama di Magelang, Jawa Tengah sebanyak 16 adegan. Kedua, rumah Sambo di Jalan Saguling, Jakarta Selatan, sebanyak 35 adegan. Terakhir, rumah dinas Sambo di Jalan Duren Tiga, Jakarta Selatan, sebanyak 27 adegan, termasuk pembunuhan Brigadir J.

Rekonstruksi tersebut juga menunjukkan adegan Kuat Ma’ruf alias KM menyerahkan sebilah pisau dan handy talkie (HT) kepada seorang ajudan Sambo. Pisau ini, menurut polisi terkait peristiwa di Magelang. 

Dalam kasus ini polisi sudah menetapkan lima orang tersangka. Kelimanya adalah Ferdy Sambo, Putri Candrawathi (istri Sambo), Brigadir Ricky Rizal, Bharada Richard Eliezer, dan Kuat Ma’ruf (sopir Sambo). 

======================================================

Mulai Sekarang #KalauBicaraPakaiData

Pantau dan Subscribe Katadata Indonesia.

Official Website : https://katadata.co.id/
Youtube              : https://www.youtube.com/c/KatadataIndonesia
Instagram           : https://www.instagram.com/katadatacoid
Facebook           : https://www.facebook.com/katadatacoid",2022-08-31T04:17:57Z,PT2M47S,6966,34,0,2
6lmu2xfzBzQ,UCJpdpj9hNhaYBRGusGv7CjQ,Tribun Jateng,Sosok Tribrata Anak Ferdy Sambo dan Putri Candrawathi Lolos Akpol 2023 Penerus Ayah jadi Polisi,"Klik Subscribe dan nyalakan notifikasi agar mendapatkan update news video terbaru

Tribrata Putra Sambo anak Ferdy Sambo dan Putri Candrawathi lolos Akademi Kepolisian atau Akpol 2023 di Semarang, Jawa Tengah.

Tribrata merupakan lulusan SMA Taruna Nusantara Magelang.

Tribrata Putra Sambo adalah anak ketiga dari pasangan Ferdy Sambo dan Putri Candrawathi.

#Tribrata #AnakFerdySambo #LolosAkpol2023

News Enchor: Elsa Elningtyas
Video Editor: rst",2023-07-31T01:11:15Z,PT2M28S,6717,19,0,8
gdsflz6374U,UCROqrSV2b_G1IW_SkD4L11A,Corry News,🔴Full Perdebatan Panas antara Bharada Eliezer dengan Kuasa hukum Ferdy sambo,"SIDANG LANJUTAN KASUS PEMBUNUHAN BRIGADIR J DENGAN TERDAKWA FERDY SAMBO MENGHADIRKAN TERDAKWA LAINNYA YAITU BHARADA ELIEZER DAN JUGA SEBAGAI SAKSI.TERJADI PERDEBATAN ANTARA ELIEZER DAN KUASA HUKUM FERDY SAMBO ARMAN HANIS.

DIPUBLIKASIKAN 14 DESEMBER 2022
SUMBER KOMPAS TV

#bharadae #ferdysambo #brigadirj #bharadaeliezer #putricandrawathi #brigadiryoshua #ferdysambodanbrigadirj",2022-12-14T06:05:08Z,PT46M7S,6573,29,0,7
jOddl6AcIsQ,UCB1fvlA5xmLJ0tZblpoTuaQ,VIVA.CO.ID,"Hasil Sidang Banding, Ferdy Sambo Resmi Didepak Dari Kepolisian","VIVA - Komisi Kode Etik Polri (KKEP) menolak permohonan banding Irjen Ferdy Sambo atas Pemberhentian Tidak Dengan Hormat (PTDH) sebagai anggota Polri. (RP-RN-SW) #VIVAnewsdaily

Baca berita terbaru, terkini dan terpopuler disini https://www.viva.co.id/",2022-09-19T07:46:12Z,PT1M9S,6565,121,0,56
VaVoHWWwWFA,UCB1fvlA5xmLJ0tZblpoTuaQ,VIVA.CO.ID,Ferdy Sambo cs tidak akan bebas meski masa penahanannya segera habis #vivacoid #ferdysambo #viral,"VIVA - Ferdy Sambo cs tidak akan bebas meski masa penahanannya segera habis

Baca berita terbaru, terkini dan terpopuler disini https://www.viva.co.id/",2023-01-04T05:57:35Z,PT8S,6338,101,0,3
hrJPnk_a-yU,UCNziCB3cCbx6HXc-Nrk-vsg,RADAR JURNALIS,Mengejutkan! Presiden Korea Utara Bakal Pimpin Eksekusi Mati Ferdy Sambo di Nusakambangan,"#sidangvonisferdysambo
#sidangvonis
#ferdysambo
#brigadirj
#kasusbrigadirj
#putricandrawathi
#bharadae
#brigadiryosua
#kamaruddinsimanjuntak
#beritaterkini
#britaterbaruferdysambo
#jendrallistyosigitprabowo
#polisi
#polisitembakpolisi
#listyosigitprabowo
#sidangvonisbharadae
#ferdysambotersangka
#polri
#kapolri
#sambo
#kasuspenembakanbrigadirj
#gengferdysambo
#beritahariini
#sidangkasusbrigadirj
#beritaterbaru
#bharadaeliezer
#nasibbharadae
#bharadaebebas",2023-02-24T12:41:34Z,PT2M13S,6087,30,0,1
EXR_37gr-tw,UCzl0OrB3-ehunyotIQvK77A,METRO TV ,Momen Haru Irjen Ferdy Sambo Menangis di Pelukan Kapolda Metro,"Kapolda Metro Jaya Irjen Mohammad Fadil Imran menemui Kadiv Propam Polri Irjen Ferdy Sambo di ruangannya pada Rabu (14/7/2022). Kedatangan Fadil terekam kamera hingga videonya viral di media sosial.

Dalam video berdurasi 24 detik ini terlihat kedatangan Fadil disambut langsung Ferdy Sambo. Keduanya langsung tampak bersalaman sambil berpelukan. Ferdy pun terlihat menangis.

Mantan Kapolda Jawa Timur ini beberapa kali menepuk pundak Ferdy untuk menguatkannya. Fadil mengatakan kunjungannya ke ruang kerja Ferdy untuk memberikan dukungan kepada juniornya tersebut.

Ferdy Sambo diketahui tengah didera masalah akibat kasus penembakan yang terjadi antara dua anak buahnya, Brigadir Nopryansah Yosua Hutabarat (J) dan Bharada RE atau E. Bharada E menembak Brigadir J hingga tewas di kediaman Irjen Ferdy Sambo.

Ikuti juga media sosial METRO TV lainya agar dimanapun tetap terinfomasi dengan baik dan lengkap karena berita paling aktual kami sungguhkan  dan perkembangan terkini kami sampaikan.
METRO TV Official https://www.metrotvnews.com
METRO TV Official Instagram: https://www.instagram.com/metrotv
METRO TV Official Tiktok: https://www.tiktok.com/@metro_tv
METRO TV Facebook Fanpage: https://www.facebook.com/metrotv
METRO TV Official Twitter: https://twitter.com/metro_TV

#Metrotv #Beritaterkini #Beritaupdate",2022-07-14T12:19:42Z,PT1M16S,6062,32,0,38
DkWiF045JLI,UCJpdpj9hNhaYBRGusGv7CjQ,Tribun Jateng,Sosok Brigjen Hendra Kurniawan Eks Anak Buah Ferdy Sambo Bebas Bersyarat Kasus Brigadir J,"Download aplikasi berita TribunX di PlayStore atau AppStore untuk dapatkan pengalaman baru

Klik Subscribe dan nyalakan notifikasi agar mendapatkan update news video terbaru

Brigadir Jenderal Polisi Hendra Kurniawan bebas dari penjara kasus perintangan penyidikan kematian Brigadir Nofriansyah Yoshua Hutabarat alias Brigadir J.

Hendra Kurniawan adalah Karo Paminal Divisi Propam Polri di era Ferdy Sambo.

Alumni Akademi Kepolisian 1995 itu ikut tersandung kasus pembunuhan Brigadir J.

#BrigjenHendraKurniawan #EksAnakBuahSambo #Bebas 

News Enchor: Elsa Elningtyas
Video Editor: rst",2024-08-06T01:43:52Z,PT2M26S,6044,26,0,23
29ax6o7cmZ0,UCPAxpUn1mrn14xU0JpsLhDg,Kompas.com,"Ferdy Sambo Tak Jadi Dihukum Mati tapi Seumur Hidup, Apa Beda dari Keduanya?","Mahkamah Agung (MA) meringankan vonis Ferdy Sambo terkait kasus pembunuhan berencana Brigadir Nofriansyah Yosua Hutabarat atau Brigadir J.

Ferdy Sambo yang sebelumnya divonis hukuman mati kini mendapatkan hukuman penjara seumur hidup

Lantas, apa perbedaan hukuman seumur hidup dan hukuman mati?

Simak berita selengkapnya dalam video berikut!

Video Jurnalis: DEW
Penulis : Diva Lufiana Putri
Penulis Naskah: Dariz Kartika
Narator: Dariz Kartika
Video Editor: Armitha Sathi Devi
Produser: Dandy Bayu Bramasta

Musik:Icelandic Arpeggios - DivKid

#FerdySambo #HukumanSambo #JernihkanHarapan #ragamkompascom

Artikel terkait: https://www.kompas.com/tren/read/2023/03/23/093000265/perbedaan-hukuman-seumur-hidup-dan-hukuman-mati?page=all


Artikel ini bisa dilihat di : https://video.kompas.com/watch/792663/ferdy-sambo-tak-jadi-dihukum-mati-tapi-seumur-hidup-apa-beda-dari-keduanya-",2023-08-09T04:56:42Z,PT2M16S,6005,35,0,61
t4DUWlXUxKo,UCxrgnyfcQ-Goeq_Y3DWBQgw,HermawanHeru,KOMISI 3 DPR RI CORET HAKIM YANG MEMVONIS HUKUMAN MATI FERDY SAMBO! #Hakim #hakimagung #dprri,,2025-09-23T03:23:45Z,PT2M24S,9766,1180,0,317
g-Pq4MGYKWg,UCwFc1bMj5KFxX8BJ1wBRuzw,Tribun MedanTV,Benny K Harman Cecari Alimin Sujono: Anda yang Hukum Mati Ferdy Sambo❓,"Download aplikasi berita TribunX di Play Store atau App Store untuk dapatkan pengalaman baru

TRIBUN-MEDAN.COM - Politisi Demokrat Benny K Harman mencecari Calon Hakim Agung, Alimin Ribut Sujono saat fit and proper test calon Hakim Mahkamah Agung, 11 September 2025.

Alimin Ribut Sujono sudah 28 tahun menjadi hakim, ia juga yang menjatuhkan vonis mati kepada mantan Kadiv Propam Polri, Ferdy Sambo.

Editor Video : Hendrik Naipospos

Bergabung dengan channel ini untuk mendapatkan akses ke berbagai keuntungan:
https://www.youtube.com/channel/UCwFc1bMj5KFxX8BJ1wBRuzw/join

Baca selengkapnya di www.tribun-medan.com

#TribunMedan #DPR #Demokrat",2025-09-12T05:30:32Z,PT12M27S,6026,26,0,44
or2IumZY-SA,UC-RV-CAKv9M13--vav7Zkag,Gregs News,"Sosok Jane Bule Jerman yg sering lewat di depan Rumah Ferdy Sambo, Mengaku Syok Dengan Kemewahannya","Sosok Jane Bule Jerman yg sering lewat di depan Rumah Ferdy Sambo, Mengaku Syok Dengan Kemewahannya

#beritaviral #beritaterkini #viral #beritahariini #berita #beritaterbaru #beritaupdate #beritahariiniterbaru #beritaartis #beritapolitik #shortvideo #shortsfeed #shortsviral #netizen #indonesia #warganet #sosok #jane #bule #jerman #syok #lewat #depan #rumah #ferdysambo #mengaku #syok #dengan #kemewahan #shortsviral #shorts #short",2025-09-21T02:54:20Z,PT11S,14668,106,0,3
S7WL5fOLCU8,UCDXxEb5Wa_Y7hyGI2BzCdjA,KOMPASTV ACEH,"Peringatan Keras Kamaruddin Untuk Ferdy Sambo, Ancam Buka Kasus Lain","JAKARTA, KOMPAS.TV  Kamaruddin Simanjuntak angkat bicara merespons permintaan maaf Ferdy Sambo pada keluarga Yosua. 

Pengacara keluarga Brigadir Nofriansyah Yosua Hutabarat menilai sikap Sambo masih tetap mencari alasan walau sedang menyampaikan permintaan maaf ke orang tua Brigadir J. 

""Kalau dia masih cari-cari alasan, masih cari-cari alasan, hoaks gitu, ya berarti tidak tulus,""kata Kamaruddin dikutip dari Kompas.com.

Kamaruddin mengatakan tak segan membuka kasus lain yang melibatkan Ferdy Sambo jika masih bertingkah. 

""Kalau dia terlalu bandel, nanti semua berkas dia, kasus dia yang lain, kubuka semua nanti. Ada yang rekayasa perkara, ada yang macam-macam, itu sudah saya identifikasi semua,""jelasnya Kamaruddin. 

Sebelumnya pada 5 Oktober kemarin, Ferdy Sambo sempat mengucapkan maaf ke Orang Tua Yosua.

""Saya sangat menyesal, saya menyampaikan permohonan maaf kepada pihak pihak yang sudah terdampak atas perbuatan saya termasuk bapak dan ibu dari Josua,"" kata Sambo saat tiba di Kejagung, Jakarta Selatan, Rabu (5/10/2022).

""Istri saya tidak bersalah, tidak melakukan apa-apa dan justru menjadi korban. Saya siap menjalani proses hukum,"" kata Sambo.
___________
Sahabat Kompas TV Aceh jangan lupa like, comment, dan subscribe channel YouTube Kompas TV Aceh, juga aktifkan lonceng notifikasi agar tidak ketinggalan update mengenai isu-isu terkini di Indonesia.

Jangan lewatkan live streaming Kompas TV 24 jam non stop di https://www.kompas.tv/live. 
Ikuti sosial media Kompas TV Aceh:
https://www.instagram.com/kompastv.aceh
https://www.facebook.com/biro.kompastvaceh

KOMPAS TV
INDEPENDEN | TERPERCAYA 
24 UHF BANDA ACEH",2022-10-07T11:00:19Z,PT2M39S,7413,31,0,9
iDgBiWyCDKY,UCmxAIW7RDDC88EPk4ry16Kg,Tribunnews,"Citra Mahkamah Agung Jadi Taruhan, Ahli Ungkap 3 Faktor Ferdy Sambo Bisa Divonis Maksimal Hari Ini","TRIBUN-VIDEO.COM - Kasus pembunuhan berencana terhadap Brigadir J dinilai menjadi pertaruhan citra Makamah Agung, terlebih telah mencapai puncak dengan pembacaan vonis hari ini.

Pasalnya kasus ini telah menyeret banyak anggota Polri dan masyarakat menuntut hukum seadil-adilnya.

Terkait vonis kepada Ferdy Sambo, ahli mengungkap akan ada 3 faktor yang bisa membuatnya divonis berat.

Dari analisis psikologis, para dinilai hakim akan menjadikan putusan itu buat mencapai sasaran di luar perkara yang menyedot perhatian banyak orang.

Hal itu disampaikan ahli psikologi forensik sekaligus peneliti ASA Indonesia Institute, Reza Indragiri Amriel.

Faktor pertama, adanya keinginan hakim kasus ini menjadi Hakim Agung.

Menurut Reza, agar bisa mencapai posisi itu, mereka harus punya portofolio yang impresif berupa putusan emas.

Ia mengatakan, jika nantinya majelis hakim sanggup menyatakan Sambo bersalah dan menjatuhkan hukuman maksimal terhadap Sambo.

Maka putusan mereka itu nanti akan menjadi salah satu hal yang bisa dipertimbangkan buat bersaing dalam perebutan kursi hakim agung di Mahkamah Agung. 

Faktor kedua, menurut Reza, adalah jika masyarakat nantinya menilai putusan majelis hakim kurang adil, maka citra Mahkamah Agung bisa menurun.

Karena itulah, putusan hakim harus memuat hukuman berat bahkan terberat bagi Sambo.

Di situlah nantinya putusan dihasilkan sebagai instrumen untuk mengamankan reputasi Mahkamah Agung.

Sebab di mata masyarakat dari persidangan selama ini, peran Sambo dan Putri dalam kasus itu penting dan dianggap layak dihukum maksimal.

Faktor terakhir yang membuat hakim akan menjatuhkan hukuman berat kepada Sambo.

Yakni masih adanya kekhawatiran Mantan Kadiv Propam Polri itu masih mempunyai pengaruh meski dipenjara.

Sebab Sambo disebut-sebut mempunyai kekayaan yang besar dan dikhawatirkan bisa menggunakan uang itu buat memperoleh berbagai fasilitas dari balik jeruji besi.

Demi menghindari hal itu, maka menurut Reza majelis hakim akan menjatuhkan putusan maksimal terhadap Sambo.

Keputusan itu juga akan dianggap turut membantu penegakan hukum secara berintegritas. 

Sebelumnya, berdasarkan surat tuntutan jaksa, kelima terdakwa dinilai terbukti secara sah dan meyakinkan bersalah melakukan tindak pidana pembunuhan terhadap Brigadir J yang direncanakan terlebih dahulu. 
Mereka dinilai telah melanggar Pasal 340 Kitab Undang-Undang Hukum Pidana (KUHP) juncto Pasal 55 Ayat (1) ke 1 KUHP. 

Selain itu, khusus Sambo, jaksa penuntut umum juga menganggapnya terbukti bersalah dalam kasus dugaan merintangi penyidikan.

Melanggar Pasal 49 jo Pasal 33 UU Nomor 19 Tahun 2016 tentang Perubahan Atas UU Nomor 11 Tahun 2008 tentang Informasi dan Transaksi Elektronik jo Pasal 55 Ayat (1) ke-1 KUHP.(Tribun-video.com/Kompas.com)


Artikel ini telah tayang di Kompas.com dengan judul ""Ahli Ungkap 3 Faktor Bakal Jadi Pertimbangan Vonis Ferdy Sambo"", Klik untuk baca: https://nasional.kompas.com/read/2023/02/12/19561451/ahli-ungkap-3-faktor-bakal-jadi-pertimbangan-vonis-ferdy-sambo.

Host: Dea Mita
VP: Yohanes Anton

#beritaterbaru #beritaterkini #beritaviral #live #breakingnews",2023-02-13T04:30:32Z,PT3M24S,7386,30,0,12
ElLevI8_V9A,UCcuE9SJmB2W9u8KCdBBA3Qg,TribunAmbon News,"Viral Video Tumpukan Uang Rp900 M Disebut Milik Ferdy Sambo di Bunker Rumah, Ini Faktanya","ED, TRIBUN-VIDEO.COM - Kabar temuan uang berjumlah fantastis milik Ferdy Sambo dalam bunker di bekas rumah mertuanya Kawasan Kemang, Jakarta Selatan masih menjadi tanda tanya. 

Kini, justru kembali muncul video yang dinarasikan sebagai tumpukan uang Rp900 Miliar yang disimpan Ferdy Sambo beredar luas. 

Terlihat dalam video yang viral, tumpukan uang itu disimpan di koper berwarna silver. Menanggapi hal itu, Kadiv Humas Polri Irjen Dedi Prasetyo, memastikan kabar dan video itu tidak benar alias hoax. 

Dedi sebelumnya menjelaskan, tim khusus memang melakukan penggeledahan dibeberapa tempat yakni rumah Irjen Ferdy Sambo. 

Penyidik pun melakukan penyitaan beberapa barang bukti. Namun, tidak ada bunker berisikan uang Rp900 miliar yang disita. 

Dedi mengimbau masyarakat untuk tidak mudah percaya dengan informasi-informasi yang kebenarannya tidak dapat dipertanggung jawabkan. 

Lebih lanjut, pihaknya juga akan mengusut penyebaran video tersebut.

Website https://ambon.tribunnews.com/
Twitter https://twitter.com/tribunambonnews
Facebook https://www.facebook.com/tribunambon
Instagram https://www.instagram.com/tribunambon
TikTok https://www.tiktok.com/@tribunambon

#TribunAmbon #TribunNews #BeritaAmbon #AmbonTerkini #MalukuTerkini #Viral #BeritaViral",2022-08-24T04:13:03Z,PT1M46S,7291,30,0,2
deGW4Wo1Lig,UCDH-Y35AZ9G5nm8-XREBltw,SripokuTV,Peran Ferdy Sambo di Kasus KM 50,"#kasusKM50 #ferdysambo #propampolri

Kasus KM 50 yang merupakan peristiwa penembakan terhadap enam anggota Front Pembela Islam (FPI) di tol Jakarta – Cikampek, kembali mengemuka seiring berjalannya penyelidikan terhadap kematian Brigadir Nopryansah Yosua Hutabarat alias Brigadir J.

Ketika menangani kasus KM 50, Irjen Ferdy Sambo mengerahkan 30 anggota Tim Propam untuk mengungkap kasus tersebut.

Ia menegaskan keterlibatan Divisi Propam dalam kasus ditembaknya enam anggota laskar FPI bukan karena indikasi pelanggaran, namun bertugas memeriksa penggunaan kekuatan sudah sesuai Perkap atau belum.

Lihat informasi terkini bersama kami, di:

Website Sripoku.com:
Palembang.tribunnews.com

Facebook Sriwijaya Post:
https://www.facebook.com/sripoku

Twitter Sriwijaya Post:
https://twitter.com/sripoku

Instagram Sriwijaya Post:
https://www.instagram.com/sriwijayapost/

Sumber Video: Facebook/@Wartakota @Tribunnews.com
Editor Video: IkaYI",2022-08-10T06:13:50Z,PT3M3S,7214,61,0,27
c_5j4F4kuP0,UCAUrFd-H9Joy4vkd5haqNBw,Togop Ratus Panggabean,Ada yang Aneh Tiap Lewat Rumah Ferdy Sambo #youtubeshorts #shorts #beritaterkini #masukberanda,"Tetanggaan, Bule Jerman Ini Ngaku Ada yang Aneh Tiap Lewat Rumah Ferdy Sambo",2025-09-14T03:14:39Z,PT5S,31686,44,0,1
poPjR7TGbDM,UCzl0OrB3-ehunyotIQvK77A,METRO TV ,Pernyataan Irjen Ferdy Sambo Saat Datang ke Bareskrim Polri,"Ikuti juga media sosial METRO TV lainya agar dimanapun tetap terinfomasi dengan baik dan lengkap karena berita paling aktual kami sungguhkan  dan perkembangan terkini kami sampaikan.
METRO TV Official https://www.metrotvnews.com
METRO TV Official Instagram: https://www.instagram.com/metrotv
METRO TV Official Tiktok: https://www.tiktok.com/@metro_tv
METRO TV Facebook Fanpage: https://www.facebook.com/metrotv
METRO TV Official Twitter: https://twitter.com/metro_TV

#Metrotv #Beritaterkini #Beritaupdate",2022-08-04T06:32:49Z,PT2M39S,7061,50,0,65
D0U_9uW2CQQ,UC1QpnGo11epfexw1bIiTHTg,Liputan6,Kapolri: Ferdy Sambo Tersangka Pembunuhan Brigadir J #shorts,,2022-08-09T12:52:53Z,PT42S,7076,56,0,4
WaYeeGPROwQ,UCkB-tL3qX-TmLOQiMPp-0yA,Katadata Indonesia,"Adegan Rekonstruksi, Kuat Ma’ruf Serahkan Pisau ke Ajudan Ferdy Sambo | Katadata Indonesia","Polisi telah melakukan rekonstruksi kasus pembunuhan Brigadir Yosua Hutabarat alias Brigadir J. Kegiatan reka ulang meliputi peristiwa di tiga lokasi rumah Irjen Ferdy Sambo. 

Yang pertama di Magelang, Jawa Tengah sebanyak 16 adegan. Kedua, rumah Sambo di Jalan Saguling, Jakarta Selatan, sebanyak 35 adegan. Terakhir, rumah dinas Sambo di Jalan Duren Tiga, Jakarta Selatan, sebanyak 27 adegan, termasuk pembunuhan Brigadir J.

Rekonstruksi tersebut juga menunjukkan adegan Kuat Ma’ruf alias KM menyerahkan sebilah pisau dan handy talkie (HT) kepada seorang ajudan Sambo. Pisau ini, menurut polisi terkait peristiwa di Magelang. 

Dalam kasus ini polisi sudah menetapkan lima orang tersangka. Kelimanya adalah Ferdy Sambo, Putri Candrawathi (istri Sambo), Brigadir Ricky Rizal, Bharada Richard Eliezer, dan Kuat Ma’ruf (sopir Sambo). 

======================================================

Mulai Sekarang #KalauBicaraPakaiData

Pantau dan Subscribe Katadata Indonesia.

Official Website : https://katadata.co.id/
Youtube              : https://www.youtube.com/c/KatadataIndonesia
Instagram           : https://www.instagram.com/katadatacoid
Facebook           : https://www.facebook.com/katadatacoid",2022-08-31T04:17:57Z,PT2M47S,6966,34,0,2
6lmu2xfzBzQ,UCJpdpj9hNhaYBRGusGv7CjQ,Tribun Jateng,Sosok Tribrata Anak Ferdy Sambo dan Putri Candrawathi Lolos Akpol 2023 Penerus Ayah jadi Polisi,"Klik Subscribe dan nyalakan notifikasi agar mendapatkan update news video terbaru

Tribrata Putra Sambo anak Ferdy Sambo dan Putri Candrawathi lolos Akademi Kepolisian atau Akpol 2023 di Semarang, Jawa Tengah.

Tribrata merupakan lulusan SMA Taruna Nusantara Magelang.

Tribrata Putra Sambo adalah anak ketiga dari pasangan Ferdy Sambo dan Putri Candrawathi.

#Tribrata #AnakFerdySambo #LolosAkpol2023

News Enchor: Elsa Elningtyas
Video Editor: rst",2023-07-31T01:11:15Z,PT2M28S,6717,19,0,8
gdsflz6374U,UCROqrSV2b_G1IW_SkD4L11A,Corry News,🔴Full Perdebatan Panas antara Bharada Eliezer dengan Kuasa hukum Ferdy sambo,"SIDANG LANJUTAN KASUS PEMBUNUHAN BRIGADIR J DENGAN TERDAKWA FERDY SAMBO MENGHADIRKAN TERDAKWA LAINNYA YAITU BHARADA ELIEZER DAN JUGA SEBAGAI SAKSI.TERJADI PERDEBATAN ANTARA ELIEZER DAN KUASA HUKUM FERDY SAMBO ARMAN HANIS.

DIPUBLIKASIKAN 14 DESEMBER 2022
SUMBER KOMPAS TV

#bharadae #ferdysambo #brigadirj #bharadaeliezer #putricandrawathi #brigadiryoshua #ferdysambodanbrigadirj",2022-12-14T06:05:08Z,PT46M7S,6573,29,0,7
jOddl6AcIsQ,UCB1fvlA5xmLJ0tZblpoTuaQ,VIVA.CO.ID,"Hasil Sidang Banding, Ferdy Sambo Resmi Didepak Dari Kepolisian","VIVA - Komisi Kode Etik Polri (KKEP) menolak permohonan banding Irjen Ferdy Sambo atas Pemberhentian Tidak Dengan Hormat (PTDH) sebagai anggota Polri. (RP-RN-SW) #VIVAnewsdaily

Baca berita terbaru, terkini dan terpopuler disini https://www.viva.co.id/",2022-09-19T07:46:12Z,PT1M9S,6565,121,0,56
VaVoHWWwWFA,UCB1fvlA5xmLJ0tZblpoTuaQ,VIVA.CO.ID,Ferdy Sambo cs tidak akan bebas meski masa penahanannya segera habis #vivacoid #ferdysambo #viral,"VIVA - Ferdy Sambo cs tidak akan bebas meski masa penahanannya segera habis

Baca berita terbaru, terkini dan terpopuler disini https://www.viva.co.id/",2023-01-04T05:57:35Z,PT8S,6338,101,0,3
hrJPnk_a-yU,UCNziCB3cCbx6HXc-Nrk-vsg,RADAR JURNALIS,Mengejutkan! Presiden Korea Utara Bakal Pimpin Eksekusi Mati Ferdy Sambo di Nusakambangan,"#sidangvonisferdysambo
#sidangvonis
#ferdysambo
#brigadirj
#kasusbrigadirj
#putricandrawathi
#bharadae
#brigadiryosua
#kamaruddinsimanjuntak
#beritaterkini
#britaterbaruferdysambo
#jendrallistyosigitprabowo
#polisi
#polisitembakpolisi
#listyosigitprabowo
#sidangvonisbharadae
#ferdysambotersangka
#polri
#kapolri
#sambo
#kasuspenembakanbrigadirj
#gengferdysambo
#beritahariini
#sidangkasusbrigadirj
#beritaterbaru
#bharadaeliezer
#nasibbharadae
#bharadaebebas",2023-02-24T12:41:34Z,PT2M13S,6087,30,0,1
EXR_37gr-tw,UCzl0OrB3-ehunyotIQvK77A,METRO TV ,Momen Haru Irjen Ferdy Sambo Menangis di Pelukan Kapolda Metro,"Kapolda Metro Jaya Irjen Mohammad Fadil Imran menemui Kadiv Propam Polri Irjen Ferdy Sambo di ruangannya pada Rabu (14/7/2022). Kedatangan Fadil terekam kamera hingga videonya viral di media sosial.

Dalam video berdurasi 24 detik ini terlihat kedatangan Fadil disambut langsung Ferdy Sambo. Keduanya langsung tampak bersalaman sambil berpelukan. Ferdy pun terlihat menangis.

Mantan Kapolda Jawa Timur ini beberapa kali menepuk pundak Ferdy untuk menguatkannya. Fadil mengatakan kunjungannya ke ruang kerja Ferdy untuk memberikan dukungan kepada juniornya tersebut.

Ferdy Sambo diketahui tengah didera masalah akibat kasus penembakan yang terjadi antara dua anak buahnya, Brigadir Nopryansah Yosua Hutabarat (J) dan Bharada RE atau E. Bharada E menembak Brigadir J hingga tewas di kediaman Irjen Ferdy Sambo.

Ikuti juga media sosial METRO TV lainya agar dimanapun tetap terinfomasi dengan baik dan lengkap karena berita paling aktual kami sungguhkan  dan perkembangan terkini kami sampaikan.
METRO TV Official https://www.metrotvnews.com
METRO TV Official Instagram: https://www.instagram.com/metrotv
METRO TV Official Tiktok: https://www.tiktok.com/@metro_tv
METRO TV Facebook Fanpage: https://www.facebook.com/metrotv
METRO TV Official Twitter: https://twitter.com/metro_TV

#Metrotv #Beritaterkini #Beritaupdate",2022-07-14T12:19:42Z,PT1M16S,6062,32,0,38
DkWiF045JLI,UCJpdpj9hNhaYBRGusGv7CjQ,Tribun Jateng,Sosok Brigjen Hendra Kurniawan Eks Anak Buah Ferdy Sambo Bebas Bersyarat Kasus Brigadir J,"Download aplikasi berita TribunX di PlayStore atau AppStore untuk dapatkan pengalaman baru

Klik Subscribe dan nyalakan notifikasi agar mendapatkan update news video terbaru

Brigadir Jenderal Polisi Hendra Kurniawan bebas dari penjara kasus perintangan penyidikan kematian Brigadir Nofriansyah Yoshua Hutabarat alias Brigadir J.

Hendra Kurniawan adalah Karo Paminal Divisi Propam Polri di era Ferdy Sambo.

Alumni Akademi Kepolisian 1995 itu ikut tersandung kasus pembunuhan Brigadir J.

#BrigjenHendraKurniawan #EksAnakBuahSambo #Bebas 

News Enchor: Elsa Elningtyas
Video Editor: rst",2024-08-06T01:43:52Z,PT2M26S,6044,26,0,23
29ax6o7cmZ0,UCPAxpUn1mrn14xU0JpsLhDg,Kompas.com,"Ferdy Sambo Tak Jadi Dihukum Mati tapi Seumur Hidup, Apa Beda dari Keduanya?","Mahkamah Agung (MA) meringankan vonis Ferdy Sambo terkait kasus pembunuhan berencana Brigadir Nofriansyah Yosua Hutabarat atau Brigadir J.

Ferdy Sambo yang sebelumnya divonis hukuman mati kini mendapatkan hukuman penjara seumur hidup

Lantas, apa perbedaan hukuman seumur hidup dan hukuman mati?

Simak berita selengkapnya dalam video berikut!

Video Jurnalis: DEW
Penulis : Diva Lufiana Putri
Penulis Naskah: Dariz Kartika
Narator: Dariz Kartika
Video Editor: Armitha Sathi Devi
Produser: Dandy Bayu Bramasta

Musik:Icelandic Arpeggios - DivKid

#FerdySambo #HukumanSambo #JernihkanHarapan #ragamkompascom

Artikel terkait: https://www.kompas.com/tren/read/2023/03/23/093000265/perbedaan-hukuman-seumur-hidup-dan-hukuman-mati?page=all


Artikel ini bisa dilihat di : https://video.kompas.com/watch/792663/ferdy-sambo-tak-jadi-dihukum-mati-tapi-seumur-hidup-apa-beda-dari-keduanya-",2023-08-09T04:56:42Z,PT2M16S,6005,35,0,61
t4DUWlXUxKo,UCxrgnyfcQ-Goeq_Y3DWBQgw,HermawanHeru,KOMISI 3 DPR RI CORET HAKIM YANG MEMVONIS HUKUMAN MATI FERDY SAMBO! #Hakim #hakimagung #dprri,,2025-09-23T03:23:45Z,PT2M24S,9766,1180,0,317
g-Pq4MGYKWg,UCwFc1bMj5KFxX8BJ1wBRuzw,Tribun MedanTV,Benny K Harman Cecari Alimin Sujono: Anda yang Hukum Mati Ferdy Sambo❓,"Download aplikasi berita TribunX di Play Store atau App Store untuk dapatkan pengalaman baru

TRIBUN-MEDAN.COM - Politisi Demokrat Benny K Harman mencecari Calon Hakim Agung, Alimin Ribut Sujono saat fit and proper test calon Hakim Mahkamah Agung, 11 September 2025.

Alimin Ribut Sujono sudah 28 tahun menjadi hakim, ia juga yang menjatuhkan vonis mati kepada mantan Kadiv Propam Polri, Ferdy Sambo.

Editor Video : Hendrik Naipospos

Bergabung dengan channel ini untuk mendapatkan akses ke berbagai keuntungan:
https://www.youtube.com/channel/UCwFc1bMj5KFxX8BJ1wBRuzw/join

Baca selengkapnya di www.tribun-medan.com

#TribunMedan #DPR #Demokrat",2025-09-12T05:30:32Z,PT12M27S,6026,26,0,44
or2IumZY-SA,UC-RV-CAKv9M13--vav7Zkag,Gregs News,"Sosok Jane Bule Jerman yg sering lewat di depan Rumah Ferdy Sambo, Mengaku Syok Dengan Kemewahannya","Sosok Jane Bule Jerman yg sering lewat di depan Rumah Ferdy Sambo, Mengaku Syok Dengan Kemewahannya

#beritaviral #beritaterkini #viral #beritahariini #berita #beritaterbaru #beritaupdate #beritahariiniterbaru #beritaartis #beritapolitik #shortvideo #shortsfeed #shortsviral #netizen #indonesia #warganet #sosok #jane #bule #jerman #syok #lewat #depan #rumah #ferdysambo #mengaku #syok #dengan #kemewahan #shortsviral #shorts #short",2025-09-21T02:54:20Z,PT11S,14668,106,0,3
u-4lyGlgm48,UCwFc1bMj5KFxX8BJ1wBRuzw,Tribun MedanTV,NASIB CALON HAKIM Agung Yang Kukuh Vonis Mati Ferdy Sambo Dapat Suara Nol di Komisi III DPR,"Download aplikasi berita TribunX di Play Store atau App Store untuk dapatkan pengalaman baru

TRIBUN-MEDAN.COM - Komisi III DPR RI menggelar Rapat Pleno Pengambilan Keputusan Hakim Agung di Ruang Rapat Komisi III DPR, Jakarta, Selasa (16/9/2025). Komisi III DPR RI memutuskan persetujuan kepada 9 calon hakim agung dan 1 calon hakim ad hoc.

Alimin Ribut Sujono, yang sempat viral usai dicecar oleh Benny K. Harman, anggota Komisi III DPR RI soal vonis mati Ferdy Sambo kini mendapat vote suara nol dalam Rapat Pleno tersebut.

Editor Video : Gita Nadia Putri br Tarigan

Bergabung dengan channel ini untuk mendapatkan akses ke berbagai keuntungan:
https://www.youtube.com/channel/UCwFc1bMj5KFxX8BJ1wBRuzw/join

Baca selengkapnya di www.tribun-medan.com

#TribunMedan",2025-09-16T12:15:10Z,PT8M14S,5967,20,0,130
rEguPVH7vVM,UCoSkllfpgmFHtbVK835QaQg,Official iNews,Hakim Vonis Mati Ferdy Sambo Gagal Lolos Seleksi Hakim Agung dari DPR RI | iNews Terkini (18/9),"Hakim Alimin Ribut Sujono, yang pernah jadi sorotan publik usai menjatuhkan vonis mati kepada mantan Kadiv Propam Polri Ferdy Sambo, dipastikan gagal melangkah ke tahap berikutnya dalam seleksi calon hakim agung dan hakim ad hoc HAM di Mahkamah Agung (MA) tahun 2025.

Dalam rapat pleno Komisi III DPR RI, Selasa (16/9/2025), Alimin tidak memperoleh satu pun suara dari anggota dewan. Keputusan ini sekaligus menutup langkahnya untuk menduduki kursi hakim agung.

Berita Selengkapnya baca di: https://inews.id/news

Join membership channel ini dan nikmati berbagai konten eksklusif:
https://www.youtube.com/channel/UCoSkllfpgmFHtbVK835QaQg/join

📰 iNews: Channel Berita Terlengkap, Tercepat, dan Terpercaya di Indonesia
Dapatkan berita terbaru dari seluruh Indonesia dan dunia, mulai dari politik, ekonomi, hukum, kriminal, olahraga, hiburan, hingga peristiwa penting lainnya. Dengan liputan langsung dari lokasi kejadian dan jurnalis profesional, iNews selalu menghadirkan informasi yang cepat, akurat, dan berimbang.

📊 iNews menjadi sumber berita pilihan jutaan masyarakat yang ingin selalu update setiap saat. Jadilah bagian dari komunitas berita terbesar di Indonesia dan nikmati tayangan eksklusif yang tidak Anda temukan di tempat lain.

📌 Jangan lupa
✅ Klik SUBSCRIBE untuk bergabung dengan jutaan penonton setia kami
✅ Aktifkan Lonceng Notifikasi agar tidak ketinggalan berita penting
✅ Bagikan video ini agar lebih banyak orang mendapatkan informasi yang benar

Follow WA Channel https://whatsapp.com/channel/0029Va7scI1LdQekZvLynv1H
Follow our Official TikTok https://www.tiktok.com/@officialinews
Follow our Official Twitter https://twitter.com/officialinews_
Like our Official Facebook https://www.facebook.com/OfficialiNews
Follow our Official Instagram https://www.instagram.com/officialiNews

#iNews #BeritaTerkini #BreakingNews #BeritaHariIni #BeritaNasional #BeritaIndonesia #BeritaDunia #TerlengkapTercepatTerpercaya #HakimAgung #FerdySambo #DPR #MahkamahAgung",2025-09-18T12:45:55Z,PT8M7S,5797,23,0,21
MeM5i6jmwPg,UCGfXjFgIUUTUUlzdG6BenXA,SINDOnews,Hakim Djuyamto Spesialis Kasus Besar: Sidang Ferdy Sambo hingga Hasto | Sindo Today | 15/04,"Yuk Subscribe https://www.youtube.com/@OfficialSINDOnews

Berita Hari Ini: Selasa, 15 April 2025

Selengkapnya baca di: https://nasional.sindonews.com/

Follow WA Channel: https://whatsapp.com/channel/0029Va9lDjk90x30mpm5Vy14
Follow our Official TikTok sindonews
Follow our Official Twitter officialinews_  
Like our Official Facebook officialinews  
Follow our Official Instagram officialinews  

Dapatkan sajian berita dan liputan langsung peristiwa terkini secara cepat dan akurat di:
https://www.inews.id/ untuk berita dari daerah-daerah di seluruh Indonesia
https://www.okezone.com/ untuk berita-berita sports dan gaya hidup
https://www.sindonews.com/ untuk berita-berit a politik dalam dan luar negeri
https://www.idxchannel.com/ untuk berita-berita pasar saham dan ekonomi

#SindoToday #hakim #kasus",2025-04-15T02:21:24Z,PT3M24S,5589,37,0,12
wiEnmwCkTWI,UCbgtORkDRZ8u5ORM0Gyl5wQ,TirtoID,Anggota DPR Benny Cecar Calon Hakim Agung Soal Vonis Mati Ferdy Sambo,"Anggota Komisi II DPR dari Fraksi Demokrat, Benny K. Harman jadi sorotan publik usai mencecar calon hakim agung, Alimin Ribut Sujono, yang memvonis mati Ferdy Sambo dalam kasus pembunuhan ajudannya, Brigadir J, Selasa (16/9/2025).

Hal tersebut Benny sampaikan dalam rapat uji kelayakan (fit and proper test) dengan Komisi III DPR RI di Mahkamah Agung, Jakarta, Kamis (11/9/2025) lalu.

""Anda merasa sebagai wakil Tuhan di dunia, karena wakil Tuhan di dunia, karena hanya Tuhan yang cabut nyawa manusia, dan anda mengambil posisi sebagai wakil Tuhan, atas nama Tuhan nyawa seseorang Anda cabut, begitu kan?"" ucapnya.

Tak hanya itu Benny juga mempertanyakan perenungan yang dilakukan oleh Alimin hingga menjatuhkan sebanyak dua kali vonis hukuman mati. 

""Ini dari perspektif yang berbeda, ada saat-saatnya orang dihormati, karena saya berpikir bahwa orang tersebut akan tahu kapan akan mati, ketika dia tahu kapan dia mati akibat perbuatannya, maka dia akan memperbaiki diri,"" ujar Alimin.

Alimin pun mengatakan vonis hukuman mati diberikan dengan harapan terdakwa dapat memperbaiki diri.

Penulis: Hasna Resq N
Video Editor: Muhammad Rilo
Produser: Indana Zulfa

#TirtoDaily",2025-09-16T08:58:17Z,PT1M,10071,133,0,77
sFTdvkQOuN8,UCPAxpUn1mrn14xU0JpsLhDg,Kompas.com,"Penuhi Panggilan, Ferdy Sambo Minta Maaf ke Institusi","Kadiv Propam Polri Nonaktif Irjen Ferdy Sambo meminta maaf atas kejadian kematian Brigadir J yang terjadi rumah dinasnya. Sambo dipanggil oleh Bareskrim Polri terkait kasus kematian Brigadir J. Sejumlah anggota divisi propam juga terlihat mendampingi Ferdy Sambo saat datang ke Bareskrim Polri.

Simak selengkapnya dalam video berikut.

Video Jurnalis : Pramulya Sadewa
Penulis : Adhyasta Dirgantara
Penulis Naskah: Hanindiya Dwi Lestari
Narator : Hanindiya Dwi Lestari
Video Editor : Hanindiya Dwi Lestari
Produser: Yusuf Reza Permadi

#FerdySambo #BrigadirJ #PolisiTembakPolisi #JernihkanHarapan

Music: Icelandic Arpeggios - DivKid",2022-08-04T10:53:55Z,PT2M26S,5511,22,0,14
Z9BloiMdv6c,UCKII0Ml9S5wneKbHswmUrIQ,CNN Indonesia,Perjalanan Karier Ferdy Sambo Hingga Dipecat Polri,"Ferdy Sambo dituntut penjara seumur hidup dalam kasus pembunuhan Brigadir Yosua. Keterlibatannya dalam kasus pembunuhan tersebut juga membuat Sambo dipecat dari institusi Polri. Berikut rangkuman perjalanan karir Ferdy Sambo yang kami himpun dari laman CNNIndonesia.com.


======
Website: www.cnnindonesia.com
Facebook: https://m.facebook.com/CNNIndonesia/
Instagram: https://instagram.com/cnnindonesiatv
Twitter: https://twitter.com/cnniddaily
TikTok: https://www.tiktok.com/@cnnindonesia
Spotify: CNN Indonesia",2023-01-25T06:00:17Z,PT2M27S,5484,29,0,3
mJOE0P7nQlw,UCPhWauyGmombVZb5VRp4wLA,tribunjabar video,Kebingungan Irjen Purnawirawan Ricky Sitohang Terhadap Karier Ferdy Sambo Bisa Mendadak Bintang 2,"Irjen Purnawirawan Ricky Sitohang menjadi perhatian seusai menyoroti Ferdy Sambo tersangka pembunuhan Brigadir J. Ricky Sitohang mengaku bingung terkait karier instan Ferdy Sambo bisa menjadi bintang dua, padahal belum menjabat sebagai Kapolda. Lantas siapakah sosok Irjen Purnawirawan Ricky Sitohang?

Host: Yustina Kartika | Video Editor: Oki Priyana
MEDIA SOCIAL & WEB Official 
Website  : https://jabar.tribunnews.com/ 
Instagram : https://www.instagram.com/tribunjabar
Twitter  : https://twitter.com/tribunjabar
Facebook : https://www.facebook.com/tribunjabar

#tribunjabarvideo",2022-09-21T02:30:30Z,PT59S,5630,44,0,6
vjXlDye1Pu8,UCfN21rcOXZG8caHyUT6Filg,Beginilah Faktanya,Istri Ferdy Sambo Dapat Remisi 9 Bulan☺️‼️ #beritahariini #fyp,#beritaterkini #beritaterbaru #beritahariini #beritaviral #trendingshorts #trending #trendingfeed #news #ferdysambo #putricandrawathi #polisi #penjara #sambo,2025-08-21T09:02:58Z,PT6S,18250,60,0,21
iiHSkcWCrb0,UCh1x7Fl2BO_PqIPbpQelAcg,Detik Gosip,"ANGGOTA DPR CECAR CALON HAKIM AGUNG ALIMIN SOAL VONIS MATI FERDY SAMBO: ""ANDA MERASA WAKIL TUHAN?""","Kejadian di luar nalar terjadi saar uji kelayakan dan kepatutan calon hakim agung Alimin Ribut Sujono di Komisi III DPR. Ia dicecar oleh anggota DPR Benny Kabur Harman DARI PARTAI DEMOKRAT soal sikapnya yang pernah dua kali menjatuhkan vonis mati, salah satunya kepada Ferdy Sambo pada Februari 2023. Benny mempertanyakan dasar keyakinan Alimin menjatuhkan hukuman mati dan menyinggung apakah hakim merasa sebagai “wakil Tuhan” yang berhak mencabut nyawa.

Alimin menjawab bahwa keputusannya sudah melalui perenungan, dan menurutnya hukuman mati bisa membuat terpidana menyadari kesalahannya. Ia menegaskan tidak bisa lagi menangani kasus Sambo bila terpilih sebagai hakim agung, karena kode etik melarang seorang hakim menangani perkara yang sudah pernah diadili di tingkat sebelumnya.


#BennyKaburHarman #hakimagung  #hakimagungalimin #FerdySambo #demokrat #gibran  #gibranrakabuming  #wapres #wapresgibran #ijazah  #ijazahpalsu 
#mbg #BGN #DadanHindayana #prabowo  #MariElkaPangestu #MariElka #SriMulyani  #pajak  #videoprabowo #AjieKarim #dprdsumut  #dpdsumut 
#BudiArie #BudiArieSetiadi #MenteriKoperasi  #MenteriKop #menkeu #purbaya  #purbayayudhisadewa  #agenCIA  #agenCIAAS #CIA #bemui  #MQIswara #Iswara  #DPRDJaBar 
#DPRDWAKATOBI #WAKATOBI #DPO  #reshuffle  #kabinetmerahputih    #DPRDNTT  #DPRDDKI #DPRD  #DPRRI  #MenteriKehutanan  #RajaJuli  #RajaJuliAntoni  #AbdulKadir  #AbdulKadirKarding  #maki 
#AdiesKadir #golkar #uukoruptor  #uuperampasanaset  #perampasanaset #jateng  #dprdjateng #tunjangandpr  #gajidpr 
#Zulfikar #ZulfikarArse #ojol  #rockygerung  #ratupajak  #IWPI  #menterikeuangan  #HAM  #KomnasHAM  #pelanggaranHAM  #LuhutBinsar 
#Hasto #HastoKristiyanto #Megawati #PDIP #jokowi  #amnesti #abolisi #TomLembong #Luhut  #FediNuril #Menkomdigi  #Meutyahafid  pakarhukum #nonaktif #paw #YusufMansur #opendonasi 
#pan #ekopatrio #uyakuya #Zulhas #ZulkifliHasan 
#suryapaloh #AhmadSahroni #Sahroni #NafaUrbach  #demoburuh  #rupiah #ihsg  #macanasia #kucingasia  #dolar #kpi  #orba  #ordebaru #pers  #kebebasan  pers #media  #kebebasanmedia #persdibungkam  #mediadibungkam 
#uas #UstadzAbdulSomad #driverojol  #driverojolterlindas #driverojoltertabrak  #driverojoldemo #BurhanuddinAbdullah  #Penghargaan  #BintangMahaputra 
#Demo25Agustus #demodpr #pajakdpr #dpr #mpr  #DeddySitorus #rakyatjelata #loker  #mentan  #mentanamran #menko  #menkopratikmo  #mk  #hakimmk #bpjs  #lmkn  #royalti #royalty  #HUTRI80  #HUTRI#17agustus  #BupatiPati  #Sudewo #demopati  #MenteriATR  #NusronWahid  #BenderaOnePiece  #OnePiece  #JollyRoger  
 #rekeningdormant #dormant  #rekeningnganggur  #PPATK 
#mulyono #doktertifa #doladtrump #trump  #BarackObama #tarifimpor   
#EksRektorUGM #RektorUGM #SofianEffendi  #detikgosipp #dedimulyadi  #kdm  #gubernurjabar #pestarakyat  #WagubBangkaBelitung  #WagubBaBel #Hellyana 
#roysuryo #telematika #jokowikritis #bansos #BudimanSudjatmiko 
 #HarunMasiku  #pemakzulan #MahfudMD 
 #imporgula #AniesBaswedan  #AuraFarming  #PacuJalur   #PramonoAnung #bajir  #banjirjakarta #TinaAstari  #MamanAbdurrahmannb  #UMKM #MenteriUMKM  #DPRDBanten #BudiPrajogo #PKS  #SPMB  #titipsiswa #kominfo #komdigi #harley        #polisi #polri  #robot  #robotpolisi  #Bhayangkara  #beathor  #beathorsuryadi #pdip  #bahlil #amienrais      #ridwankamil   #bpjs    #ugm  #pasarpramuka #iran #israel  #palestina #rusia  #china #iranvsisrael 

#baimwong #Paula Verhoeven #hotmanparis  #hakasuh #HarveyMoeis #SandraDewi #korupsi  #timah #nikel #nikitamirzani  #rezagladys #doktif  #mafiaskincare #bpom #ahmaddhani  #maiaestianty  #AlGhazali #AlyssaDaguise #elrumi  #mulan  #mulanjameela #ghibah  #gibah #kompilasigibah  #bahayagibah #chikita  #chikitameidy #cerai #judol  #kdrt  #PashaUngu  #DimasAnggara​ #KieshaAlvaro  #vadel  #VadelBadjideh #lisamariana #felixsiauw  #ustazfelixsiauw #asriwelas #wulanguritno  #irfanhakim #soimah  #ruqyah #rukiah #rukyah  #kesurupan #heboh 

#viral #video #viralvideo #short  #viralshorts  #viralshort #viralvideos #viralreels #fypシ゚viral #fyp  #fypage #fypyoutube #fypviral #fypviralシ   #gosip  #gosipartis #gosipviral #viralindonesia  #dramaseleb  #shortviral #selebriti #gosipterbaru  #updateartis  #beritaartis #masukberanda #trending",2025-09-15T11:23:58Z,PT7S,19989,39,0,16
gLmxcz7R-o0,UCPAxpUn1mrn14xU0JpsLhDg,Kompas.com,"Kompolnas Tak Heran soal ""Gerakan Bawah Tanah"" di Kasus Ferdy Sambo","Tonton video lainnya di https://kmp.im/video

KOMPAS.com - Komisi Kepolisian Nasional (Kompolnas) menyatakan tidak heran dengan ""gerakan bawah tanah"" yang mencoba memengaruhi putusan atau vonis terhadap Ferdy Sambo. 

Komisioner Kompolnas Poengky Indarti mengatakan bahwa Sambo selalu berupaya menggunakan segala macam cara untuk bisa lolos dari jeratan hukum. 

Hal itu bisa diketahui sejak eks Kepala Divisi Profesi dan Pengamanan (Propam) Polri tersebut merekayasa kasus kematian Nofriansyah Yosua Hutabarat atau Brigadir J.

Simak berita selengkapnya dalam video berikut.
Penulis: Nirmala Maulana Achmad
Penulis Naskah: Anggie Puspariana
Narator: Anggie Puspariana
Video Editor: Ivan Khabibu Rochman  
Produser: Oka Ray Pama    
Musik: Concrescence - Trout Recording

#FerdySambo #GerakanBawahTanah #Kompolnas #JernihkanHarapan",2023-01-24T06:04:02Z,PT2M15S,5334,39,0,31
v43ETC7NwZI,UCPAxpUn1mrn14xU0JpsLhDg,Kompas.com,Hakim: Ferdy Sambo Tembak Yosua dengan Sarung Tangan Hitam,"Sidang vonis Ferdy Sambo dan Putri Candrawathi dalam kasus pembunuhan Brigadir J dilaksanakan hari ini, Senin (13/2/2023).
Majelis Hakim meyakini Ferdy Sambo turut menembak Brigadir Yosua dengan senjata api jenis Glock.
Video Editor: Adinda Dwi Putri
Produser: Nibras Nada Nailufar
/ #BrigadirJ #BrigadirYosua #FerdySambo #BharadaE #PutriCandrawathi #KuatMaruf #RickyRizal #JernihMelihatDunia #KreasiKompascom",2023-02-13T07:20:18Z,PT51S,5443,53,0,0
ZcmBOytcMDY,UCPAxpUn1mrn14xU0JpsLhDg,Kompas.com,"Richard Eliezer Ungkap Ferdy Sambo dan Putri Candrawathi Pisah Rumah, Hanya Bertemu Akhir Pekan","Terdakwa kasus pembunuhan Brigadir J, Richard Eliezer mengungkapkan bahwa mantan atasannya Ferdy Sambo dan Putri Candrawathi sudah lama pisah rumah. 

Richard Eliezer yang merupakan mantan ajudan dan sopir Ferdy Sambo mengatakan, Sambo hanya pulang ke rumah di Saguling saat akhir pekan saja. Sedangkan saat hari-hari biasa, Ferdy Sambo banyak menghabiskan waktu di rumahnya di Kemang. 

Hal tersebut diungkapkan Richard Eliezer saat menjadi saksi dalam kasus pembunuhan Brigadir J dengan terdakwa Ricky Rizal dan Kuat Maruf di Pengadilan Negeri (PN) Jakarta Selatan, Rabu (30/11/2022).

Simak selengkapnya dalam video berikut.

Penulis : Singgih Wiryono
Penulis Naskah: Musayadah Khusnul Khotimah
Narator:Musayadah Khusnul Khotimah
Video Editor: Adimas Afif Nugroho
Produser: Agung Wisnugroho
Musik: Divider - Chris Zabriskie

#FerdySambo #BrigadiJ #PutriCandrawathi #BharadaE #JernihkanHarapan",2022-11-30T08:34:17Z,PT1M47S,5301,47,0,4
0nfmsT6TWaQ,UCm2Fz7aL464TC_0uG_yagng,kumparan,Irjen Ferdy Sambo menjalani sidang etik profesi Polri yang digelar tertutup.,,2022-08-25T10:47:43Z,PT1M,5305,60,0,10
-6N2fLjXmCo,UCq6DrcwwNoUhh-VcVg5BPnA,Tribunnews Depok,Gagal Jadi Hakim Agung! Hakim yang Vonis Mati Ferdy Sambo Dapat Nol Suara di DPR,"Download aplikasi berita TribunX di Play Store atau App Store untuk dapatkan pengalaman baru

TRIBUN-VIDEO.COM - Hakim Alimin Ribut Sujono gagal melangkah dalam seleksi calon hakim agung tahun 2025.

Namanya sempat populer setelah menjatuhkan vonis mati kepada Ferdy Sambo, namun ia tidak memperoleh dukungan di DPR.

Dalam rapat pleno Komisi III DPR RI, Selasa (16/9/2025), Alimin tidak mendapat satu pun suara dari anggota dewan.

Dari 16 calon yang mengikuti uji kelayakan, hanya 10 nama yang dinyatakan layak untuk diajukan lebih lanjut.

Ketua Komisi III DPR RI, Habiburokhman, menyebut proses seleksi telah dilakukan terbuka sejak 9 hingga 15 September 2025.

Para calon diuji mulai dari rekam jejak, integritas, hingga pandangan mengenai penegakan hukum.

Alimin menjadi sorotan ketika ditanya soal pandangannya terhadap hukuman mati

 Anggota Komisi III, Benny Kabur Harman, mempertanyakan apakah vonis mati berarti menempatkan diri sebagai wakil Tuhan.

Menjawab hal itu, Alimin menegaskan keputusannya dijatuhkan demi keadilan sesuai hukum, bukan berdasarkan keyakinan pribadi.

Ia berpendapat hukuman mati sah secara hukum positif yang berlaku di Indonesia.

Meski begitu, pernyataan itu tampaknya tidak cukup meyakinkan anggota DPR.

Dengan hasil nol suara, langkah Alimin dipastikan terhenti.

Artikel ini telah tayang di WartaKotalive.com dengan judul Hakim Vonis Mati Ferdy Sambo Gagal Lolos Seleksi Hakim Agung, https://wartakota.tribunnews.com/nasional/867948/hakim-vonis-mati-ferdy-sambo-gagal-lolos-seleksi-hakim-agung#google_vignette.

Editor Video: Fransisca Ellen
Uploader: Dimas HayyuAsa

#viral #viraldimediasosial #viralvideo #FerdySambo #HakimAgung #AliminRibutSujono #dprri  #KomisiIIIDPR #SeleksiHakim #PutusanMati",2025-09-19T09:19:58Z,PT6S,17139,29,0,20
SYXZqENBKNw,UCPAxpUn1mrn14xU0JpsLhDg,Kompas.com,🔴LIVE - Ferdy Sambo hingga Hendra Kurniawan Jadi Saksi Kasus Perintangan Penyidikan,"Terdakwa Ferdy Sambo dihadirkan oleh jaksa penuntut umum (JPU) sebagai saksi dalam sidang kasus obstruction of justice (perintangan penyidikan) pembunuhan Brigadir Nofriansyah Yosua Hutabarat atau Brigadir J dengan terdakwa Irfan Widyanto, Jumat (16/12/2022).
          
Streamer : Andreas Lukas Altobeli

 #FerdySambo #BharadaE #PutriCandrawathi #BrigadirJ #NewsUpdate#JernihMelihatDunia #JernihkanHarapan

*****

Agar tidak ketinggalan berita-berita terkini, terlengkap, serta laporan langsung dari seluruh Indonesia, yuk subscribe channel youtube Kompas.com. Aktifkan juga lonceng supaya kamu dapat notifikasi video terbaru dari Kompas.com. 

Follow kami di media sosial: 
Facebook: https://www.facebook.com/KOMPAScom/
Instagram: https://www.instagram.com/KOMPAScom/
Twitter: https://twitter.com/kompascom
LINE: https://line.me/ti/p/kompascom
Tiktok: https://tiktok.com/@kompascom",2022-12-16T04:33:38Z,PT1H58M6S,5133,30,0,0
HBgBssysZU4,UCmxAIW7RDDC88EPk4ry16Kg,Tribunnews,Kejaksaan Agung Kerahkan 73 Jaksa untuk Memeriksa Ferdy Sambo,"BACA SELENGKAPNYA https://video.tribunnews.com/view/453186/kejaksaan-agung-kerahkan-73-jaksa-untuk-memeriksa-ferdy-sambo

TRIBUN-VIDEO.COM - Kejaksaan Agung mengerahkan 73 jaksa usai terima kembali berkas kasus Ferdy Sambo dari Bareskrim Polri.

Kepala Pusat Penerangan Hukum Jaksa Agung RI Ketut Sumedana mengatakan bahwa pihaknya telah menerima kembali berkas kasus Ferdy Sambo yang sempat dikembalikan ke Mabes Polri.

Berkas atas nama tersangka Ferdy Sambo diterima pada Rabu (14/9/2022) atas kasus pembunuhan dan pembunuhan berencana atau Pasal 338 KUHP dan 340 KUHP.

Setelahnya Kamis (15/9/2022), Kejaksaan Agung kembali menerima berkas atas nama tersangka Putri Candrawathi atas kasus pembunuhan dan pembunuhan berencana atau Pasal 338 KUHP dan 340 KUHP.

VP: Ghozi Luthfi

#brigadirj #penembakanpolisi #irjenferdysambo #ferdysambo  #beritapopuler #beritaterkini #beritaterbaru #beritahariini #polisi #penembakan #metrojaya #penembakanbrigadirj 
#kasusbrigadirj #bharadae #komnasham #kamaruddinsimanjuntak #ajudan  #polisitembakpolisi #kombesbudi #kasusdurentiga #budiherdi
#tersangka #kerajaansambo #sambopolri #sambodipecat #sidangkodeetik #putricandrawathi #ptdh #rekonstruksi #rekonstruksibrigadirj #kuatmaruf #bripkarr #bripkaricky #shorts #short",2022-09-17T09:18:27Z,PT52S,5146,68,0,12
VpQRC1vmfJY,UCPAxpUn1mrn14xU0JpsLhDg,Kompas.com,Kuat Ma’ruf Diminta Berbohong oleh Ferdy Sambo Sejak Pemeriksaan Pertama,"Tonton video lainnya di https://kmp.im/video

KOMPAS.com - Terdakwa Kuat Maruf mengaku diminta berbohong oleh Ferdy Sambo sejak pemeriksaan pertama di Provos Mabes Polri pada 8 Juli 2022.

Pernyataan ini diungkapkannya saat dihadirkan sebagai saksi kasus pembunuhan berencana terhadap Brigadir J dengan terdakwa Richard Eliezer pada Senin (05/12/2022).

Dalam kesempatan tersebut Kuat mengaku bahwa Sambo memintanya untuk tak berkata  jujur. Mendengar perintah tersebut, Kuat kemudian memulai kebohongan untuk menutupi kasus penembakan di Kompleks Duren Tiga. 

Mendengar pernyataan tersebut, Hakim Ketua Majelis Wahyu Imam Santoso lantas menyinggung kebohongan Kuat yang terus dilakukan hingga menjadi terdakwa di persidangan.

Menurutnya, sejak mendapat perintah Sambo, Kuat masih konsisten melakukan kebohongan. 

Simak selengkapnya dalam video berikut.

Video Jurnalis: Pramulya Sadewa
Penulis: Irfan Kamil
Penulis Naskah: Adeline Frederica Simatupang
Nataror: Adeline Frederica Simatupang
Video Editor: Farah Chaerunniza
Produser: Khairun Alfi Syahri MJ

Music: Agent - Sam Marshall
#JernihkanHarapan #sidangkuatmaruf",2022-12-06T06:23:24Z,PT2M1S,5089,18,0,3
QgkhaPw4hW4,UCNI9YdtDQqd6fEDjWYYuaDg,TacticalZone,Istri Ferdy Sambo Dapat Remisi 9 Bulan,"Putri Candrawathi, istri Ferdy Sambo, mendapat remisi 9 bulan setelah aktif dalam kegiatan positif di dalam lapas. Salah satunya adalah donor darah serta membuat kerajinan tas rajut. Pemberian remisi ini menjadi sorotan publik dan ramai diperbincangkan.

Sumber:

Kompas.com

Detik.com
CNN Indonesia
Liputan6.com

Konten ini hanya bersifat informasi berdasarkan sumber berita terpercaya. Tidak bermaksud menghakimi, menyerang, atau menyinggung pihak manapun.",2025-08-21T03:38:35Z,PT5S,19498,10,0,0
BM4ceQPk1eQ,UCmxAIW7RDDC88EPk4ry16Kg,Tribunnews,Pengacara Istri Ferdy Sambo Sebut LPSK Setujui Pemeriksaan Kliennya di Kediaman,"Laporan wartawan Tribunnews, Lendy Ramadhan

TRIBUN-VIDEO.COM - Tim pengacara istri Kadiv Propam Polri non-aktif Irjen Ferdy Sambo, PC sebut Lembaga Perlindungan Saksi Korban (LPSK) menyetujui kliennya diperiksa di kediamannya.

Ketua tim pengacara tersebut, Arman Hanis mengatakan, hingga kini kliennya masih belum bisa menjalani pemeriksaan di kantor LPSK, di kawasan Jakarta Timur karena trauma.

Arman mengaku, kliennya bantah tidak kooperatif dengan tidak hadir dalam pemeriksaan di LPSK.

Namun dirinya mengungkapkan, kondisi Ibu PC sudah dilihat oleh Komnas Perempuan dan LPSK.

Diketahui, Lembaga Perlindungan Saksi dan Korban (LPSK) akan melakukan pemeriksaan asesmen psikologis untuk istri Irjen pol Ferdy Sambo, PC. LPSK menjadwalkan pemeriksaan tersebut pekan depan.

Kendati demikian, Wakil Ketua LPSK Edwin Partogi Pasaribu menyatakan, pihaknya tidak dapat menyampaikan waktu detail pemeriksaan tersebut dengan alasan menjaga privasi pemohon.

Terkait lokasi pemeriksaan tersebut kata Edwin, akan dilakukan di kediaman PC.

Hal itu didasari atas permintaan atau rekomendasi dari tim psikolog pribadi Putri yang meminta LPSK untuk datang langsung menemui yang bersangkutan.

Video Editor: Dyah Ayu Ambarwati",2022-08-05T01:59:11Z,PT3M2S,5056,37,0,59
IrEnzuiuZtQ,UCB1fvlA5xmLJ0tZblpoTuaQ,VIVA.CO.ID,Pengakuan Ferdy Sambo Bunuh Brigadir J Karena Lukai Martabat Istri,"VIVA -  Irjen Ferdy Sambo, menurut Polri mengaku marah saat mendengar laporan bahwa istrinya, Putri Candrawathi mendapat perlakuan yang melukai harkat martabat keluarga di Magelang dari almarhum  Brigadir Yosua atau Brigadir J. (ST-RN-MI) #VIVAnewsdaily

Baca berita terbaru, terkini dan terpopuler disini https://www.viva.co.id/",2022-08-12T06:23:41Z,PT1M41S,4993,73,0,75
rEguPVH7vVM,UCoSkllfpgmFHtbVK835QaQg,Official iNews,Hakim Vonis Mati Ferdy Sambo Gagal Lolos Seleksi Hakim Agung dari DPR RI | iNews Terkini (18/9),"Hakim Alimin Ribut Sujono, yang pernah jadi sorotan publik usai menjatuhkan vonis mati kepada mantan Kadiv Propam Polri Ferdy Sambo, dipastikan gagal melangkah ke tahap berikutnya dalam seleksi calon hakim agung dan hakim ad hoc HAM di Mahkamah Agung (MA) tahun 2025.

Dalam rapat pleno Komisi III DPR RI, Selasa (16/9/2025), Alimin tidak memperoleh satu pun suara dari anggota dewan. Keputusan ini sekaligus menutup langkahnya untuk menduduki kursi hakim agung.

Berita Selengkapnya baca di: https://inews.id/news

Join membership channel ini dan nikmati berbagai konten eksklusif:
https://www.youtube.com/channel/UCoSkllfpgmFHtbVK835QaQg/join

📰 iNews: Channel Berita Terlengkap, Tercepat, dan Terpercaya di Indonesia
Dapatkan berita terbaru dari seluruh Indonesia dan dunia, mulai dari politik, ekonomi, hukum, kriminal, olahraga, hiburan, hingga peristiwa penting lainnya. Dengan liputan langsung dari lokasi kejadian dan jurnalis profesional, iNews selalu menghadirkan informasi yang cepat, akurat, dan berimbang.

📊 iNews menjadi sumber berita pilihan jutaan masyarakat yang ingin selalu update setiap saat. Jadilah bagian dari komunitas berita terbesar di Indonesia dan nikmati tayangan eksklusif yang tidak Anda temukan di tempat lain.

📌 Jangan lupa
✅ Klik SUBSCRIBE untuk bergabung dengan jutaan penonton setia kami
✅ Aktifkan Lonceng Notifikasi agar tidak ketinggalan berita penting
✅ Bagikan video ini agar lebih banyak orang mendapatkan informasi yang benar

Follow WA Channel https://whatsapp.com/channel/0029Va7scI1LdQekZvLynv1H
Follow our Official TikTok https://www.tiktok.com/@officialinews
Follow our Official Twitter https://twitter.com/officialinews_
Like our Official Facebook https://www.facebook.com/OfficialiNews
Follow our Official Instagram https://www.instagram.com/officialiNews

#iNews #BeritaTerkini #BreakingNews #BeritaHariIni #BeritaNasional #BeritaIndonesia #BeritaDunia #TerlengkapTercepatTerpercaya #HakimAgung #FerdySambo #DPR #MahkamahAgung",2025-09-18T12:45:55Z,PT8M7S,5797,23,0,21
MeM5i6jmwPg,UCGfXjFgIUUTUUlzdG6BenXA,SINDOnews,Hakim Djuyamto Spesialis Kasus Besar: Sidang Ferdy Sambo hingga Hasto | Sindo Today | 15/04,"Yuk Subscribe https://www.youtube.com/@OfficialSINDOnews

Berita Hari Ini: Selasa, 15 April 2025

Selengkapnya baca di: https://nasional.sindonews.com/

Follow WA Channel: https://whatsapp.com/channel/0029Va9lDjk90x30mpm5Vy14
Follow our Official TikTok sindonews
Follow our Official Twitter officialinews_  
Like our Official Facebook officialinews  
Follow our Official Instagram officialinews  

Dapatkan sajian berita dan liputan langsung peristiwa terkini secara cepat dan akurat di:
https://www.inews.id/ untuk berita dari daerah-daerah di seluruh Indonesia
https://www.okezone.com/ untuk berita-berita sports dan gaya hidup
https://www.sindonews.com/ untuk berita-berit a politik dalam dan luar negeri
https://www.idxchannel.com/ untuk berita-berita pasar saham dan ekonomi

#SindoToday #hakim #kasus",2025-04-15T02:21:24Z,PT3M24S,5589,37,0,12
wiEnmwCkTWI,UCbgtORkDRZ8u5ORM0Gyl5wQ,TirtoID,Anggota DPR Benny Cecar Calon Hakim Agung Soal Vonis Mati Ferdy Sambo,"Anggota Komisi II DPR dari Fraksi Demokrat, Benny K. Harman jadi sorotan publik usai mencecar calon hakim agung, Alimin Ribut Sujono, yang memvonis mati Ferdy Sambo dalam kasus pembunuhan ajudannya, Brigadir J, Selasa (16/9/2025).

Hal tersebut Benny sampaikan dalam rapat uji kelayakan (fit and proper test) dengan Komisi III DPR RI di Mahkamah Agung, Jakarta, Kamis (11/9/2025) lalu.

""Anda merasa sebagai wakil Tuhan di dunia, karena wakil Tuhan di dunia, karena hanya Tuhan yang cabut nyawa manusia, dan anda mengambil posisi sebagai wakil Tuhan, atas nama Tuhan nyawa seseorang Anda cabut, begitu kan?"" ucapnya.

Tak hanya itu Benny juga mempertanyakan perenungan yang dilakukan oleh Alimin hingga menjatuhkan sebanyak dua kali vonis hukuman mati. 

""Ini dari perspektif yang berbeda, ada saat-saatnya orang dihormati, karena saya berpikir bahwa orang tersebut akan tahu kapan akan mati, ketika dia tahu kapan dia mati akibat perbuatannya, maka dia akan memperbaiki diri,"" ujar Alimin.

Alimin pun mengatakan vonis hukuman mati diberikan dengan harapan terdakwa dapat memperbaiki diri.

Penulis: Hasna Resq N
Video Editor: Muhammad Rilo
Produser: Indana Zulfa

#TirtoDaily",2025-09-16T08:58:17Z,PT1M,10071,133,0,77
sFTdvkQOuN8,UCPAxpUn1mrn14xU0JpsLhDg,Kompas.com,"Penuhi Panggilan, Ferdy Sambo Minta Maaf ke Institusi","Kadiv Propam Polri Nonaktif Irjen Ferdy Sambo meminta maaf atas kejadian kematian Brigadir J yang terjadi rumah dinasnya. Sambo dipanggil oleh Bareskrim Polri terkait kasus kematian Brigadir J. Sejumlah anggota divisi propam juga terlihat mendampingi Ferdy Sambo saat datang ke Bareskrim Polri.

Simak selengkapnya dalam video berikut.

Video Jurnalis : Pramulya Sadewa
Penulis : Adhyasta Dirgantara
Penulis Naskah: Hanindiya Dwi Lestari
Narator : Hanindiya Dwi Lestari
Video Editor : Hanindiya Dwi Lestari
Produser: Yusuf Reza Permadi

#FerdySambo #BrigadirJ #PolisiTembakPolisi #JernihkanHarapan

Music: Icelandic Arpeggios - DivKid",2022-08-04T10:53:55Z,PT2M26S,5511,22,0,14
Z9BloiMdv6c,UCKII0Ml9S5wneKbHswmUrIQ,CNN Indonesia,Perjalanan Karier Ferdy Sambo Hingga Dipecat Polri,"Ferdy Sambo dituntut penjara seumur hidup dalam kasus pembunuhan Brigadir Yosua. Keterlibatannya dalam kasus pembunuhan tersebut juga membuat Sambo dipecat dari institusi Polri. Berikut rangkuman perjalanan karir Ferdy Sambo yang kami himpun dari laman CNNIndonesia.com.


======
Website: www.cnnindonesia.com
Facebook: https://m.facebook.com/CNNIndonesia/
Instagram: https://instagram.com/cnnindonesiatv
Twitter: https://twitter.com/cnniddaily
TikTok: https://www.tiktok.com/@cnnindonesia
Spotify: CNN Indonesia",2023-01-25T06:00:17Z,PT2M27S,5484,29,0,3
mJOE0P7nQlw,UCPhWauyGmombVZb5VRp4wLA,tribunjabar video,Kebingungan Irjen Purnawirawan Ricky Sitohang Terhadap Karier Ferdy Sambo Bisa Mendadak Bintang 2,"Irjen Purnawirawan Ricky Sitohang menjadi perhatian seusai menyoroti Ferdy Sambo tersangka pembunuhan Brigadir J. Ricky Sitohang mengaku bingung terkait karier instan Ferdy Sambo bisa menjadi bintang dua, padahal belum menjabat sebagai Kapolda. Lantas siapakah sosok Irjen Purnawirawan Ricky Sitohang?

Host: Yustina Kartika | Video Editor: Oki Priyana
MEDIA SOCIAL & WEB Official 
Website  : https://jabar.tribunnews.com/ 
Instagram : https://www.instagram.com/tribunjabar
Twitter  : https://twitter.com/tribunjabar
Facebook : https://www.facebook.com/tribunjabar

#tribunjabarvideo",2022-09-21T02:30:30Z,PT59S,5630,44,0,6
vjXlDye1Pu8,UCfN21rcOXZG8caHyUT6Filg,Beginilah Faktanya,Istri Ferdy Sambo Dapat Remisi 9 Bulan☺️‼️ #beritahariini #fyp,#beritaterkini #beritaterbaru #beritahariini #beritaviral #trendingshorts #trending #trendingfeed #news #ferdysambo #putricandrawathi #polisi #penjara #sambo,2025-08-21T09:02:58Z,PT6S,18250,60,0,21
iiHSkcWCrb0,UCh1x7Fl2BO_PqIPbpQelAcg,Detik Gosip,"ANGGOTA DPR CECAR CALON HAKIM AGUNG ALIMIN SOAL VONIS MATI FERDY SAMBO: ""ANDA MERASA WAKIL TUHAN?""","Kejadian di luar nalar terjadi saar uji kelayakan dan kepatutan calon hakim agung Alimin Ribut Sujono di Komisi III DPR. Ia dicecar oleh anggota DPR Benny Kabur Harman DARI PARTAI DEMOKRAT soal sikapnya yang pernah dua kali menjatuhkan vonis mati, salah satunya kepada Ferdy Sambo pada Februari 2023. Benny mempertanyakan dasar keyakinan Alimin menjatuhkan hukuman mati dan menyinggung apakah hakim merasa sebagai “wakil Tuhan” yang berhak mencabut nyawa.

Alimin menjawab bahwa keputusannya sudah melalui perenungan, dan menurutnya hukuman mati bisa membuat terpidana menyadari kesalahannya. Ia menegaskan tidak bisa lagi menangani kasus Sambo bila terpilih sebagai hakim agung, karena kode etik melarang seorang hakim menangani perkara yang sudah pernah diadili di tingkat sebelumnya.


#BennyKaburHarman #hakimagung  #hakimagungalimin #FerdySambo #demokrat #gibran  #gibranrakabuming  #wapres #wapresgibran #ijazah  #ijazahpalsu 
#mbg #BGN #DadanHindayana #prabowo  #MariElkaPangestu #MariElka #SriMulyani  #pajak  #videoprabowo #AjieKarim #dprdsumut  #dpdsumut 
#BudiArie #BudiArieSetiadi #MenteriKoperasi  #MenteriKop #menkeu #purbaya  #purbayayudhisadewa  #agenCIA  #agenCIAAS #CIA #bemui  #MQIswara #Iswara  #DPRDJaBar 
#DPRDWAKATOBI #WAKATOBI #DPO  #reshuffle  #kabinetmerahputih    #DPRDNTT  #DPRDDKI #DPRD  #DPRRI  #MenteriKehutanan  #RajaJuli  #RajaJuliAntoni  #AbdulKadir  #AbdulKadirKarding  #maki 
#AdiesKadir #golkar #uukoruptor  #uuperampasanaset  #perampasanaset #jateng  #dprdjateng #tunjangandpr  #gajidpr 
#Zulfikar #ZulfikarArse #ojol  #rockygerung  #ratupajak  #IWPI  #menterikeuangan  #HAM  #KomnasHAM  #pelanggaranHAM  #LuhutBinsar 
#Hasto #HastoKristiyanto #Megawati #PDIP #jokowi  #amnesti #abolisi #TomLembong #Luhut  #FediNuril #Menkomdigi  #Meutyahafid  pakarhukum #nonaktif #paw #YusufMansur #opendonasi 
#pan #ekopatrio #uyakuya #Zulhas #ZulkifliHasan 
#suryapaloh #AhmadSahroni #Sahroni #NafaUrbach  #demoburuh  #rupiah #ihsg  #macanasia #kucingasia  #dolar #kpi  #orba  #ordebaru #pers  #kebebasan  pers #media  #kebebasanmedia #persdibungkam  #mediadibungkam 
#uas #UstadzAbdulSomad #driverojol  #driverojolterlindas #driverojoltertabrak  #driverojoldemo #BurhanuddinAbdullah  #Penghargaan  #BintangMahaputra 
#Demo25Agustus #demodpr #pajakdpr #dpr #mpr  #DeddySitorus #rakyatjelata #loker  #mentan  #mentanamran #menko  #menkopratikmo  #mk  #hakimmk #bpjs  #lmkn  #royalti #royalty  #HUTRI80  #HUTRI#17agustus  #BupatiPati  #Sudewo #demopati  #MenteriATR  #NusronWahid  #BenderaOnePiece  #OnePiece  #JollyRoger  
 #rekeningdormant #dormant  #rekeningnganggur  #PPATK 
#mulyono #doktertifa #doladtrump #trump  #BarackObama #tarifimpor   
#EksRektorUGM #RektorUGM #SofianEffendi  #detikgosipp #dedimulyadi  #kdm  #gubernurjabar #pestarakyat  #WagubBangkaBelitung  #WagubBaBel #Hellyana 
#roysuryo #telematika #jokowikritis #bansos #BudimanSudjatmiko 
 #HarunMasiku  #pemakzulan #MahfudMD 
 #imporgula #AniesBaswedan  #AuraFarming  #PacuJalur   #PramonoAnung #bajir  #banjirjakarta #TinaAstari  #MamanAbdurrahmannb  #UMKM #MenteriUMKM  #DPRDBanten #BudiPrajogo #PKS  #SPMB  #titipsiswa #kominfo #komdigi #harley        #polisi #polri  #robot  #robotpolisi  #Bhayangkara  #beathor  #beathorsuryadi #pdip  #bahlil #amienrais      #ridwankamil   #bpjs    #ugm  #pasarpramuka #iran #israel  #palestina #rusia  #china #iranvsisrael 

#baimwong #Paula Verhoeven #hotmanparis  #hakasuh #HarveyMoeis #SandraDewi #korupsi  #timah #nikel #nikitamirzani  #rezagladys #doktif  #mafiaskincare #bpom #ahmaddhani  #maiaestianty  #AlGhazali #AlyssaDaguise #elrumi  #mulan  #mulanjameela #ghibah  #gibah #kompilasigibah  #bahayagibah #chikita  #chikitameidy #cerai #judol  #kdrt  #PashaUngu  #DimasAnggara​ #KieshaAlvaro  #vadel  #VadelBadjideh #lisamariana #felixsiauw  #ustazfelixsiauw #asriwelas #wulanguritno  #irfanhakim #soimah  #ruqyah #rukiah #rukyah  #kesurupan #heboh 

#viral #video #viralvideo #short  #viralshorts  #viralshort #viralvideos #viralreels #fypシ゚viral #fyp  #fypage #fypyoutube #fypviral #fypviralシ   #gosip  #gosipartis #gosipviral #viralindonesia  #dramaseleb  #shortviral #selebriti #gosipterbaru  #updateartis  #beritaartis #masukberanda #trending",2025-09-15T11:23:58Z,PT7S,19989,39,0,16
gLmxcz7R-o0,UCPAxpUn1mrn14xU0JpsLhDg,Kompas.com,"Kompolnas Tak Heran soal ""Gerakan Bawah Tanah"" di Kasus Ferdy Sambo","Tonton video lainnya di https://kmp.im/video

KOMPAS.com - Komisi Kepolisian Nasional (Kompolnas) menyatakan tidak heran dengan ""gerakan bawah tanah"" yang mencoba memengaruhi putusan atau vonis terhadap Ferdy Sambo. 

Komisioner Kompolnas Poengky Indarti mengatakan bahwa Sambo selalu berupaya menggunakan segala macam cara untuk bisa lolos dari jeratan hukum. 

Hal itu bisa diketahui sejak eks Kepala Divisi Profesi dan Pengamanan (Propam) Polri tersebut merekayasa kasus kematian Nofriansyah Yosua Hutabarat atau Brigadir J.

Simak berita selengkapnya dalam video berikut.
Penulis: Nirmala Maulana Achmad
Penulis Naskah: Anggie Puspariana
Narator: Anggie Puspariana
Video Editor: Ivan Khabibu Rochman  
Produser: Oka Ray Pama    
Musik: Concrescence - Trout Recording

#FerdySambo #GerakanBawahTanah #Kompolnas #JernihkanHarapan",2023-01-24T06:04:02Z,PT2M15S,5334,39,0,31
v43ETC7NwZI,UCPAxpUn1mrn14xU0JpsLhDg,Kompas.com,Hakim: Ferdy Sambo Tembak Yosua dengan Sarung Tangan Hitam,"Sidang vonis Ferdy Sambo dan Putri Candrawathi dalam kasus pembunuhan Brigadir J dilaksanakan hari ini, Senin (13/2/2023).
Majelis Hakim meyakini Ferdy Sambo turut menembak Brigadir Yosua dengan senjata api jenis Glock.
Video Editor: Adinda Dwi Putri
Produser: Nibras Nada Nailufar
/ #BrigadirJ #BrigadirYosua #FerdySambo #BharadaE #PutriCandrawathi #KuatMaruf #RickyRizal #JernihMelihatDunia #KreasiKompascom",2023-02-13T07:20:18Z,PT51S,5443,53,0,0
ZcmBOytcMDY,UCPAxpUn1mrn14xU0JpsLhDg,Kompas.com,"Richard Eliezer Ungkap Ferdy Sambo dan Putri Candrawathi Pisah Rumah, Hanya Bertemu Akhir Pekan","Terdakwa kasus pembunuhan Brigadir J, Richard Eliezer mengungkapkan bahwa mantan atasannya Ferdy Sambo dan Putri Candrawathi sudah lama pisah rumah. 

Richard Eliezer yang merupakan mantan ajudan dan sopir Ferdy Sambo mengatakan, Sambo hanya pulang ke rumah di Saguling saat akhir pekan saja. Sedangkan saat hari-hari biasa, Ferdy Sambo banyak menghabiskan waktu di rumahnya di Kemang. 

Hal tersebut diungkapkan Richard Eliezer saat menjadi saksi dalam kasus pembunuhan Brigadir J dengan terdakwa Ricky Rizal dan Kuat Maruf di Pengadilan Negeri (PN) Jakarta Selatan, Rabu (30/11/2022).

Simak selengkapnya dalam video berikut.

Penulis : Singgih Wiryono
Penulis Naskah: Musayadah Khusnul Khotimah
Narator:Musayadah Khusnul Khotimah
Video Editor: Adimas Afif Nugroho
Produser: Agung Wisnugroho
Musik: Divider - Chris Zabriskie

#FerdySambo #BrigadiJ #PutriCandrawathi #BharadaE #JernihkanHarapan",2022-11-30T08:34:17Z,PT1M47S,5301,47,0,4
0nfmsT6TWaQ,UCm2Fz7aL464TC_0uG_yagng,kumparan,Irjen Ferdy Sambo menjalani sidang etik profesi Polri yang digelar tertutup.,,2022-08-25T10:47:43Z,PT1M,5305,60,0,10
-6N2fLjXmCo,UCq6DrcwwNoUhh-VcVg5BPnA,Tribunnews Depok,Gagal Jadi Hakim Agung! Hakim yang Vonis Mati Ferdy Sambo Dapat Nol Suara di DPR,"Download aplikasi berita TribunX di Play Store atau App Store untuk dapatkan pengalaman baru

TRIBUN-VIDEO.COM - Hakim Alimin Ribut Sujono gagal melangkah dalam seleksi calon hakim agung tahun 2025.

Namanya sempat populer setelah menjatuhkan vonis mati kepada Ferdy Sambo, namun ia tidak memperoleh dukungan di DPR.

Dalam rapat pleno Komisi III DPR RI, Selasa (16/9/2025), Alimin tidak mendapat satu pun suara dari anggota dewan.

Dari 16 calon yang mengikuti uji kelayakan, hanya 10 nama yang dinyatakan layak untuk diajukan lebih lanjut.

Ketua Komisi III DPR RI, Habiburokhman, menyebut proses seleksi telah dilakukan terbuka sejak 9 hingga 15 September 2025.

Para calon diuji mulai dari rekam jejak, integritas, hingga pandangan mengenai penegakan hukum.

Alimin menjadi sorotan ketika ditanya soal pandangannya terhadap hukuman mati

 Anggota Komisi III, Benny Kabur Harman, mempertanyakan apakah vonis mati berarti menempatkan diri sebagai wakil Tuhan.

Menjawab hal itu, Alimin menegaskan keputusannya dijatuhkan demi keadilan sesuai hukum, bukan berdasarkan keyakinan pribadi.

Ia berpendapat hukuman mati sah secara hukum positif yang berlaku di Indonesia.

Meski begitu, pernyataan itu tampaknya tidak cukup meyakinkan anggota DPR.

Dengan hasil nol suara, langkah Alimin dipastikan terhenti.

Artikel ini telah tayang di WartaKotalive.com dengan judul Hakim Vonis Mati Ferdy Sambo Gagal Lolos Seleksi Hakim Agung, https://wartakota.tribunnews.com/nasional/867948/hakim-vonis-mati-ferdy-sambo-gagal-lolos-seleksi-hakim-agung#google_vignette.

Editor Video: Fransisca Ellen
Uploader: Dimas HayyuAsa

#viral #viraldimediasosial #viralvideo #FerdySambo #HakimAgung #AliminRibutSujono #dprri  #KomisiIIIDPR #SeleksiHakim #PutusanMati",2025-09-19T09:19:58Z,PT6S,17139,29,0,20
SYXZqENBKNw,UCPAxpUn1mrn14xU0JpsLhDg,Kompas.com,🔴LIVE - Ferdy Sambo hingga Hendra Kurniawan Jadi Saksi Kasus Perintangan Penyidikan,"Terdakwa Ferdy Sambo dihadirkan oleh jaksa penuntut umum (JPU) sebagai saksi dalam sidang kasus obstruction of justice (perintangan penyidikan) pembunuhan Brigadir Nofriansyah Yosua Hutabarat atau Brigadir J dengan terdakwa Irfan Widyanto, Jumat (16/12/2022).
          
Streamer : Andreas Lukas Altobeli

 #FerdySambo #BharadaE #PutriCandrawathi #BrigadirJ #NewsUpdate#JernihMelihatDunia #JernihkanHarapan

*****

Agar tidak ketinggalan berita-berita terkini, terlengkap, serta laporan langsung dari seluruh Indonesia, yuk subscribe channel youtube Kompas.com. Aktifkan juga lonceng supaya kamu dapat notifikasi video terbaru dari Kompas.com. 

Follow kami di media sosial: 
Facebook: https://www.facebook.com/KOMPAScom/
Instagram: https://www.instagram.com/KOMPAScom/
Twitter: https://twitter.com/kompascom
LINE: https://line.me/ti/p/kompascom
Tiktok: https://tiktok.com/@kompascom",2022-12-16T04:33:38Z,PT1H58M6S,5133,30,0,0
HBgBssysZU4,UCmxAIW7RDDC88EPk4ry16Kg,Tribunnews,Kejaksaan Agung Kerahkan 73 Jaksa untuk Memeriksa Ferdy Sambo,"BACA SELENGKAPNYA https://video.tribunnews.com/view/453186/kejaksaan-agung-kerahkan-73-jaksa-untuk-memeriksa-ferdy-sambo

TRIBUN-VIDEO.COM - Kejaksaan Agung mengerahkan 73 jaksa usai terima kembali berkas kasus Ferdy Sambo dari Bareskrim Polri.

Kepala Pusat Penerangan Hukum Jaksa Agung RI Ketut Sumedana mengatakan bahwa pihaknya telah menerima kembali berkas kasus Ferdy Sambo yang sempat dikembalikan ke Mabes Polri.

Berkas atas nama tersangka Ferdy Sambo diterima pada Rabu (14/9/2022) atas kasus pembunuhan dan pembunuhan berencana atau Pasal 338 KUHP dan 340 KUHP.

Setelahnya Kamis (15/9/2022), Kejaksaan Agung kembali menerima berkas atas nama tersangka Putri Candrawathi atas kasus pembunuhan dan pembunuhan berencana atau Pasal 338 KUHP dan 340 KUHP.

VP: Ghozi Luthfi

#brigadirj #penembakanpolisi #irjenferdysambo #ferdysambo  #beritapopuler #beritaterkini #beritaterbaru #beritahariini #polisi #penembakan #metrojaya #penembakanbrigadirj 
#kasusbrigadirj #bharadae #komnasham #kamaruddinsimanjuntak #ajudan  #polisitembakpolisi #kombesbudi #kasusdurentiga #budiherdi
#tersangka #kerajaansambo #sambopolri #sambodipecat #sidangkodeetik #putricandrawathi #ptdh #rekonstruksi #rekonstruksibrigadirj #kuatmaruf #bripkarr #bripkaricky #shorts #short",2022-09-17T09:18:27Z,PT52S,5146,68,0,12
VpQRC1vmfJY,UCPAxpUn1mrn14xU0JpsLhDg,Kompas.com,Kuat Ma’ruf Diminta Berbohong oleh Ferdy Sambo Sejak Pemeriksaan Pertama,"Tonton video lainnya di https://kmp.im/video

KOMPAS.com - Terdakwa Kuat Maruf mengaku diminta berbohong oleh Ferdy Sambo sejak pemeriksaan pertama di Provos Mabes Polri pada 8 Juli 2022.

Pernyataan ini diungkapkannya saat dihadirkan sebagai saksi kasus pembunuhan berencana terhadap Brigadir J dengan terdakwa Richard Eliezer pada Senin (05/12/2022).

Dalam kesempatan tersebut Kuat mengaku bahwa Sambo memintanya untuk tak berkata  jujur. Mendengar perintah tersebut, Kuat kemudian memulai kebohongan untuk menutupi kasus penembakan di Kompleks Duren Tiga. 

Mendengar pernyataan tersebut, Hakim Ketua Majelis Wahyu Imam Santoso lantas menyinggung kebohongan Kuat yang terus dilakukan hingga menjadi terdakwa di persidangan.

Menurutnya, sejak mendapat perintah Sambo, Kuat masih konsisten melakukan kebohongan. 

Simak selengkapnya dalam video berikut.

Video Jurnalis: Pramulya Sadewa
Penulis: Irfan Kamil
Penulis Naskah: Adeline Frederica Simatupang
Nataror: Adeline Frederica Simatupang
Video Editor: Farah Chaerunniza
Produser: Khairun Alfi Syahri MJ

Music: Agent - Sam Marshall
#JernihkanHarapan #sidangkuatmaruf",2022-12-06T06:23:24Z,PT2M1S,5089,18,0,3
QgkhaPw4hW4,UCNI9YdtDQqd6fEDjWYYuaDg,TacticalZone,Istri Ferdy Sambo Dapat Remisi 9 Bulan,"Putri Candrawathi, istri Ferdy Sambo, mendapat remisi 9 bulan setelah aktif dalam kegiatan positif di dalam lapas. Salah satunya adalah donor darah serta membuat kerajinan tas rajut. Pemberian remisi ini menjadi sorotan publik dan ramai diperbincangkan.

Sumber:

Kompas.com

Detik.com
CNN Indonesia
Liputan6.com

Konten ini hanya bersifat informasi berdasarkan sumber berita terpercaya. Tidak bermaksud menghakimi, menyerang, atau menyinggung pihak manapun.",2025-08-21T03:38:35Z,PT5S,19498,10,0,0
BM4ceQPk1eQ,UCmxAIW7RDDC88EPk4ry16Kg,Tribunnews,Pengacara Istri Ferdy Sambo Sebut LPSK Setujui Pemeriksaan Kliennya di Kediaman,"Laporan wartawan Tribunnews, Lendy Ramadhan

TRIBUN-VIDEO.COM - Tim pengacara istri Kadiv Propam Polri non-aktif Irjen Ferdy Sambo, PC sebut Lembaga Perlindungan Saksi Korban (LPSK) menyetujui kliennya diperiksa di kediamannya.

Ketua tim pengacara tersebut, Arman Hanis mengatakan, hingga kini kliennya masih belum bisa menjalani pemeriksaan di kantor LPSK, di kawasan Jakarta Timur karena trauma.

Arman mengaku, kliennya bantah tidak kooperatif dengan tidak hadir dalam pemeriksaan di LPSK.

Namun dirinya mengungkapkan, kondisi Ibu PC sudah dilihat oleh Komnas Perempuan dan LPSK.

Diketahui, Lembaga Perlindungan Saksi dan Korban (LPSK) akan melakukan pemeriksaan asesmen psikologis untuk istri Irjen pol Ferdy Sambo, PC. LPSK menjadwalkan pemeriksaan tersebut pekan depan.

Kendati demikian, Wakil Ketua LPSK Edwin Partogi Pasaribu menyatakan, pihaknya tidak dapat menyampaikan waktu detail pemeriksaan tersebut dengan alasan menjaga privasi pemohon.

Terkait lokasi pemeriksaan tersebut kata Edwin, akan dilakukan di kediaman PC.

Hal itu didasari atas permintaan atau rekomendasi dari tim psikolog pribadi Putri yang meminta LPSK untuk datang langsung menemui yang bersangkutan.

Video Editor: Dyah Ayu Ambarwati",2022-08-05T01:59:11Z,PT3M2S,5056,37,0,59
IrEnzuiuZtQ,UCB1fvlA5xmLJ0tZblpoTuaQ,VIVA.CO.ID,Pengakuan Ferdy Sambo Bunuh Brigadir J Karena Lukai Martabat Istri,"VIVA -  Irjen Ferdy Sambo, menurut Polri mengaku marah saat mendengar laporan bahwa istrinya, Putri Candrawathi mendapat perlakuan yang melukai harkat martabat keluarga di Magelang dari almarhum  Brigadir Yosua atau Brigadir J. (ST-RN-MI) #VIVAnewsdaily

Baca berita terbaru, terkini dan terpopuler disini https://www.viva.co.id/",2022-08-12T06:23:41Z,PT1M41S,4993,73,0,75
YUxAZubJVTg,UCwFc1bMj5KFxX8BJ1wBRuzw,Tribun MedanTV,Istri Ferdy Sambo Dapat Remisi karena Sering Donor Darah dan Mahir Buat Tas Rajut,"Download aplikasi berita TribunX di Play Store atau App Store untuk dapatkan pengalaman baru

TRIBUN-MEDAN.COM - Istri mantan Kadiv Propam Polri Ferdy Sambo, Putri Candrawathi, mendapat pengurangan masa hukuman sembilan bulan penjara.

Terpidana kasus pembunuhan Brigadir J atau Nofriansyah Yosua Hutabarat ini dinilai berprilaku baik di Lapas Kelas IIA Tangerang.

Sebelumnya, Putri divonis 20 tahun di PN Jakarta Selatan, namun Mahkamah Agung mengubah vonis menjadi 10 tahun penjara.

Host : Mollyzatul Ulfa
Editor Video : Hendrik Naipospos

Bergabung dengan channel ini untuk mendapatkan akses ke berbagai keuntungan:
https://www.youtube.com/channel/UCwFc1bMj5KFxX8BJ1wBRuzw/join

Baca selengkapnya di www.tribun-medan.com

#TribunMedan",2025-08-20T07:33:47Z,PT1M26S,5032,7,0,20
h5zsCb0JJyY,UCPAxpUn1mrn14xU0JpsLhDg,Kompas.com,HOAKS! Video TikTok Ferdy Sambo Dipindah ke Lapas Nusakambangan,"Sebuah konten di media sosial TikTok mengeklaim bekas Kepala Divisi Profesi dan Pengamanan (Propam) Polri Ferdy Sambo dipindahkan ke Lembaga Pemasyarakatan Nusakambangan. 
Pemindahan Ferdy Sambo ke Lapas Nusakambangan disebut sebagai bagian dari persiapan eksekusi hukuman mati.
Lantas, Apakah informasi tersebut benar? Simak informasi lengkapnya dalam video berikut.


Penulis: Tim Cek Fakta KOMPAS.com
Video Editor: Febby Agung S
Produser: Akbar Bhayu Tamtomo
Music: Stranger In the Way-RAGE
Artikel terkait: https://www.kompas.com/cekfakta/read/2023/03/09/133900282/-hoaks-video-tiktok-ferdy-sambo-dipindah-ke-lapas-nusakambangan?page=all#page2


#cekfakta #hoaks #TikTok #FerdySambo #LapasNusakambangan",2023-03-11T09:15:39Z,PT1M39S,4965,7,0,5
M1AHGrBWEyc,UCPAxpUn1mrn14xU0JpsLhDg,Kompas.com,Ferdy Sambo dkk Ditampilkan ke Publik,"Ferdy Sambo, Putri Candrawathi, dan 9 tersangka kasus Brigadir J ditampilkan ke publik.

#brigadirj #ferdysambo #putricandrawathi #kasusbrigadirj #bharadae #yoshuahutabarat #kasuspembunuhan #tersangka #shorts #shortnews",2022-10-06T05:00:57Z,PT47S,5006,111,0,5
joYSxgRztDs,UCzl0OrB3-ehunyotIQvK77A,METRO TV ,BREAKING NEWS - (Full) Pledoi Ferdy Sambo,"MetroTV, Sidang kasus pembunuhan berencana Brigadir J kembali digelar di Pengadilan Negeri Jakarta Selatan. Agenda sidang kali ini adalah pembacaan nota pembelaan atas terdakwa Ferdy Sambo, Selasa (24/1/2023).

Sidang pembacaan nota pembelaan Ferdy Sambo dimulai sekitar pukul 16.00 WIB. Sidang kali ini dibuka untuk umum.

Pekan lalu, jaksa menuntut Ferdy Sambo dengan tuntutan hukuman penjara seumur hidup. Ferdy Sambo terbukti melanggar Pasal 340 KUHP juncto Pasal 55 Ayat 1 ke-1 Kitab Undang-Undang Hukum Pidana (KUHP).

Ferdy Sambo merupakan salah satu dari lima terdakwa atas kasus pembunuhan berencana Brigadir J. Empat terdakwa lainnya yakni Richard Eliezer, Putri Candrawathi, Ricky Rizal dan Kuat Ma'ruf.

#ferdysambo #sidangsambo #pledoi #Metrotv #topreviewmetrotv",2023-01-24T17:05:10Z,PT45M30S,4763,27,0,31
c4HTT-rVt40,UCB1fvlA5xmLJ0tZblpoTuaQ,VIVA.CO.ID,Pledoi Ferdy Sambo Tak Niat Bunuh Brigadir J Dibantai Hakim,"VIVA - Majelis Hakim menilai nota pembelaan atau pleidoi Penasihat Hukum Ferdy Sambo yang menyebut bahwa kliennya tidak berniat untuk membunuh Brigadir J hanya bantahan kosong belaka. Pasalnya, fakta persidangan justru menguak hal yang berbeda. (RP-DRP-RN) 

Baca berita terbaru, terkini dan terpopuler disini https://www.viva.co.id/",2023-02-13T09:04:45Z,PT1M35S,4684,25,0,13
hABvHjJhPY8,UCPvi3d3MAILSVKRIU_1Mnkg,Pikiran Rakyat,Gagal Lolos: Hakim Alimin Sujono yang Vonis Mati Ferdy Sambo Dapat Nol Suara Di Komisi III DPR,"Hakim Alimin Ribut Sujono, yang dikenal publik karena menjatuhkan vonis hukuman mati kepada Ferdy Sambo, gagal melangkah dalam proses pemilihan calon hakim agung dan hakim ad hoc HAM di Mahkamah Agung (MA) tahun 2025.

Dalam rapat pleno Komisi III DPR RI yang digelar pada Selasa (16/9/2025), Alimin Ribut Sujono mendapatkan nol suara dari anggota Komisi III. Keputusan rapat pleno ini hanya menetapkan 10 dari 16 calon yang sebelumnya telah menjalani uji kelayakan dan kepatutan (fit and proper test).

Komisi III DPR RI, di bawah pimpinan Ketua Habiburokhman, telah melaksanakan proses fit and proper test terhadap 16 calon hakim agung dan hakim ad hoc MA selama seminggu penuh, yaitu pada 9–15 September 2025.

#dpr #hakim #parlemen

---------------------------------------------------------------------------------------------------------------------------
Instagram: https://www.instagram.com/pikiranrakyat/
X: https://x.com/pikiran_rakyat
Facebook:  https://www.facebook.com/PikiranRakyatMediaNetwork
Youtube: https://www.youtube.com/c/KoranPikiranRakyatAA77
TikTok: https://www.tiktok.com/@officialpikiranrakyat",2025-09-17T12:38:00Z,PT2M23S,5597,72,0,63
aFYsHh0ITfM,UCzl0OrB3-ehunyotIQvK77A,METRO TV ,BREAKING NEWS - Ferdy Sambo Kembali Ditahan di Mako Brimob,"MetroTV, Usai menjalani sidang vonis di Pengadilan Negeri Jakarta Selatan, Ferdy Sambo kembali menjalani penahanan di Mako Brimob, Kelapa Dua, Depok. 

Sambo dibawa dengan mobil tahanan kejaksaan dengan pengawalan ketat aparat kepolisian. 

#ferdysambo #sidangsambo #makobrimob #Metrotv #topreviewmetrotv",2023-02-14T02:41:36Z,PT1M1S,4464,25,0,6
loYV4GvzCDw,UCoSkllfpgmFHtbVK835QaQg,Official iNews,VIRAL! Video Hakim Atur Vonis Ferdy Sambo #iNewsRoom 07/01,"Tanggal Tayang: 07/01/2023

iNews Room Weekend Sabtu, 7 Januari 2028

Part 01: https://youtu.be/jtNZlYvFl7Q
Part 02: https://youtu.be/KSou1P3QYNw
Part 03: https://youtu.be/loYV4GvzCDw
Part 04: https://youtu.be/YYVDxwjz0js
Part 05: https://youtu.be/Q8HVL9aQyms
Part 06: https://youtu.be/MkNQlX1CA78
Part 07: https://youtu.be/PjeQLC7mRQ0
Part 08: https://youtu.be/32Kf8Neoa7g

---------------------------------------------------------------------------

Jangan lewatkan juga berbagai program talk show yang mengupas berbagai masalah yang tengah hangat di masyarakat, baik di bidang sosial, ekonomi, hingga dunia hukum dan politik. Semuanya dikemas secara apik, mendalam, menyentuh dan tetap kritis. 

Subscribe iNews Official Youtube Channel https://www.youtube.com/OfficialiNews
Follow our Official TikTok https://www.tiktok.com/@officialinews
Follow our Official Twitter https://twitter.com/OfficialiNewsTV
Like our Official Facebook https://www.facebook.com/OfficialiNews
Follow our Official Instagram https://www.instagram.com/officialiNews

#iNews #TimMerahPutih #AFFMitsubishiElectricCup2022",2023-01-07T11:38:00Z,PT10M25S,4416,23,0,6
TNnNCbehGDw,UCHd0Wr_VUX-xGf9dA0ADIog,Bro Ron DM,"Hakim yang Vonis Mati Ferdy Sambo Dicecar DPR: Nyawa Kau Cabut, Anda Wakil Tuhan?",,2025-09-30T09:41:49Z,PT2M32S,8076,299,0,177
BBrsX0DQdSo,UCjEz1Z4kKpb5T6HzFw_qlzA,medcom id,MOMEN PERDEBATAN KUASA HUKUM FERDY SAMBO DENGAN BHARADA E,"Seperti inilah momen perdebatan antara Kuasa Hukum Ferdy sambo dengan Bharada E. Dalam perdebatan tersebut terlihat Kuasa Hukum Ferdy Sambo merasa tidak terima dengan pernyataan yang diberikan oleh Bharada E kepada Majelis Hakim. Ia menganggap pernyataan yang diberikan oleh Bharada E sangat tidak konsisten sehingga membuat Kuasa Hukum Ferdy Sambo geram. 

Hai, Sobat Medcom.id! Kalau kamu punya video peristiwa menarik bisa mengirimkannya ke redaksi@medcom.id.
-------------------
#Medcomid",2022-12-13T07:35:17Z,PT43S,4387,75,0,9
D8dZyIcJkR4,UCB1fvlA5xmLJ0tZblpoTuaQ,VIVA.CO.ID,Eks Spri Ferdy Sambo Bebas dari Penjara dan Tak Jadi Dipecat dari Polri,"VIVA - Mantan Sektetaris pribadi Kadiv Propam Polri Ferdy Sambo, Chuck Putranto bebas dari penjara setelah ditahan kurang dari satu tahun.

Chuck diketahui divonis satu tahun penjara oleh majelis hakim Pengadilan Negeri Jakarta Selatan terkait perkara perintangan penyidikan (obstruction of justice) pembunuhan Brigadir Nofriansyah Yosua Hutabarat alias Brigadir J. (RK-DA)",2023-06-28T10:00:09Z,PT1M39S,4362,15,0,14
0QN8IJ-IeyM,UCT5H_ppXrhC7SFurhrezJKw,Tribun Sumsel,"Tetapkan 10 Calon Hakim Agung, DPR RI Coret Hakim yang Vonis Mati Ferdy Sambo","Komisi III DPR RI menetapkan 10 dari 16 calon hakim agung dan hakim ad hoc hak asasi manusia (HAM) yang telah mengikuti fit and proper test. 

Keputusan Komisi III mencoret 6 calon hakim agung diketok dalam Rapat Pleno Pemilihan dan Penetapan Calon Hakim Agung dan Hakim Ad Hoc HAM pada Mahkamah Agung (MA) tahun 2025. 

Satu calon hakim agung yang dicoret yakni Hakim Tinggi Pengadilan Banjarmasin, Alimin Ribut Sujono, hakim yang menjatuhkan vonis hukuman mati kepada terdakwa Ferdy Sambo. 

Ia mendapatkan suara 0 dari anggota Komisi III. Saat fit and proper test Alimin sempat dicecar anggota DPR yang mempertanyakan dirinya seakan menjadi wakil Tuhan di dunia.

Pada rapat tersebut, semua fraksi di Komisi III DPR RI mengungkapkan pandangan mereka terhadap para calon hakim agung. Setelah itu, Ketua Komisi III DPR RI Habiburrokhman, menanyakan apakah para forum menyetujui 10 calon hakim agung dan ad hoc HAM. 

""Apakah nama-nama calon hakim agung tersebut dapat disetujui?"" kata Habiburrokhman, di Ruang Rapat Komisi III DPR RI, Kompleks Parlemen, Senayan, Jakarta, Selasa (16/9/2025). 


Program: 
Host: 
Editor Video: Welli triyono
Editor Naskah: Aang
Uploader: 

Download aplikasi berita TribunX di Play Store atau App Store untuk dapatkan pengalaman baru.

Baca berita di ------- http://sumsel.tribunnews.com/

Follow Instagram --------- https://www.instagram.com/tribunsumsel/

Like fanspage --------- https://www.facebook.com/harian.tribun.sumsel/",2025-09-16T15:36:02Z,PT1M25S,6676,51,0,69
PrdGU40ZjJk,UCkB-tL3qX-TmLOQiMPp-0yA,Katadata Indonesia,Beda Keterangan Bharada E vs Ferdy Sambo saat Rekonstruksi Penembakan Brigadir J | Katadata Indonesi,"Rekonstruksi adegan pembunuhan berencana terhadap Brigadir Yosua Hutabarat alias Brigadir J berlangsung selama 7,5 jam kemarin, Selasa (30/8). Ada 78 adegan yang diperagakan dan terbagi di tiga rumah Irjen Ferdy Sambo.

Yang pertama di Magelang, Jawa Tengah sebanyak 16 adegan. Kedua, rumah Sambo di Jalan Saguling, Jakarta Selatan, sebanyak 35 adegan. Terakhir, rumah dinas Sambo di Jalan Duren Tiga, Jakarta Selatan, sebanyak 27 adegan, termasuk pembunuhan Brigadir J.

Lima orang tersangka hadir dalam reka ulang ini. Kelimanya adalah Ferdy Sambo, Putri Candrawathi (istri Sambo), Brigadir Ricky Rizal, Bharada Richard Eliezer, dan Kuat Ma’ruf (sopir Sambo). 

Rekonstruksi ini dihadiri oleh pengawas internal, yaitu Komisi Nasional Hak Asasi Manusia (Komnas HAM), Komisi Kepolisian Nasional (Kompolnas), Lembaga Perlindungan Saksi dan Korban (LPSK), dan Jaksa Penuntut Umum (JPU). 

Ketika adegan pembunuhan Brigadir J dilakukan, terdapat perbedaan versi yang dituturkan Sambo dan Bharada E. Seperti apa perbedaannya? Simak dalam video berikut ini.

======================================================

Mulai Sekarang #KalauBicaraPakaiData

Pantau dan Subscribe Katadata Indonesia.

Official Website : https://katadata.co.id/
Youtube              : https://www.youtube.com/c/KatadataIndonesia
Instagram           : https://www.instagram.com/katadatacoid
Facebook           : https://www.facebook.com/katadatacoid",2022-08-31T07:00:33Z,PT1M13S,4153,16,0,1
r68JcvK9xtM,UCJihkOSfgpDz_HHhkb-OGLQ,Buletin iNews GTV,Kapolri Bongkar Motif Ferdy Sambo Habisi Brigadir J #BuletiniNewsSiang 25/08,"Tanggal Tayang: 25/08/2022

Program berita harian yang menyajikan berbagai peristiwa terkini secara cepat dan akurat dari seluruh Indonesia. Mengupas berbagai masalah yang tengah hangat di masyarakat, baik di bidang sosial, ekonomi, perkotaan, hingga dunia hukum dan politik. Semuanya dikemas secara mendalam, menyentuh tapi tetap kritis. 

Buletin iNews Pagi, Siang, dan Malam juga dilengkapi dengan berita-berita hiburan serta feature unik baik dari dalam dan luar negeri yang disajikan secara humanis.

Subscribe iNews Official Youtube Channel:
https://www.youtube.com/OfficialiNews

Subscribe Buletin iNews Youtube Channel:
https://www.youtube.com/GTVNewsIndonesia

Follow Our Official Twitter: https://twitter.com/gtvid_news
Check Our Official Website: https://www.inews.id
Like Our Official Facebook: https://www.facebook.com/gtvindonesianews
Follow Our Official Instagram:
https://www.instagram.com/gtvindonesia_news

Saksikan info berita terkini di:
Buletin iNews Pagi: Senin – Jumat Pukul 03.45 WIB
Buletin iNews Siang: Setiap Hari Pukul 10.30 WIB 
Buletin iNews Malam: Senin – Jumat 01.00 WIB
Buletin iNews: Senin – Jumat 12.00 | 14.00 | 00.00",2022-08-25T06:56:55Z,PT1M49S,4238,19,0,5
luV_MIx3zMA,UCmxAIW7RDDC88EPk4ry16Kg,Tribunnews,"Bharada E Sanggah Sejumlah Kesaksian Susi ART Ferdy Sambo dalam Sidang, ""Banyak Bohongnya!""","TRIBUN-VIDEO.COM - Bharada Richard Eliezer alias Bharada E menanggapi kesaksian Susi ART Ferdy Sambo dalam sidang lanjutan kasus pembunuhan berencana Brigadir Nofriansyah Yosua Hutabarat alias Brigadir J, Senin (31/10/2022).

Bharada E menyebut, Susi banyak berbohong dalam memberikan keterangan saat sidang di Pengadilan Negeri Jakarta Selatan.

Lantas, hakim ketua Wahyu Iman Santosa pun meminta Bharada E menyebutkan bagian dari keterangan mana yang dinilai telah berbohong. 

Kemudian, Eliezer pun menyebutkan soal kesaksian Susi di tanggal 4 Juli 2022 yang mengatakan bahwa Yosua mengangkat Putri Candrawathi. 

Kemudian, Susi menyatakan bahwa Ferdy Sambo kerap berada di rumah yang berada di Jalan Saguling dan Duren Tiga. 

Padahal, mantan Kepala Divisi Profesi dan Kemaanan (Kadiv Propam) Polri itu lebih sering di rumah yang berada di jalan Bangka.
 
Lebih lanjut, Eliezer juga mengungkapkan bahwa ia dan Sambo sempat terpapar Covid-19. Namun, isolasi mandiri (isoman) itu dilakukan di rumah yang berada di Jalan Bangka. 

Begitu juga saat anak Ferdy Sambo terjangkit Covid-19, isolasi dilakukan di rumah Jalan Bangka.

Tidak hanya itu, Eliezer juga membantah kesaksian Susi yang menyebutkan bahwa Yosua tidak memiliki kamar di Saguling. 

Terakhir, mantan ajudan Sambo itu juga membantah keterangan Susi yang mengaku tidak melihat senjata api yang dibawa dari Magelang ke Jakarta. 

Menurut dia, senjata laras panjang yang berada di mobil sangat jelas terlibat oleh siapapun. (*)

Artikel ini telah tayang di Kompas.com dengan judul ""Bharada E soal Keterangan Susi ART Ferdy Sambo: Banyak Bohongnya!"", Klik untuk baca: https://nasional.kompas.com/read/2022/10/31/14441551/bharada-e-soal-keterangan-susi-art-ferdy-sambo-banyak-bohongnya.
Penulis : Irfan Kamil
Editor : Diamanty Meiliana


VP: Ika Vidya
Host: Firda Ananda

 
#beritaterbaru #beritaterkini #beritaviral #ferdysambo #bharadae #brigadirj #susi #saksı #sidangsambo #sidangsaksi",2022-10-31T14:01:00Z,PT1M51S,4034,17,0,2
8P-WNCNuqgg,UCdae24KTX8zZj7xUZczq-2w,TVAsuransi,DPR Cecar Calon Hakim Agung yang Beri Vonis Mati Ferdy Sambo,"Kredit: @Komisi3DPR 

#shortsvideo #hukumanmati #ferdysambo #hakimagung #mahmakahagung
=============================================================
Website: https://mediaasuransinews.co.id/

Social Media :

Facebook
https://web.facebook.com/media.asuran...
https://web.facebook.com/Majalah.Medi...

Instagram
https://www.instagram.com/mediaasuran...

Linkedin 
https://www.linkedin.com/in/media-asu...

Twitter
https://twitter.com/Media_Asuransi
----------------------------------------------
For Business Inquiries : editor@mediaasuransinews.co.id",2025-09-15T05:00:20Z,PT56S,7192,98,0,56
0z4CY3GvDqw,UC7oxKuCAh5IO4a32VKz7ZMQ,KOMPASTV GORONTALO,Susunan CCTV Ferdy Sambo Tiba Hingga Yosua Dibunuh di Duren Tiga,"JAKARTA, KOMPAS TV - Persidangan membuka sejumlah rekaman CCTV di dekat rumah dinas Ferdy Sambo Duren Tiga yang merupakan lokasi pembunuhan Yosua.

Dalam rekaman tampak rombongan Yosua cs bersama Putri datang terlebih daulu, dan langsung memasuki rumah.

Tak lama setelahnya mobil Ferdy Sambo tiba. Dalam rekaman terlihat ajudan Adzan Romer menyambut kedatangan Sambo.

Baca Juga CCTV Detik-Detik Kematian Brigadir J Terbongkar di Sidang di https://www.kompas.tv/article/353547/...

Romer sempat panik berlari, diduga itu adalah momen ketika pistol Ferdy Sambo terjatuh.

Setelah itu, Ferdy Sambo turun dari mobil dan langsung masuk ke rumah Duren Tiga.

Dalam sebuah rekaman saat mobil Ferdy Sambo tiba, tampak di halaman luar rumah Yosua masih hidup.

Setelah beberapa lama, terlihat adanya kepanikan yang menunjukkan ajudan Adzan Romer dan ART Kodir berlarian.

Adegan tersebut diduga saat terjadi penembakan yang melibatkan Ferdy Sambo dan Bharada Eliezer.

Video Editor: Lintang Amiluhur

Artikel ini bisa dilihat di :  https://www.kompas.tv/article/353589/...",2022-11-30T05:14:54Z,PT3M16S,4006,13,0,4
K-E7C5aETbQ,UCT5H_ppXrhC7SFurhrezJKw,Tribun Sumsel,"Ingat Brigadir Yosua Hutabarat? Polisi Ditembak Ferdy Sambo, 3 Tahun Berlalu Begini Potret Makamnya","Terik matahari cukup panas di Desa Suka Makmur, Kecamatan Sungai Bahar, Kabupaten Muaro Jambi, Selasa (8/7/2025).

Sebuah makam berwarna hitam di desa itu terlihat terawat bersih. Itulah makam Brigadir Nofriansyah Yosua Hutabarat atau akrab disapa Brigadir Yosua atau Brigadir J.

8 Juli, tiga tahun lalu, Brigadir Yosua mengembuskan napas terakhir. Ditembak atasannya sendiri, Ferdy Sambo.

Selasa (8/7/2025), Tribun Jambi berkesempatan berziarah ke makam Brigadir Yosua yang berada di Desa Suka Makmur.

#brigadiryosuahutabarat #brigadirj #yosuahutabarat #ferdysambo #richardeliezer #polisitembakpolisi

Editor Video: Eli Santi
Sumber: Tribun Jambi

Download aplikasi berita TribunX di Play Store atau App Store untuk dapatkan pengalaman baru.

Baca berita di ------- http://sumsel.tribunnews.com/

Follow Instagram --------- https://www.instagram.com/tribunsumsel/

Like fanspage --------- https://www.facebook.com/harian.tribun.sumsel/",2025-07-11T07:45:23Z,PT1M56S,3935,10,0,3
oBl9g9zpaf0,UCPAxpUn1mrn14xU0JpsLhDg,Kompas.com,Komnas HAM Segera Jadwalkan Pemeriksaan Istri Ferdy Sambo,"Komnas HAM akan segera menjadwalkan pemeriksaan terhadap istri mantan Kadiv Propam Polri Irjen Ferdy Sambo, Putri Candrawathi.

Ketua Komnas HAM Ahmad Taufan Damanik mengatakan, pemeriksaan Putri rencananya akan dilakukan dalam pekan ini.

Namun, Taufan tak merinci kapan pemeriksaan tersebut akan dilaksanakan.

""Iya, mudah-mudahan. Karena kami sekali lagi harus menghormati hak dari seorang yang terduga korban kekerasan seksual,"" ujar Taufan, Selasa, (9/8/2022).

Simak selengkapnya dalam video berikut
.
Video Jurnalis: Syalutan Ilham, Pramulya Sadewa, Claudia Aviolola
Penulis Naskah: Syalutan Ilham
Video Editor: David Satya Putra
Produser: Ira Gita Natalia Sembiring
Music: Brooklyn and the Bridge by Nico Staf

#brigadirJ #JernihkanHarapan",2022-08-09T11:34:20Z,PT2M2S,3896,22,0,34
kp2gePMwJyo,UCD4mYEJsyoMWsZsXApoJnzw,TribunJakarta Official,"Sebut Covid-19 Agenda Asing, Dharma Pongrekun Pernah Ditegur Ferdy Sambo Tak Pakai Masker saat Rapat","Download aplikasi berita TribunX di Play Store atau App Store untuk dapatkan pengalaman baru

Calon gubernur (cagub) Jakarta nomor urut 2, Dharma Pongrekun disebut pernah ditegur oleh mantan Kadiv Propam Polri, Ferdy Sambo saat rapat ketika dia masih aktif menjadi pejabat tinggi Polri.

Adapun teguran itu buntut Dharma tidak memakai masker saat rapat di masa pandemi Covid-19.

Sumber: (Tribunnews.com)
Video Production : Muhammad Naufal
Voice Over:  

Pastikan selalu Follow | Share | Comment TribunJakarta.com di: 
SUBSCRIBE (UPDATE VIDEO TERBARU): Tribun Jakarta Official https://www.youtube.com/@tribunjakarta

​INSTAGRAM:   
https://www.instagram.com/tribunjakarta/

FACEBOOK :  
https://www.facebook.com/TribunJakartaOfficial

TIKTOK: 
https://www.tiktok.com/@tribun.jakarta?lang=en

#Tribunjakarta
#viral
#video
#trending
#beritahariini
#jakartaupdate
#beritajakartahariini
#beritaterkini
#beritanasional
#warganet
#hottopic
#beritaviral",2024-10-08T04:57:07Z,PT1M,4648,52,0,4
h5zsCb0JJyY,UCPAxpUn1mrn14xU0JpsLhDg,Kompas.com,HOAKS! Video TikTok Ferdy Sambo Dipindah ke Lapas Nusakambangan,"Sebuah konten di media sosial TikTok mengeklaim bekas Kepala Divisi Profesi dan Pengamanan (Propam) Polri Ferdy Sambo dipindahkan ke Lembaga Pemasyarakatan Nusakambangan. 
Pemindahan Ferdy Sambo ke Lapas Nusakambangan disebut sebagai bagian dari persiapan eksekusi hukuman mati.
Lantas, Apakah informasi tersebut benar? Simak informasi lengkapnya dalam video berikut.


Penulis: Tim Cek Fakta KOMPAS.com
Video Editor: Febby Agung S
Produser: Akbar Bhayu Tamtomo
Music: Stranger In the Way-RAGE
Artikel terkait: https://www.kompas.com/cekfakta/read/2023/03/09/133900282/-hoaks-video-tiktok-ferdy-sambo-dipindah-ke-lapas-nusakambangan?page=all#page2


#cekfakta #hoaks #TikTok #FerdySambo #LapasNusakambangan",2023-03-11T09:15:39Z,PT1M39S,4965,7,0,5
M1AHGrBWEyc,UCPAxpUn1mrn14xU0JpsLhDg,Kompas.com,Ferdy Sambo dkk Ditampilkan ke Publik,"Ferdy Sambo, Putri Candrawathi, dan 9 tersangka kasus Brigadir J ditampilkan ke publik.

#brigadirj #ferdysambo #putricandrawathi #kasusbrigadirj #bharadae #yoshuahutabarat #kasuspembunuhan #tersangka #shorts #shortnews",2022-10-06T05:00:57Z,PT47S,5006,111,0,5
joYSxgRztDs,UCzl0OrB3-ehunyotIQvK77A,METRO TV ,BREAKING NEWS - (Full) Pledoi Ferdy Sambo,"MetroTV, Sidang kasus pembunuhan berencana Brigadir J kembali digelar di Pengadilan Negeri Jakarta Selatan. Agenda sidang kali ini adalah pembacaan nota pembelaan atas terdakwa Ferdy Sambo, Selasa (24/1/2023).

Sidang pembacaan nota pembelaan Ferdy Sambo dimulai sekitar pukul 16.00 WIB. Sidang kali ini dibuka untuk umum.

Pekan lalu, jaksa menuntut Ferdy Sambo dengan tuntutan hukuman penjara seumur hidup. Ferdy Sambo terbukti melanggar Pasal 340 KUHP juncto Pasal 55 Ayat 1 ke-1 Kitab Undang-Undang Hukum Pidana (KUHP).

Ferdy Sambo merupakan salah satu dari lima terdakwa atas kasus pembunuhan berencana Brigadir J. Empat terdakwa lainnya yakni Richard Eliezer, Putri Candrawathi, Ricky Rizal dan Kuat Ma'ruf.

#ferdysambo #sidangsambo #pledoi #Metrotv #topreviewmetrotv",2023-01-24T17:05:10Z,PT45M30S,4763,27,0,31
c4HTT-rVt40,UCB1fvlA5xmLJ0tZblpoTuaQ,VIVA.CO.ID,Pledoi Ferdy Sambo Tak Niat Bunuh Brigadir J Dibantai Hakim,"VIVA - Majelis Hakim menilai nota pembelaan atau pleidoi Penasihat Hukum Ferdy Sambo yang menyebut bahwa kliennya tidak berniat untuk membunuh Brigadir J hanya bantahan kosong belaka. Pasalnya, fakta persidangan justru menguak hal yang berbeda. (RP-DRP-RN) 

Baca berita terbaru, terkini dan terpopuler disini https://www.viva.co.id/",2023-02-13T09:04:45Z,PT1M35S,4684,25,0,13
hABvHjJhPY8,UCPvi3d3MAILSVKRIU_1Mnkg,Pikiran Rakyat,Gagal Lolos: Hakim Alimin Sujono yang Vonis Mati Ferdy Sambo Dapat Nol Suara Di Komisi III DPR,"Hakim Alimin Ribut Sujono, yang dikenal publik karena menjatuhkan vonis hukuman mati kepada Ferdy Sambo, gagal melangkah dalam proses pemilihan calon hakim agung dan hakim ad hoc HAM di Mahkamah Agung (MA) tahun 2025.

Dalam rapat pleno Komisi III DPR RI yang digelar pada Selasa (16/9/2025), Alimin Ribut Sujono mendapatkan nol suara dari anggota Komisi III. Keputusan rapat pleno ini hanya menetapkan 10 dari 16 calon yang sebelumnya telah menjalani uji kelayakan dan kepatutan (fit and proper test).

Komisi III DPR RI, di bawah pimpinan Ketua Habiburokhman, telah melaksanakan proses fit and proper test terhadap 16 calon hakim agung dan hakim ad hoc MA selama seminggu penuh, yaitu pada 9–15 September 2025.

#dpr #hakim #parlemen

---------------------------------------------------------------------------------------------------------------------------
Instagram: https://www.instagram.com/pikiranrakyat/
X: https://x.com/pikiran_rakyat
Facebook:  https://www.facebook.com/PikiranRakyatMediaNetwork
Youtube: https://www.youtube.com/c/KoranPikiranRakyatAA77
TikTok: https://www.tiktok.com/@officialpikiranrakyat",2025-09-17T12:38:00Z,PT2M23S,5597,72,0,63
aFYsHh0ITfM,UCzl0OrB3-ehunyotIQvK77A,METRO TV ,BREAKING NEWS - Ferdy Sambo Kembali Ditahan di Mako Brimob,"MetroTV, Usai menjalani sidang vonis di Pengadilan Negeri Jakarta Selatan, Ferdy Sambo kembali menjalani penahanan di Mako Brimob, Kelapa Dua, Depok. 

Sambo dibawa dengan mobil tahanan kejaksaan dengan pengawalan ketat aparat kepolisian. 

#ferdysambo #sidangsambo #makobrimob #Metrotv #topreviewmetrotv",2023-02-14T02:41:36Z,PT1M1S,4464,25,0,6
loYV4GvzCDw,UCoSkllfpgmFHtbVK835QaQg,Official iNews,VIRAL! Video Hakim Atur Vonis Ferdy Sambo #iNewsRoom 07/01,"Tanggal Tayang: 07/01/2023

iNews Room Weekend Sabtu, 7 Januari 2028

Part 01: https://youtu.be/jtNZlYvFl7Q
Part 02: https://youtu.be/KSou1P3QYNw
Part 03: https://youtu.be/loYV4GvzCDw
Part 04: https://youtu.be/YYVDxwjz0js
Part 05: https://youtu.be/Q8HVL9aQyms
Part 06: https://youtu.be/MkNQlX1CA78
Part 07: https://youtu.be/PjeQLC7mRQ0
Part 08: https://youtu.be/32Kf8Neoa7g

---------------------------------------------------------------------------

Jangan lewatkan juga berbagai program talk show yang mengupas berbagai masalah yang tengah hangat di masyarakat, baik di bidang sosial, ekonomi, hingga dunia hukum dan politik. Semuanya dikemas secara apik, mendalam, menyentuh dan tetap kritis. 

Subscribe iNews Official Youtube Channel https://www.youtube.com/OfficialiNews
Follow our Official TikTok https://www.tiktok.com/@officialinews
Follow our Official Twitter https://twitter.com/OfficialiNewsTV
Like our Official Facebook https://www.facebook.com/OfficialiNews
Follow our Official Instagram https://www.instagram.com/officialiNews

#iNews #TimMerahPutih #AFFMitsubishiElectricCup2022",2023-01-07T11:38:00Z,PT10M25S,4416,23,0,6
TNnNCbehGDw,UCHd0Wr_VUX-xGf9dA0ADIog,Bro Ron DM,"Hakim yang Vonis Mati Ferdy Sambo Dicecar DPR: Nyawa Kau Cabut, Anda Wakil Tuhan?",,2025-09-30T09:41:49Z,PT2M32S,8074,299,0,177
BBrsX0DQdSo,UCjEz1Z4kKpb5T6HzFw_qlzA,medcom id,MOMEN PERDEBATAN KUASA HUKUM FERDY SAMBO DENGAN BHARADA E,"Seperti inilah momen perdebatan antara Kuasa Hukum Ferdy sambo dengan Bharada E. Dalam perdebatan tersebut terlihat Kuasa Hukum Ferdy Sambo merasa tidak terima dengan pernyataan yang diberikan oleh Bharada E kepada Majelis Hakim. Ia menganggap pernyataan yang diberikan oleh Bharada E sangat tidak konsisten sehingga membuat Kuasa Hukum Ferdy Sambo geram. 

Hai, Sobat Medcom.id! Kalau kamu punya video peristiwa menarik bisa mengirimkannya ke redaksi@medcom.id.
-------------------
#Medcomid",2022-12-13T07:35:17Z,PT43S,4387,75,0,9
D8dZyIcJkR4,UCB1fvlA5xmLJ0tZblpoTuaQ,VIVA.CO.ID,Eks Spri Ferdy Sambo Bebas dari Penjara dan Tak Jadi Dipecat dari Polri,"VIVA - Mantan Sektetaris pribadi Kadiv Propam Polri Ferdy Sambo, Chuck Putranto bebas dari penjara setelah ditahan kurang dari satu tahun.

Chuck diketahui divonis satu tahun penjara oleh majelis hakim Pengadilan Negeri Jakarta Selatan terkait perkara perintangan penyidikan (obstruction of justice) pembunuhan Brigadir Nofriansyah Yosua Hutabarat alias Brigadir J. (RK-DA)",2023-06-28T10:00:09Z,PT1M39S,4362,15,0,14
0QN8IJ-IeyM,UCT5H_ppXrhC7SFurhrezJKw,Tribun Sumsel,"Tetapkan 10 Calon Hakim Agung, DPR RI Coret Hakim yang Vonis Mati Ferdy Sambo","Komisi III DPR RI menetapkan 10 dari 16 calon hakim agung dan hakim ad hoc hak asasi manusia (HAM) yang telah mengikuti fit and proper test. 

Keputusan Komisi III mencoret 6 calon hakim agung diketok dalam Rapat Pleno Pemilihan dan Penetapan Calon Hakim Agung dan Hakim Ad Hoc HAM pada Mahkamah Agung (MA) tahun 2025. 

Satu calon hakim agung yang dicoret yakni Hakim Tinggi Pengadilan Banjarmasin, Alimin Ribut Sujono, hakim yang menjatuhkan vonis hukuman mati kepada terdakwa Ferdy Sambo. 

Ia mendapatkan suara 0 dari anggota Komisi III. Saat fit and proper test Alimin sempat dicecar anggota DPR yang mempertanyakan dirinya seakan menjadi wakil Tuhan di dunia.

Pada rapat tersebut, semua fraksi di Komisi III DPR RI mengungkapkan pandangan mereka terhadap para calon hakim agung. Setelah itu, Ketua Komisi III DPR RI Habiburrokhman, menanyakan apakah para forum menyetujui 10 calon hakim agung dan ad hoc HAM. 

""Apakah nama-nama calon hakim agung tersebut dapat disetujui?"" kata Habiburrokhman, di Ruang Rapat Komisi III DPR RI, Kompleks Parlemen, Senayan, Jakarta, Selasa (16/9/2025). 


Program: 
Host: 
Editor Video: Welli triyono
Editor Naskah: Aang
Uploader: 

Download aplikasi berita TribunX di Play Store atau App Store untuk dapatkan pengalaman baru.

Baca berita di ------- http://sumsel.tribunnews.com/

Follow Instagram --------- https://www.instagram.com/tribunsumsel/

Like fanspage --------- https://www.facebook.com/harian.tribun.sumsel/",2025-09-16T15:36:02Z,PT1M25S,6676,51,0,69
PrdGU40ZjJk,UCkB-tL3qX-TmLOQiMPp-0yA,Katadata Indonesia,Beda Keterangan Bharada E vs Ferdy Sambo saat Rekonstruksi Penembakan Brigadir J | Katadata Indonesi,"Rekonstruksi adegan pembunuhan berencana terhadap Brigadir Yosua Hutabarat alias Brigadir J berlangsung selama 7,5 jam kemarin, Selasa (30/8). Ada 78 adegan yang diperagakan dan terbagi di tiga rumah Irjen Ferdy Sambo.

Yang pertama di Magelang, Jawa Tengah sebanyak 16 adegan. Kedua, rumah Sambo di Jalan Saguling, Jakarta Selatan, sebanyak 35 adegan. Terakhir, rumah dinas Sambo di Jalan Duren Tiga, Jakarta Selatan, sebanyak 27 adegan, termasuk pembunuhan Brigadir J.

Lima orang tersangka hadir dalam reka ulang ini. Kelimanya adalah Ferdy Sambo, Putri Candrawathi (istri Sambo), Brigadir Ricky Rizal, Bharada Richard Eliezer, dan Kuat Ma’ruf (sopir Sambo). 

Rekonstruksi ini dihadiri oleh pengawas internal, yaitu Komisi Nasional Hak Asasi Manusia (Komnas HAM), Komisi Kepolisian Nasional (Kompolnas), Lembaga Perlindungan Saksi dan Korban (LPSK), dan Jaksa Penuntut Umum (JPU). 

Ketika adegan pembunuhan Brigadir J dilakukan, terdapat perbedaan versi yang dituturkan Sambo dan Bharada E. Seperti apa perbedaannya? Simak dalam video berikut ini.

======================================================

Mulai Sekarang #KalauBicaraPakaiData

Pantau dan Subscribe Katadata Indonesia.

Official Website : https://katadata.co.id/
Youtube              : https://www.youtube.com/c/KatadataIndonesia
Instagram           : https://www.instagram.com/katadatacoid
Facebook           : https://www.facebook.com/katadatacoid",2022-08-31T07:00:33Z,PT1M13S,4153,16,0,1
r68JcvK9xtM,UCJihkOSfgpDz_HHhkb-OGLQ,Buletin iNews GTV,Kapolri Bongkar Motif Ferdy Sambo Habisi Brigadir J #BuletiniNewsSiang 25/08,"Tanggal Tayang: 25/08/2022

Program berita harian yang menyajikan berbagai peristiwa terkini secara cepat dan akurat dari seluruh Indonesia. Mengupas berbagai masalah yang tengah hangat di masyarakat, baik di bidang sosial, ekonomi, perkotaan, hingga dunia hukum dan politik. Semuanya dikemas secara mendalam, menyentuh tapi tetap kritis. 

Buletin iNews Pagi, Siang, dan Malam juga dilengkapi dengan berita-berita hiburan serta feature unik baik dari dalam dan luar negeri yang disajikan secara humanis.

Subscribe iNews Official Youtube Channel:
https://www.youtube.com/OfficialiNews

Subscribe Buletin iNews Youtube Channel:
https://www.youtube.com/GTVNewsIndonesia

Follow Our Official Twitter: https://twitter.com/gtvid_news
Check Our Official Website: https://www.inews.id
Like Our Official Facebook: https://www.facebook.com/gtvindonesianews
Follow Our Official Instagram:
https://www.instagram.com/gtvindonesia_news

Saksikan info berita terkini di:
Buletin iNews Pagi: Senin – Jumat Pukul 03.45 WIB
Buletin iNews Siang: Setiap Hari Pukul 10.30 WIB 
Buletin iNews Malam: Senin – Jumat 01.00 WIB
Buletin iNews: Senin – Jumat 12.00 | 14.00 | 00.00",2022-08-25T06:56:55Z,PT1M49S,4238,19,0,5
luV_MIx3zMA,UCmxAIW7RDDC88EPk4ry16Kg,Tribunnews,"Bharada E Sanggah Sejumlah Kesaksian Susi ART Ferdy Sambo dalam Sidang, ""Banyak Bohongnya!""","TRIBUN-VIDEO.COM - Bharada Richard Eliezer alias Bharada E menanggapi kesaksian Susi ART Ferdy Sambo dalam sidang lanjutan kasus pembunuhan berencana Brigadir Nofriansyah Yosua Hutabarat alias Brigadir J, Senin (31/10/2022).

Bharada E menyebut, Susi banyak berbohong dalam memberikan keterangan saat sidang di Pengadilan Negeri Jakarta Selatan.

Lantas, hakim ketua Wahyu Iman Santosa pun meminta Bharada E menyebutkan bagian dari keterangan mana yang dinilai telah berbohong. 

Kemudian, Eliezer pun menyebutkan soal kesaksian Susi di tanggal 4 Juli 2022 yang mengatakan bahwa Yosua mengangkat Putri Candrawathi. 

Kemudian, Susi menyatakan bahwa Ferdy Sambo kerap berada di rumah yang berada di Jalan Saguling dan Duren Tiga. 

Padahal, mantan Kepala Divisi Profesi dan Kemaanan (Kadiv Propam) Polri itu lebih sering di rumah yang berada di jalan Bangka.
 
Lebih lanjut, Eliezer juga mengungkapkan bahwa ia dan Sambo sempat terpapar Covid-19. Namun, isolasi mandiri (isoman) itu dilakukan di rumah yang berada di Jalan Bangka. 

Begitu juga saat anak Ferdy Sambo terjangkit Covid-19, isolasi dilakukan di rumah Jalan Bangka.

Tidak hanya itu, Eliezer juga membantah kesaksian Susi yang menyebutkan bahwa Yosua tidak memiliki kamar di Saguling. 

Terakhir, mantan ajudan Sambo itu juga membantah keterangan Susi yang mengaku tidak melihat senjata api yang dibawa dari Magelang ke Jakarta. 

Menurut dia, senjata laras panjang yang berada di mobil sangat jelas terlibat oleh siapapun. (*)

Artikel ini telah tayang di Kompas.com dengan judul ""Bharada E soal Keterangan Susi ART Ferdy Sambo: Banyak Bohongnya!"", Klik untuk baca: https://nasional.kompas.com/read/2022/10/31/14441551/bharada-e-soal-keterangan-susi-art-ferdy-sambo-banyak-bohongnya.
Penulis : Irfan Kamil
Editor : Diamanty Meiliana


VP: Ika Vidya
Host: Firda Ananda

 
#beritaterbaru #beritaterkini #beritaviral #ferdysambo #bharadae #brigadirj #susi #saksı #sidangsambo #sidangsaksi",2022-10-31T14:01:00Z,PT1M51S,4034,17,0,2
8P-WNCNuqgg,UCdae24KTX8zZj7xUZczq-2w,TVAsuransi,DPR Cecar Calon Hakim Agung yang Beri Vonis Mati Ferdy Sambo,"Kredit: @Komisi3DPR 

#shortsvideo #hukumanmati #ferdysambo #hakimagung #mahmakahagung
=============================================================
Website: https://mediaasuransinews.co.id/

Social Media :

Facebook
https://web.facebook.com/media.asuran...
https://web.facebook.com/Majalah.Medi...

Instagram
https://www.instagram.com/mediaasuran...

Linkedin 
https://www.linkedin.com/in/media-asu...

Twitter
https://twitter.com/Media_Asuransi
----------------------------------------------
For Business Inquiries : editor@mediaasuransinews.co.id",2025-09-15T05:00:20Z,PT56S,7192,98,0,56
0z4CY3GvDqw,UC7oxKuCAh5IO4a32VKz7ZMQ,KOMPASTV GORONTALO,Susunan CCTV Ferdy Sambo Tiba Hingga Yosua Dibunuh di Duren Tiga,"JAKARTA, KOMPAS TV - Persidangan membuka sejumlah rekaman CCTV di dekat rumah dinas Ferdy Sambo Duren Tiga yang merupakan lokasi pembunuhan Yosua.

Dalam rekaman tampak rombongan Yosua cs bersama Putri datang terlebih daulu, dan langsung memasuki rumah.

Tak lama setelahnya mobil Ferdy Sambo tiba. Dalam rekaman terlihat ajudan Adzan Romer menyambut kedatangan Sambo.

Baca Juga CCTV Detik-Detik Kematian Brigadir J Terbongkar di Sidang di https://www.kompas.tv/article/353547/...

Romer sempat panik berlari, diduga itu adalah momen ketika pistol Ferdy Sambo terjatuh.

Setelah itu, Ferdy Sambo turun dari mobil dan langsung masuk ke rumah Duren Tiga.

Dalam sebuah rekaman saat mobil Ferdy Sambo tiba, tampak di halaman luar rumah Yosua masih hidup.

Setelah beberapa lama, terlihat adanya kepanikan yang menunjukkan ajudan Adzan Romer dan ART Kodir berlarian.

Adegan tersebut diduga saat terjadi penembakan yang melibatkan Ferdy Sambo dan Bharada Eliezer.

Video Editor: Lintang Amiluhur

Artikel ini bisa dilihat di :  https://www.kompas.tv/article/353589/...",2022-11-30T05:14:54Z,PT3M16S,4005,13,0,4
K-E7C5aETbQ,UCT5H_ppXrhC7SFurhrezJKw,Tribun Sumsel,"Ingat Brigadir Yosua Hutabarat? Polisi Ditembak Ferdy Sambo, 3 Tahun Berlalu Begini Potret Makamnya","Terik matahari cukup panas di Desa Suka Makmur, Kecamatan Sungai Bahar, Kabupaten Muaro Jambi, Selasa (8/7/2025).

Sebuah makam berwarna hitam di desa itu terlihat terawat bersih. Itulah makam Brigadir Nofriansyah Yosua Hutabarat atau akrab disapa Brigadir Yosua atau Brigadir J.

8 Juli, tiga tahun lalu, Brigadir Yosua mengembuskan napas terakhir. Ditembak atasannya sendiri, Ferdy Sambo.

Selasa (8/7/2025), Tribun Jambi berkesempatan berziarah ke makam Brigadir Yosua yang berada di Desa Suka Makmur.

#brigadiryosuahutabarat #brigadirj #yosuahutabarat #ferdysambo #richardeliezer #polisitembakpolisi

Editor Video: Eli Santi
Sumber: Tribun Jambi

Download aplikasi berita TribunX di Play Store atau App Store untuk dapatkan pengalaman baru.

Baca berita di ------- http://sumsel.tribunnews.com/

Follow Instagram --------- https://www.instagram.com/tribunsumsel/

Like fanspage --------- https://www.facebook.com/harian.tribun.sumsel/",2025-07-11T07:45:23Z,PT1M56S,3935,10,0,3
oBl9g9zpaf0,UCPAxpUn1mrn14xU0JpsLhDg,Kompas.com,Komnas HAM Segera Jadwalkan Pemeriksaan Istri Ferdy Sambo,"Komnas HAM akan segera menjadwalkan pemeriksaan terhadap istri mantan Kadiv Propam Polri Irjen Ferdy Sambo, Putri Candrawathi.

Ketua Komnas HAM Ahmad Taufan Damanik mengatakan, pemeriksaan Putri rencananya akan dilakukan dalam pekan ini.

Namun, Taufan tak merinci kapan pemeriksaan tersebut akan dilaksanakan.

""Iya, mudah-mudahan. Karena kami sekali lagi harus menghormati hak dari seorang yang terduga korban kekerasan seksual,"" ujar Taufan, Selasa, (9/8/2022).

Simak selengkapnya dalam video berikut
.
Video Jurnalis: Syalutan Ilham, Pramulya Sadewa, Claudia Aviolola
Penulis Naskah: Syalutan Ilham
Video Editor: David Satya Putra
Produser: Ira Gita Natalia Sembiring
Music: Brooklyn and the Bridge by Nico Staf

#brigadirJ #JernihkanHarapan",2022-08-09T11:34:20Z,PT2M2S,3896,22,0,34
kp2gePMwJyo,UCD4mYEJsyoMWsZsXApoJnzw,TribunJakarta Official,"Sebut Covid-19 Agenda Asing, Dharma Pongrekun Pernah Ditegur Ferdy Sambo Tak Pakai Masker saat Rapat","Download aplikasi berita TribunX di Play Store atau App Store untuk dapatkan pengalaman baru

Calon gubernur (cagub) Jakarta nomor urut 2, Dharma Pongrekun disebut pernah ditegur oleh mantan Kadiv Propam Polri, Ferdy Sambo saat rapat ketika dia masih aktif menjadi pejabat tinggi Polri.

Adapun teguran itu buntut Dharma tidak memakai masker saat rapat di masa pandemi Covid-19.

Sumber: (Tribunnews.com)
Video Production : Muhammad Naufal
Voice Over:  

Pastikan selalu Follow | Share | Comment TribunJakarta.com di: 
SUBSCRIBE (UPDATE VIDEO TERBARU): Tribun Jakarta Official https://www.youtube.com/@tribunjakarta

​INSTAGRAM:   
https://www.instagram.com/tribunjakarta/

FACEBOOK :  
https://www.facebook.com/TribunJakartaOfficial

TIKTOK: 
https://www.tiktok.com/@tribun.jakarta?lang=en

#Tribunjakarta
#viral
#video
#trending
#beritahariini
#jakartaupdate
#beritajakartahariini
#beritaterkini
#beritanasional
#warganet
#hottopic
#beritaviral",2024-10-08T04:57:07Z,PT1M,4648,52,0,4
kOMm3eFSsYY,UClkZYFv6xkLPImWgq7-3voQ,Tribun Papua Barat Official,"Jabatan Baru 7 Polisi di Kasus Ferdy Sambo: Semuanya Naik Pangkat, Terbaru AKBP Chuck Putranto","TRIBUNNEWS.COM, JAKARTA -  Ajun Komisaris Besar Polisi (AKBP) Chuck Putranto kini naik pangkat di awal tahun 2025 ini.

Bahkan mantan anak buah eks Kadiv Propam Polri Ferdy Sambo itu dapat jabatan baru di Polda Metro Jaya.

Chuck Putranto disebut-sebut sempat terlibat kasus pembunuhan Brigadir Nofriansyah Yosua Hutabarat.



Artikel ini telah tayang di Tribunnews.com dengan judul Jabatan Baru 7 Polisi di Kasus Ferdy Sambo: Semuanya Naik Pangkat, Terbaru AKBP Chuck Putranto, https://www.tribunnews.com/nasional/2025/01/05/jabatan-baru-7-polisi-di-kasus-ferdy-sambo-semuanya-naik-pangkat-terbaru-akbp-chuck-putranto.

Editor: Hasanudin Aco",2025-01-06T03:51:55Z,PT40S,4652,35,0,1
DedXRx9_7CA,UCB1fvlA5xmLJ0tZblpoTuaQ,VIVA.CO.ID,Wajah Tegang Ferdy Sambo Hadapi Sidang Tuntutan,"VIVA - Terdakwa kasus pembunuhan berencana Brigadir J, Ferdy Sambo menjalani sidang tuntutan pada Selasa, 17 Januari 2023 di Pengadilan Negeri Jakarta Selatan. Mengenakan baju kemeja putih dengan celana hitam, Sambo tampak tegang memasuki ruang sidang. (RP-RN-MI)

Baca berita terbaru, terkini dan terpopuler disini https://www.viva.co.id/",2023-01-17T04:30:44Z,PT1M9S,3774,51,0,11
nO6JHaIp2yo,UCmxAIW7RDDC88EPk4ry16Kg,Tribunnews,"Semangati Sang Ayah, Anak Ferdy Sambo Unggah Foto Bersandar: My Hero, Forever, and Always","#beritaterbaru #beritaterkini #beritaviral #anaksambo #putricandrawathi #ferdysambo 

TRIBUN-VIDEO.COM - Ferdy Sambo, terdakwa kasus pembunuhan berencana Brigadir Nofriansyah Yosua Hutabarat alias Brigadir J mendapatkan support dari putri sulungnya.

Putri sulung Ferdy Sambo, TS mengunggah foto bersama ayahnya di akun Instagram-nya, Kamis (9/11/2022).

Sang anak tampak bersandar dibahu ayahnya dan keduanya tampak berkaca-kaca.

Tertulis pula caption yang menunjukkan, Ferdy Sambo merupakan pahlawan baginya.

Tertera pula tulisan tanggal foto tersebut diambil yakni pada 8 November 2022.

Diketahui, TS Sambo merupakan anak sulung dari pasangan Ferdy Sambo dan Putri Candrawathi.

Ia merupakan anak pertama dari empat bersaudara.

TS memiliki dua adik laki-laki dan satu perempuan.

Diketahui, Ferdy Sambo dan istrinya terjerat kasus pembunuhan berencana terhadap ajudannya, Brigadir Nofriansyah Yosua Hutabarat (Brigadir J).

Ferdy Sambo menjadi otak dari kasus pembunuhan tersebut. Saat ini, kasus pembunuhan Brigadir J telah memasuki sidang pemeriksaan terahdap saksi.

Terbaru, Terdakwa Ferdy Sambo dan Putri Candrawathi menjalani sidang pemeriksaan saksi di Pengadilan Negeri Jakarta Selatan pada Selasa (8/11/2022).

Sebanyak 10 orang saksi hadir dalam sidang kasus pembunuhan berencana Brigadir J, dengan terdakwa Ferdy Sambo dan Putri Candrawathi. 

Mereka terdiri asisten rumah tangga (ART) di rumah Sambo yang berada di jalan Saguling, Duren Tiga dan Bangka serta ajudan dan sopir mantan Kadiv Propam Polri itu. 

Sebelum dimintai keterangan di muka persidangan, Hakim Ketua majelis Wahyu Iman Santosa membuka persidangan dengan terdakwa Ferdy Sambo.

Usai membuka persidangan, hakim melanjutkan dengan menanyakan kondisi kesehatan Sambo. 

Kemudian, hakim mempersilakan Sambo untuk duduk di sebelah tim penasihat hukumnya. 

Lebih lanjut hal yang sama pun dilakukan terhadap terdakwa Putri Candrawathi. 

Hakim membuka persidangan dan menanyakan kondisi kesehatan istri Ferdy Sambo itu. 

Selanjutnya hakim Wahyu juga meminta Putri duduk di sebelah tim penasihat hukumnya. 

Setelah itu, jaksa menghadirkan saksi-saksi yang memberi keterangan di muka persidangan.

Mereka adalah ART di rumah Saguling bernama Susi dan security atau petugas kemanan di rumah Saguling bernama Damianus Laba Kobam atau Damson.

Ada pula saksi yang berasal dari rumah Sambo yang berada di Jalan Bangka yakni ART Daryanto alias Kodir dan petugas keamanan Marjuki.

Selain itu, jaksa juga menghadirkan aide de camp (ADC) atau ajudan Sambo bernama Adzan Romer, Daden Miftahul Haq dan juga sopir Sambo bernama Prayogi Iktara Wikaton serta saksi lainnya yang juga anggota Polri bernama Farhan Sabilah. (*)


Artikel ini telah tayang di Tribunnews.com dengan judul Anak Ferdy Sambo Unggah Foto Bersandar di Bahu sang Ayah: My Hero, Forever, and Always, https://www.tribunnews.com/nasional/2022/11/10/anak-ferdy-sambo-unggah-foto-bersandar-di-bahu-sang-ayah-my-hero-forever-and-always.
Penulis: Suci Bangun Dwi Setyaningsih
Editor: Tiara Shelavie

VP: Yogi Putra
Host: Firda Ananda",2022-11-11T04:34:01Z,PT4M5S,3753,14,0,38
6K4nG64na2s,UCVlBbKdVLBo77VEfNHlOcOA,Tribun Flores,"TAK DISANGKA! Istri Ferdy Sambo Putri Candrawathi Dapat Remisi 9 Bulan, Hadiah saat HUT ke-80 RI","Download aplikasi berita TribunX di Play Store atau App Store untuk dapatkan pengalaman baru.

TRIBUN-VIDEO.COM - Istri Ferdy Sambo, Putri Candrawathi, mendapat remisi pada peringatan HUT Ke-80 RI pada Minggu (17/8/2025). 

“Benar,” kata Kepala Humas Lapas Kelas II Tangerang, Ratmin, saat dikonfirmasi Kompas.com, Rabu (20/8/2025).

Kepala Humas Lapas Kelas II Tangerang, Ratmin mengatakan, Putri Candrawathi memperoleh remisi umum sebanyak 4 bulan, remisi dasawarsa 90 hari atau 3 bulan, dan remisi tambahan donor darah 2 bulan.

“Remisi umum 4 bulan, remisi dasawarsa 90 hari, dan remisi tambahan donor darah 2 bulan,” ujarnya.

Dengan begitu, total remisi yang diperoleh  Putri Candrawathi adalah 9 bulan.

Artikel ini telah tayang di Kompas.com dengan judul ""Putri Candrawathi Istri Ferdy Sambo Dapat Remisi 9 Bulan di HUT RI"", Klik untuk baca: https://nasional.kompas.com/read/2025/08/20/12203021/putri-candrawathi-istri-ferdy-sambo-dapat-remisi-9-bulan-di-hut-ri.

Editor Video : Titis Tiara
Uploader: Aditya Wisnu Wardana

#ferdysambo #putricandrawathi 
#Tribunnews #sambo 
#tribunFlores #remisi 
#viral #video #hutri80 
#trending #beritahariini 
#Floresupdate 
#beritaFloreshariini
#beritaterkini 
#beritanasional 
#warganet #hottopic 
#Viralnews #beritaviral 
#Shorts",2025-08-21T04:41:40Z,PT6S,11335,13,0,2
BJzs4zhGep4,UCK6c4qk3hRaa6fMIEZrhiXQ,Tribun Timur,Pemvonis Mati Ferdy Sambo Ikut Uji Kelayakan Calon Hakim Agung,"Download aplikasi berita TribunX di Play Store atau App Store untuk dapatkan pengalaman baru


TRIBUN-TIMUR.COM  - Satu dari tiga majelis hakim yang memvonis hukuman mati pada Ferdy Sambo, Alimin Ribut Sujono, mengikuti uji kelayakan dan kepatutan atau fit and proper test calon hakim agung.

Saat uji kelayakan di DPR RI, Kamis (10/9/2025), Alimin dicecar oleh Anggota Komisi III DPR Benny Kabur Harman.

Pertanyaannya seputar vonis hakim yang dijatuhkan Alimin bersama dua anggota majelis lain, kepada Ferdy Sambo saat 2023 lalu.

Benny sempat mempertanyakan apakah Alimin mendukung adanya vonis mati.

Dan dijawab itulah sebabnya Alimin memutuskan hukuman mati kepada Ferdy Sambo bersama dua hakim lain.(TRIBUN-TIMUR.COM)

Update info terkini via http://tribun-timur.com/

Follow dan like fanpage Facebook http://bit.ly/FBTribunTimurMks
YouTube business inquiries: 081144407111
Follow akun Instagram http://bit.ly/IGTribunTimur
Follow akun Twitter http://bit.ly/twitterTribunTimur

Youtube: @TVRPARLEMEN
Naskah: Wa Ode Nurmin
Narator: Wa Ode Nurmin
Supporting: Syahra Ramadhani (Mahasiswi magang IAIN Parepare)
Editor Video: Abdul Rahman

#UjiKelayakan #Calon #HakimAgung #AliminRibutSujono #fitandpropertest #calonhakimagung #aduargumen #AnggotaKomisiIII #DPRRI #BennyKaburHarman #tribuntimur #tribunviral",2025-09-12T13:40:00Z,PT14M45S,3935,21,0,15
lSOP3mKNli8,UCNziCB3cCbx6HXc-Nrk-vsg,RADAR JURNALIS,Mengejutkan! Jawaban Pengadilan Negeri Jakarta Terhadap Banding Ferdy Sambo Vonis Hukuman Mati,"#sidangvonisferdysambo
#sidangvonis
#ferdysambo
#brigadirj
#kasusbrigadirj
#putricandrawathi
#bharadae
#brigadiryosua
#kamaruddinsimanjuntak
#beritaterkini
#britaterbaruferdysambo
#jendrallistyosigitprabowo
#polisi
#polisitembakpolisi
#listyosigitprabowo
#sidangvonisbharadae
#ferdysambotersangka
#polri
#kapolri
#sambo
#kasuspenembakanbrigadirj
#gengferdysambo
#beritahariini
#sidangkasusbrigadirj
#beritaterbaru
#bharadaeliezer
#nasibbharadae
#bharadaebebas",2023-03-08T11:16:49Z,PT3M28S,2781,12,0,6
kFh9dV8Emh0,UC19-_LmPdw_y-0HZVGCDmgQ,DIKTE SEJARAH,Kasus Penembakan Ferdy Sambo & Brigadir J | Kronologi & Fakta Persidangan,"Kasus penembakan Brigadir Nofriansyah Yosua Hutabarat (Brigadir J) oleh mantan Kadiv Propam Polri Ferdy Sambo menjadi salah satu tragedi hukum paling menggemparkan di Indonesia tahun 2022.

Peristiwa berdarah ini membuka tabir gelap internal kepolisian, menghadirkan drama persidangan panjang, hingga akhirnya Ferdy Sambo divonis hukuman mati.

Dalam video ini dibahas:
⚖️ Kronologi penembakan Brigadir J
⚖️ Fakta dan bukti persidangan Ferdy Sambo
⚖️ Peran Putri Candrawathi dan anggota polisi lainnya
⚖️ Dampak kasus Sambo terhadap citra Polri

📌 Kasus ini dikenal sebagai “Drama Sambo”, salah satu skandal terbesar dalam sejarah kepolisian Indonesia.

👉 Dukung channel ini dengan like, komen, share, dan subscribe agar tidak ketinggalan tragedi, sejarah, dan misteri lainnya.",2025-10-02T10:08:21Z,PT2M15S,761,10,0,0
3fWSWWAZv2M,UCGRlSREQj7d8wL0ReeXpotQ,Ferdy Sambo,3 Oktober 2025,,2025-10-03T03:15:36Z,PT15S,8,1,0,0
me6SmZdH8p0,UCGRlSREQj7d8wL0ReeXpotQ,Ferdy Sambo,3 Oktober 2025,,2025-10-03T01:10:32Z,PT16S,13,1,0,0
hEw9FufLNCI,UCPl8sXOh8o1r5IEcxyat8dA,🇮🇩41azls_AZ,sbb dia lebih kuat dari ferdy sambo dan putri candrawathi sama-sama,,2025-09-30T13:19:16Z,PT16S,123,6,0,1
cjKMrxpEA_s,UCN5J-Zer69-TeHbe2QWj7FQ,Ferdy Sambo,1 Oktober 2025,,2025-10-01T11:51:40Z,PT2S,5,0,0,0
_j39mCqOIFk,UCYgEbnwSE1M_ciEJ8TWXN4g,MZ Kata,"Jgn Skip; HAKIM VONIS MATI FERDY SAMBO,Dicecar DPR😱🤔 #viral #trending #shorts",,2025-10-02T00:43:38Z,PT1M14S,538,2,0,0
qFx3AurrxIQ,UCGRlSREQj7d8wL0ReeXpotQ,Ferdy Sambo,3 Oktober 2025,,2025-10-03T03:17:58Z,PT14S,10,1,0,0
DedXRx9_7CA,UCB1fvlA5xmLJ0tZblpoTuaQ,VIVA.CO.ID,Wajah Tegang Ferdy Sambo Hadapi Sidang Tuntutan,"VIVA - Terdakwa kasus pembunuhan berencana Brigadir J, Ferdy Sambo menjalani sidang tuntutan pada Selasa, 17 Januari 2023 di Pengadilan Negeri Jakarta Selatan. Mengenakan baju kemeja putih dengan celana hitam, Sambo tampak tegang memasuki ruang sidang. (RP-RN-MI)

Baca berita terbaru, terkini dan terpopuler disini https://www.viva.co.id/",2023-01-17T04:30:44Z,PT1M9S,3774,51,0,11
nO6JHaIp2yo,UCmxAIW7RDDC88EPk4ry16Kg,Tribunnews,"Semangati Sang Ayah, Anak Ferdy Sambo Unggah Foto Bersandar: My Hero, Forever, and Always","#beritaterbaru #beritaterkini #beritaviral #anaksambo #putricandrawathi #ferdysambo 

TRIBUN-VIDEO.COM - Ferdy Sambo, terdakwa kasus pembunuhan berencana Brigadir Nofriansyah Yosua Hutabarat alias Brigadir J mendapatkan support dari putri sulungnya.

Putri sulung Ferdy Sambo, TS mengunggah foto bersama ayahnya di akun Instagram-nya, Kamis (9/11/2022).

Sang anak tampak bersandar dibahu ayahnya dan keduanya tampak berkaca-kaca.

Tertulis pula caption yang menunjukkan, Ferdy Sambo merupakan pahlawan baginya.

Tertera pula tulisan tanggal foto tersebut diambil yakni pada 8 November 2022.

Diketahui, TS Sambo merupakan anak sulung dari pasangan Ferdy Sambo dan Putri Candrawathi.

Ia merupakan anak pertama dari empat bersaudara.

TS memiliki dua adik laki-laki dan satu perempuan.

Diketahui, Ferdy Sambo dan istrinya terjerat kasus pembunuhan berencana terhadap ajudannya, Brigadir Nofriansyah Yosua Hutabarat (Brigadir J).

Ferdy Sambo menjadi otak dari kasus pembunuhan tersebut. Saat ini, kasus pembunuhan Brigadir J telah memasuki sidang pemeriksaan terahdap saksi.

Terbaru, Terdakwa Ferdy Sambo dan Putri Candrawathi menjalani sidang pemeriksaan saksi di Pengadilan Negeri Jakarta Selatan pada Selasa (8/11/2022).

Sebanyak 10 orang saksi hadir dalam sidang kasus pembunuhan berencana Brigadir J, dengan terdakwa Ferdy Sambo dan Putri Candrawathi. 

Mereka terdiri asisten rumah tangga (ART) di rumah Sambo yang berada di jalan Saguling, Duren Tiga dan Bangka serta ajudan dan sopir mantan Kadiv Propam Polri itu. 

Sebelum dimintai keterangan di muka persidangan, Hakim Ketua majelis Wahyu Iman Santosa membuka persidangan dengan terdakwa Ferdy Sambo.

Usai membuka persidangan, hakim melanjutkan dengan menanyakan kondisi kesehatan Sambo. 

Kemudian, hakim mempersilakan Sambo untuk duduk di sebelah tim penasihat hukumnya. 

Lebih lanjut hal yang sama pun dilakukan terhadap terdakwa Putri Candrawathi. 

Hakim membuka persidangan dan menanyakan kondisi kesehatan istri Ferdy Sambo itu. 

Selanjutnya hakim Wahyu juga meminta Putri duduk di sebelah tim penasihat hukumnya. 

Setelah itu, jaksa menghadirkan saksi-saksi yang memberi keterangan di muka persidangan.

Mereka adalah ART di rumah Saguling bernama Susi dan security atau petugas kemanan di rumah Saguling bernama Damianus Laba Kobam atau Damson.

Ada pula saksi yang berasal dari rumah Sambo yang berada di Jalan Bangka yakni ART Daryanto alias Kodir dan petugas keamanan Marjuki.

Selain itu, jaksa juga menghadirkan aide de camp (ADC) atau ajudan Sambo bernama Adzan Romer, Daden Miftahul Haq dan juga sopir Sambo bernama Prayogi Iktara Wikaton serta saksi lainnya yang juga anggota Polri bernama Farhan Sabilah. (*)


Artikel ini telah tayang di Tribunnews.com dengan judul Anak Ferdy Sambo Unggah Foto Bersandar di Bahu sang Ayah: My Hero, Forever, and Always, https://www.tribunnews.com/nasional/2022/11/10/anak-ferdy-sambo-unggah-foto-bersandar-di-bahu-sang-ayah-my-hero-forever-and-always.
Penulis: Suci Bangun Dwi Setyaningsih
Editor: Tiara Shelavie

VP: Yogi Putra
Host: Firda Ananda",2022-11-11T04:34:01Z,PT4M5S,3753,14,0,38
6K4nG64na2s,UCVlBbKdVLBo77VEfNHlOcOA,Tribun Flores,"TAK DISANGKA! Istri Ferdy Sambo Putri Candrawathi Dapat Remisi 9 Bulan, Hadiah saat HUT ke-80 RI","Download aplikasi berita TribunX di Play Store atau App Store untuk dapatkan pengalaman baru.

TRIBUN-VIDEO.COM - Istri Ferdy Sambo, Putri Candrawathi, mendapat remisi pada peringatan HUT Ke-80 RI pada Minggu (17/8/2025). 

“Benar,” kata Kepala Humas Lapas Kelas II Tangerang, Ratmin, saat dikonfirmasi Kompas.com, Rabu (20/8/2025).

Kepala Humas Lapas Kelas II Tangerang, Ratmin mengatakan, Putri Candrawathi memperoleh remisi umum sebanyak 4 bulan, remisi dasawarsa 90 hari atau 3 bulan, dan remisi tambahan donor darah 2 bulan.

“Remisi umum 4 bulan, remisi dasawarsa 90 hari, dan remisi tambahan donor darah 2 bulan,” ujarnya.

Dengan begitu, total remisi yang diperoleh  Putri Candrawathi adalah 9 bulan.

Artikel ini telah tayang di Kompas.com dengan judul ""Putri Candrawathi Istri Ferdy Sambo Dapat Remisi 9 Bulan di HUT RI"", Klik untuk baca: https://nasional.kompas.com/read/2025/08/20/12203021/putri-candrawathi-istri-ferdy-sambo-dapat-remisi-9-bulan-di-hut-ri.

Editor Video : Titis Tiara
Uploader: Aditya Wisnu Wardana

#ferdysambo #putricandrawathi 
#Tribunnews #sambo 
#tribunFlores #remisi 
#viral #video #hutri80 
#trending #beritahariini 
#Floresupdate 
#beritaFloreshariini
#beritaterkini 
#beritanasional 
#warganet #hottopic 
#Viralnews #beritaviral 
#Shorts",2025-08-21T04:41:40Z,PT6S,11335,13,0,2
BJzs4zhGep4,UCK6c4qk3hRaa6fMIEZrhiXQ,Tribun Timur,Pemvonis Mati Ferdy Sambo Ikut Uji Kelayakan Calon Hakim Agung,"Download aplikasi berita TribunX di Play Store atau App Store untuk dapatkan pengalaman baru


TRIBUN-TIMUR.COM  - Satu dari tiga majelis hakim yang memvonis hukuman mati pada Ferdy Sambo, Alimin Ribut Sujono, mengikuti uji kelayakan dan kepatutan atau fit and proper test calon hakim agung.

Saat uji kelayakan di DPR RI, Kamis (10/9/2025), Alimin dicecar oleh Anggota Komisi III DPR Benny Kabur Harman.

Pertanyaannya seputar vonis hakim yang dijatuhkan Alimin bersama dua anggota majelis lain, kepada Ferdy Sambo saat 2023 lalu.

Benny sempat mempertanyakan apakah Alimin mendukung adanya vonis mati.

Dan dijawab itulah sebabnya Alimin memutuskan hukuman mati kepada Ferdy Sambo bersama dua hakim lain.(TRIBUN-TIMUR.COM)

Update info terkini via http://tribun-timur.com/

Follow dan like fanpage Facebook http://bit.ly/FBTribunTimurMks
YouTube business inquiries: 081144407111
Follow akun Instagram http://bit.ly/IGTribunTimur
Follow akun Twitter http://bit.ly/twitterTribunTimur

Youtube: @TVRPARLEMEN
Naskah: Wa Ode Nurmin
Narator: Wa Ode Nurmin
Supporting: Syahra Ramadhani (Mahasiswi magang IAIN Parepare)
Editor Video: Abdul Rahman

#UjiKelayakan #Calon #HakimAgung #AliminRibutSujono #fitandpropertest #calonhakimagung #aduargumen #AnggotaKomisiIII #DPRRI #BennyKaburHarman #tribuntimur #tribunviral",2025-09-12T13:40:00Z,PT14M45S,3935,21,0,15
lSOP3mKNli8,UCNziCB3cCbx6HXc-Nrk-vsg,RADAR JURNALIS,Mengejutkan! Jawaban Pengadilan Negeri Jakarta Terhadap Banding Ferdy Sambo Vonis Hukuman Mati,"#sidangvonisferdysambo
#sidangvonis
#ferdysambo
#brigadirj
#kasusbrigadirj
#putricandrawathi
#bharadae
#brigadiryosua
#kamaruddinsimanjuntak
#beritaterkini
#britaterbaruferdysambo
#jendrallistyosigitprabowo
#polisi
#polisitembakpolisi
#listyosigitprabowo
#sidangvonisbharadae
#ferdysambotersangka
#polri
#kapolri
#sambo
#kasuspenembakanbrigadirj
#gengferdysambo
#beritahariini
#sidangkasusbrigadirj
#beritaterbaru
#bharadaeliezer
#nasibbharadae
#bharadaebebas",2023-03-08T11:16:49Z,PT3M28S,2781,12,0,6
kFh9dV8Emh0,UC19-_LmPdw_y-0HZVGCDmgQ,DIKTE SEJARAH,Kasus Penembakan Ferdy Sambo & Brigadir J | Kronologi & Fakta Persidangan,"Kasus penembakan Brigadir Nofriansyah Yosua Hutabarat (Brigadir J) oleh mantan Kadiv Propam Polri Ferdy Sambo menjadi salah satu tragedi hukum paling menggemparkan di Indonesia tahun 2022.

Peristiwa berdarah ini membuka tabir gelap internal kepolisian, menghadirkan drama persidangan panjang, hingga akhirnya Ferdy Sambo divonis hukuman mati.

Dalam video ini dibahas:
⚖️ Kronologi penembakan Brigadir J
⚖️ Fakta dan bukti persidangan Ferdy Sambo
⚖️ Peran Putri Candrawathi dan anggota polisi lainnya
⚖️ Dampak kasus Sambo terhadap citra Polri

📌 Kasus ini dikenal sebagai “Drama Sambo”, salah satu skandal terbesar dalam sejarah kepolisian Indonesia.

👉 Dukung channel ini dengan like, komen, share, dan subscribe agar tidak ketinggalan tragedi, sejarah, dan misteri lainnya.",2025-10-02T10:08:21Z,PT2M15S,761,10,0,0
3fWSWWAZv2M,UCGRlSREQj7d8wL0ReeXpotQ,Ferdy Sambo,3 Oktober 2025,,2025-10-03T03:15:36Z,PT15S,8,1,0,0
me6SmZdH8p0,UCGRlSREQj7d8wL0ReeXpotQ,Ferdy Sambo,3 Oktober 2025,,2025-10-03T01:10:32Z,PT16S,13,1,0,0
hEw9FufLNCI,UCPl8sXOh8o1r5IEcxyat8dA,🇮🇩41azls_AZ,sbb dia lebih kuat dari ferdy sambo dan putri candrawathi sama-sama,,2025-09-30T13:19:16Z,PT16S,123,6,0,1
cjKMrxpEA_s,UCN5J-Zer69-TeHbe2QWj7FQ,Ferdy Sambo,1 Oktober 2025,,2025-10-01T11:51:40Z,PT2S,5,0,0,0
_j39mCqOIFk,UCYgEbnwSE1M_ciEJ8TWXN4g,MZ Kata,"Jgn Skip; HAKIM VONIS MATI FERDY SAMBO,Dicecar DPR😱🤔 #viral #trending #shorts",,2025-10-02T00:43:38Z,PT1M14S,538,2,0,0
qFx3AurrxIQ,UCGRlSREQj7d8wL0ReeXpotQ,Ferdy Sambo,3 Oktober 2025,,2025-10-03T03:17:58Z,PT14S,10,1,0,0
